1,174430,Gloomhaven
2,161936,Pandemic Legacy: Season 1
3,224517,Brass: Birmingham
4,167791,Terraforming Mars
5,233078,Twilight Imperium: Fourth Edition
6,291457,Gloomhaven: Jaws of the Lion
7,220308,Gaia Project
8,187645,Star Wars: Rebellion
9,182028,Through the Ages: A New Story of Civilization
10,115746,War of the Ring: Second Edition
11,162886,Spirit Island
12,193738,Great Western Trail
13,12333,Twilight Struggle
14,169786,Scythe
15,84876,The Castles of Burgundy
16,173346,7 Wonders Duel
17,167355,Nemesis
18,120677,Terra Mystica
19,124361,Concordia
20,28720,Brass: Lancashire
21,177736,A Feast for Odin
22,266192,Wingspan
23,316554,Dune: Imperium
24,205637,Arkham Horror: The Card Game
25,183394,Viticulture Essential Edition
26,164928,Orléans
27,237182,Root
28,96848,Mage Knight Board Game
29,199792,Everdell
30,3076,Puerto Rico
31,175914,Food Chain Magnate
32,102794,Caverna: The Cave Farmers
33,170216,Blood Rage
34,266507,Clank!: Legacy – Acquisitions Incorporated
35,31260,Agricola
36,276025,Maracaibo
37,285774,Marvel Champions: The Card Game
38,192135,Too Many Bones
39,221107,Pandemic Legacy: Season 2
40,205059,Mansions of Madness: Second Edition
41,312484,Lost Ruins of Arnak
42,284083,The Crew: The Quest for Planet Nine
43,251247,Barrage
44,247763,Underwater Cities
45,185343,Anachrony
46,246900,Eclipse: Second Dawn for the Galaxy
47,126163,Tzolk'in: The Mayan Calendar
48,2651,Power Grid
49,180263,The 7th Continent
50,55690,Kingdom Death: Monster
51,216132,Clans of Caledonia
52,209010,Mechs vs. Minions
53,164153,Star Wars: Imperial Assault
54,35677,Le Havre
55,256960,Pax Pamir: Second Edition
56,184267,On Mars
57,230802,Azul
58,125153,The Gallerist
59,72125,Eclipse
60,25613,Through the Ages: A Story of Civilization
61,161533,Lisboa
62,191189,Aeon's End
63,244521,The Quacks of Quedlinburg
64,124742,Android: Netrunner
65,521,Crokinole
66,159675,Fields of Arle
67,28143,Race for the Galaxy
68,266810,Paladins of the West Kingdom
69,121921,Robinson Crusoe: Adventures on the Cursed Island
70,201808,Clank!: A Deck-Building Adventure
71,171623,The Voyages of Marco Polo
72,229853,Teotihuacan: City of Gods
73,68448,7 Wonders
74,157354,Five Tribes
75,200680,Agricola (Revised Edition)
76,62219,Dominant Species
77,110327,Lords of Waterdeep
78,182874,Grand Austria Hotel
79,122515,Keyflower
80,264220,Tainted Grail: The Fall of Avalon
81,236457,Architects of the West Kingdom
82,93,El Grande
83,18602,Caylus
84,37111,Battlestar Galactica: The Board Game
85,12493,Twilight Imperium: Third Edition
86,73439,Troyes
87,40834,Dominion: Intrigue
88,146021,Eldritch Horror
89,172386,Mombasa
90,269385,The Lord of the Rings: Journeys in Middle-Earth
91,205896,Rising Sun
92,170042,Raiders of the North Sea
93,314040,Pandemic Legacy: Season 0
94,163412,Patchwork
95,144733,Russian Railroads
96,42,Tigris & Euphrates
97,203993,Lorenzo il Magnifico
98,281259,The Isle of Cats
99,102680,Trajan
100,225694,Decrypto
101,178900,Codenames
102,132531,Roll for the Galaxy
103,155821,Inis
104,36218,Dominion
105,30549,Pandemic
106,233371,Clank! In! Space!: A Deck-Building Adventure
107,2511,Sherlock Holmes Consulting Detective: The Thames Murders & Other Cases
108,172287,Champions of Midgard
109,196340,Yokohama
110,198928,Pandemic: Iberia
111,218417,Aeon's End: War Eternal
112,127023,Kemet
113,175155,Forbidden Stars
114,263918,Cartographers
115,175640,Vinhos Deluxe Edition
116,266524,PARKS
117,163068,Trickerion: Legends of Illusion
118,262712,Res Arcana
119,161970,Alchemists
120,103885,Star Wars: X-Wing Miniatures Game
121,146652,Legendary Encounters: An Alien Deck Building Game
122,233398,Endeavor: Age of Sail
123,147020,Star Realms
124,34635,Stone Age
125,4098,Age of Steam
126,253344,Cthulhu: Death May Die
127,118048,Targi
128,14996,Ticket to Ride: Europe
129,148949,Istanbul
130,271324,It's a Wonderful World
131,233867,Welcome To...
132,43015,Hansa Teutonica
133,274364,Watergate
134,104162,Descent: Journeys in the Dark (Second Edition)
135,244522,That's Pretty Clever!
136,9609,War of the Ring
137,77423,The Lord of the Rings: The Card Game
138,43111,Chaos in the Old World
139,284378,Kanban EV
140,287954,Azul: Summer Pavilion
141,150376,Dead of Winter: A Crossroads Game
142,82222,Xia: Legends of a Drift System
143,54043,Jaipur
144,220877,Rajas of the Ganges
145,17133,Railways of the World
146,128882,The Resistance: Avalon
147,10630,Memoir '44
148,217372,The Quest for El Dorado
149,254640,Just One
150,155426,Castles of Mad King Ludwig
151,221194,Dinosaur Island
152,70149,Ora et Labora
153,103343,A Game of Thrones: The Board Game (Second Edition)
154,283948,Marco Polo II: In the Service of the Khan
155,463,Magic: The Gathering
156,39463,Cosmic Encounter
157,188920,This War of Mine: The Board Game
158,282524,Horrified
159,199561,Sagrada
160,14105,Commands & Colors: Ancients
161,25021,Sekigahara: The Unification of Japan
162,123260,Suburbia
163,31627,Ticket to Ride: Nordic Countries
164,195421,Near and Far
165,223321,Detective: A Modern Crime Board Game
166,104006,Village
167,21050,Combat Commander: Europe
168,256916,Concordia Venus
169,171131,Captain Sonar
170,126042,Nations
171,239188,Chronicles of Crime
172,296151,Viscounts of the West Kingdom
173,91,Paths of Glory
174,265188,Glen More II: Chronicles
175,224037,Codenames: Duet
176,182631,Star Realms: Colony Wars
177,245638,Coimbra
178,283155,Calico
179,146508,T.I.M.E Stories
180,148228,Splendor
181,215,Tichu
182,188,Go
183,146886,La Granja
184,308765,Praga Caput Regni
185,189932,Tyrants of the Underdark
186,12,Ra
187,822,Carcassonne
188,9209,Ticket to Ride
189,317985,Beyond the Sun
190,194655,Santorini
191,176189,Zombicide: Black Plague
192,109276,Kanban: Driver's Edition
193,129437,Legendary: A Marvel Deck Building Game
194,54998,Cyclades
195,249259,War Chest
196,242302,Space Base
197,188834,Secret Hitler
198,9216,Goa
199,555,The Princes of Florence
200,7854,YINSH
201,156129,Deception: Murder in Hong Kong
202,192291,Sushi Go Party!
203,169426,Roll Player
204,232832,Century: Golem Edition
205,268864,Undaunted: Normandy
206,155068,Arcadia Quest
207,31481,Galaxy Trucker
208,128621,Viticulture
209,209418,Dominion (Second Edition)
210,27833,Steam
211,158600,Hanamikoji
212,20551,Shogun
213,199478,Flamme Rouge
214,198994,Hero Realms
215,176494,Isle of Skye: From Chieftain to King
216,421,1830: Railways & Robber Barons
217,27708,1960: The Making of the President
218,19857,Glory to Rome
219,140620,Lewis & Clark: The Expedition
220,118,Modern Art
221,228341,Pulsar 2849
222,283355,Dune
223,127060,Bora Bora
224,3,Samurai
225,155873,Power Grid Deluxe: Europe/North America
226,241451,Aeon's End: Legacy
227,306735,Under Falling Skies
228,108745,Seasons
229,204583,Kingdomino
230,24181,Imperial
231,92828,Dixit: Odyssey
232,269207,The Taverns of Tiefenthal
233,271055,Dwellings of Eldervale
234,318977,MicroMacro: Crime City
235,97207,Dungeon Petz
236,144344,Rococo
237,255984,Sleeping Gods
238,22545,Age of Empires III: The Age of Discovery
239,154203,Imperial Settlers
240,760,Battle Line
241,38453,Space Alert
242,181279,Fury of Dracula (Third/Fourth Edition)
243,286096,Tapestry
244,176734,The Manhattan Project: Energy Empire
245,271896,Star Wars: Outer Rim
246,232405,Western Legends
247,66589,Navegador
248,222509,Lords of Hellas
249,193037,Dead of Winter: The Long Night
250,224783,Vindication
251,279537,The Search for Planet X
252,93260,Summoner Wars: Master Set
253,19777,Indonesia
254,59294,Runewars
255,295947,Cascadia
256,2655,Hive
257,203420,Exit: The Game – The Abandoned Cabin
258,206718,Ethnos
259,235802,Too Many Bones: Undertow
260,48726,Alien Frontiers
261,165722,KLASK
262,160477,Onitama
263,54138,Imperial 2030
264,13122,Antiquity
265,146439,BattleLore: Second Edition
266,172081,Burgle Bros.
267,293014,Nidavellir
268,139976,Cthulhu Wars
269,234,Hannibal: Rome vs. Carthage
270,246784,Cryptid
271,187617,Nemo's War (Second Edition)
272,209685,Century: Spice Road
273,46213,Telestrations
274,231733,Obsession
275,274637,"Unmatched: Battle of Legends, Volume One"
276,40692,Small World
277,227789,Heaven & Ale
278,101721,Mage Wars Arena
279,140934,Arboretum
280,172818,Above and Below
281,136888,Bruges
282,54,Tikal
283,45315,Dungeon Lords
284,77130,Sid Meier's Civilization: The Board Game
285,163967,Tiny Epic Galaxies
286,181304,Mysterium
287,143693,Glass Road
288,295486,My City
289,59959,Letters from Whitechapel
290,5,Acquire
291,129622,Love Letter
292,25292,Merchants & Marauders
293,324856,The Crew: Mission Deep Sea
294,41114,The Resistance
295,21241,Neuroshima Hex! 3.0
296,37046,Ghost Stories
297,2653,Survive: Escape from Atlantis!
298,39856,Dixit
299,223040,Fantasy Realms
300,176920,Mission: Red Planet (Second Edition)
301,163745,Star Wars: Armada
302,70919,Takenoko
303,119890,Agricola: All Creatures Big and Small
304,257499,Arkham Horror (Third Edition)
305,219513,Bärenpark
306,234487,Altiplano
307,182134,Evolution: Climate
308,199042,Harry Potter: Hogwarts Battle
309,17392,Here I Stand
310,302723,Forgotten Waters
311,184921,Bunny Kingdom
312,192458,51st State: Master Set
313,172,For Sale
314,8217,San Juan
315,25554,Notre Dame
316,1,Die Macher
317,39683,At the Gates of Loyang
318,260605,Camel Up (Second Edition)
319,24480,The Pillars of the Earth
320,156546,Monikers
321,250458,Gùgōng
322,33160,Endeavor
323,90137,Blood Bowl: Team Manager – The Card Game
324,230253,Star Realms: Frontiers
325,50,Lost Cities
326,246192,Gizmos
327,9217,Saint Petersburg
328,186751,Mythic Battles: Pantheon
329,31594,In the Year of the Dragon
330,204305,Sherlock Holmes Consulting Detective: Jack the Ripper & West End Adventures
331,144592,Bruxelles 1893
332,234277,Nusfjord
333,170771,Sword & Sorcery
334,188866,Awkward Guests
335,21348,Ticket to Ride: Märklin
336,265736,Tiny Towns
337,256226,Azul: Stained Glass of Sintra
338,70323,King of Tokyo
339,63888,Innovation
340,36932,Claustrophobia
341,40765,Clash of Cultures
342,297030,Tekhenu: Obelisk of the Sun
343,154809,Nippon
344,300322,Hallertau
345,245934,Carpe Diem
346,121,Dune
347,71,Civilization
348,236191,London (Second Edition)
349,54625,Space Hulk (Third Edition)
350,243,Advanced Squad Leader
351,198773,Codenames: Pictures
352,166669,San Juan (Second Edition)
353,195539,The Godfather: Corleone's Empire
354,244711,Newton
355,155987,Abyss
356,40354,Maria
357,124708,Mice and Mystics
358,260428,Pandemic: Fall of Rome
359,300531,Paleo
360,194594,Dice Forge
361,161614,Stockpile
362,244271,Dice Throne: Season Two – Battle Chest
363,15987,Arkham Horror
364,63628,The Manhattan Project
365,128271,Ginkgopolis
366,66188,Fresco
367,55670,Macao
368,227224,The Red Cathedral
369,197376,Charterstone
370,215311,Downforce
371,138161,Firefly: The Game
372,269210,Twice as Clever!
373,229220,Santa Maria
374,294484,Unmatched: Cobble & Fog
375,47,Chinatown
376,270633,Aeon's End: The New Age
377,151347,Millennium Blades
378,215341,Thunderstone Quest
379,100901,Flash Point: Fire Rescue
380,15985,Blood Bowl: Living Rulebook
381,111341,The Great Zimbabwe
382,79828,A Few Acres of Snow
383,128671,Spartacus: A Game of Blood and Treachery
384,274960,Point Salad
385,304420,Bonfire
386,96913,Lancaster
387,66362,Glen More
388,176396,Quadropolis
389,34219,Biblios
390,27162,Kingsburg
391,11170,Heroscape Master Set: Rise of the Valkyrie
392,192153,Pandemic: Reign of Cthulhu
393,105134,Risk Legacy
394,18833,Lord of the Rings: The Confrontation
395,92415,Skull
396,150658,Pandemic: The Cure
397,270844,Imperial Settlers: Empires of the North
398,25417,BattleLore
399,137408,Amerigo
400,62222,Commands & Colors: Napoleonics
401,251658,Sprawlopolis
402,372,Schotten Totten
403,5404,Amun-Re
404,157969,Sheriff of Nottingham
405,150,PitchCar
406,146791,Shadows of Brimstone: City of the Ancients
407,128996,1775: Rebellion
408,17226,Descent: Journeys in the Dark
409,83330,Mansions of Madness
410,712,Blood Bowl (Third Edition)
411,194607,Mystic Vale
412,136063,Forbidden Desert
413,262543,Wavelength
414,177639,Raptor
415,123123,BattleCON: Devastation of Indines
416,62227,"Labyrinth: The War on Terror, 2001 – ?"
417,162082,Deus
418,95527,Madeira
419,245655,The King's Dilemma
420,158899,Colt Express
421,233312,Stuffed Fables
422,98778,Hanabi
423,285967,Ankh: Gods of Egypt
424,144189,Fire in the Lake
425,226522,Exit: The Game – Dead Man on the Orient Express
426,256730,Pipeline
427,13,Catan
428,478,Citadels
429,298047,Marvel United
430,15062,Shadows over Camelot
431,43570,Friday
432,20437,Lords of Vegas
433,65781,London
434,105551,Archipelago
435,127398,Legends of Andor
436,171,Chess
437,206941,First Class: All Aboard the Orient Express!
438,119506,Freedom: The Underground Railroad
439,191862,Imhotep
440,97786,Small World Underground
441,156858,Black Orchestra
442,133848,Euphoria: Build a Better Dystopia
443,193042,Junk Art
444,221965,The Fox in the Forest
445,240196,Betrayal Legacy
446,102652,Sentinels of the Multiverse
447,171668,The Grizzled
448,875,Roads & Boats
449,36553,Time's Up! Title Recall!
450,246684,Smartphone Inc.
451,205398,Citadels
452,144797,Argent: The Consortium
453,147949,One Night Ultimate Werewolf
454,58421,Egizia
455,328871,Terraforming Mars: Ares Expedition
456,125618,Libertalia
457,21790,Thurn and Taxis
458,202426,Sidereal Confluence
459,9674,Ingenious
460,180974,Potion Explosion
461,90419,Airlines Europe
462,264241,Mandala
463,142379,Escape Plan
464,163968,Elysium
465,232043,Queendomino
466,31999,TZAAR
467,232414,Oceans
468,11,Bohnanza
469,245654,Railroad Ink: Deep Blue Edition
470,12942,No Thanks!
471,42052,Vinhos
472,34119,Tales of the Arabian Nights
473,18,RoboRally
474,27173,Vikings
475,269144,Hadara
476,156009,Port Royal
477,262215,Blackout: Hong Kong
478,133473,Sushi Go!
479,181530,Runebound (Third Edition)
480,17405,1846: The Race for the Midwest
481,133038,Pathfinder Adventure Card Game: Rise of the Runelords – Base Set
482,192836,The Colonists
483,97842,Last Will
484,150145,Skull King
485,31730,Chicago Express
486,475,Taj Mahal
487,218603,Photosynthesis
488,128780,Pax Porfiriana
489,183251,Karuba
490,22827,StarCraft: The Board Game
491,91312,Discworld: Ankh-Morpork
492,27746,Colosseum
493,6249,Alhambra
494,183562,Star Wars: X-Wing Miniatures Game – The Force Awakens Core Set
495,141572,Paperback
496,15363,Nexus Ops
497,151022,Baseball Highlights: 2045
498,196326,Love Letter Premium
499,3685,Hammer of the Scots
500,291572,Oath: Chronicles of Empire and Exile
501,159508,AquaSphere
502,285192,Destinies
503,212445,Blood Bowl (2016 Edition)
504,2346,DVONN
505,262211,Cloudspire
506,155703,Evolution
507,39351,Automobile
508,84419,Space Empires: 4X
509,153938,Camel Up
510,257501,KeyForge: Call of the Archons
511,6472,A Game of Thrones
512,160010,Conan
513,140603,Francis Drake
514,39938,Carson City
515,169255,A Game of Thrones: The Card Game (Second Edition)
516,9625,Struggle of Empires
517,172308,Broom Service
518,42776,Gears of War: The Board Game
519,205359,Star Wars: Destiny
520,42215,Tobago
521,113924,Zombicide
522,503,Through the Desert
523,4390,Carcassonne: Hunters and Gatherers
524,28023,Jamaica
525,175095,Dawn of the Zeds (Third Edition)
526,143519,Quantum
527,117959,Las Vegas
528,256952,Zombie Kidz Evolution
529,252328,Star Wars: X-Wing (Second Edition)
530,170561,Valeria: Card Kingdoms
531,73171,Earth Reborn
532,119432,Snowdonia
533,131357,Coup
534,174785,Mare Nostrum: Empires
535,30869,Thebes
536,1513,The Republic of Rome
537,209778,Magic Maze
538,220,High Society
539,270673,Silver & Gold
540,121408,Trains
541,163166,One Night Ultimate Werewolf: Daybreak
542,216734,Dice Throne: Season One
543,301880,Raiders of Scythia
544,24508,Taluva
545,169427,Middara: Unintentional Malum – Act 1
546,10547,Betrayal at House on the Hill
547,58281,Summoner Wars
548,265402,In the Hall of the Mountain King
549,37904,Formula D
550,1353,Time's Up!
551,130960,Triumph & Tragedy: European Balance of Power 1936-1945
552,198953,Pax Renaissance
553,150997,Shadows of Brimstone: Swamps of Death
554,180511,Shakespeare
555,135219,The Battle of Five Armies
556,319966,The King Is Dead: Second Edition
557,111799,Cuba Libre
558,121288,Dixit: Journey
559,311193,Anno 1800
560,50750,Belfort
561,193949,Star Trek: Ascendancy
562,46,Medici
563,284435,Nova Luna
564,3201,Lord of the Rings: The Confrontation
565,116998,Thunderstone Advance: Towers of Ruin
566,21763,Mr. Jack
567,134726,Smash Up: Awesome Level 9000
568,224710,Zombicide: Green Horde
569,5782,Coloretto
570,269511,Cooper Island
571,13004,The Downfall of Pompeii
572,107529,Kingdom Builder
573,247367,"Air, Land & Sea"
574,70512,Luna
575,65532,Defenders of the Realm
576,264055,Draftosaurus
577,203416,Exit: The Game – The Pharaoh's Tomb
578,30380,Cuba
579,88,Torres
580,126792,Myrmes
581,155624,Specter Ops
582,113294,Escape: The Curse of the Temple
583,173064,Leaving Earth
584,20963,Fury of Dracula (Second Edition)
585,258210,Blitzkrieg!: World War Two in 20 Minutes
586,160495,ZhanGuo
587,171499,Cacao
588,277085,Love Letter
589,100423,Elder Sign
590,181521,Warhammer Quest: The Adventure Card Game
591,123540,Tokaido
592,213893,Yamataï
593,258036,Between Two Castles of Mad King Ludwig
594,162007,Steampunk Rally
595,699,HeroQuest
596,3307,Wallenstein
597,432,6 nimmt!
598,15364,Vegas Showdown
599,170624,Crusaders: Thy Will Be Done
600,146278,Tash-Kalar: Arena of Legends
601,9823,Advanced Squad Leader: Starter Kit #1
602,154825,Arkwright
603,168584,Love Letter: Batman
604,72321,The Networks
605,193558,The Oracle of Delphi
606,163839,Feudum
607,143741,BANG! The Dice Game
608,242574,Century: Eastern Wonders
609,290236,Canvas
610,274638,Unmatched: Robin Hood vs. Bigfoot
611,165401,Wir sind das Volk!
612,29603,D-Day at Omaha Beach
613,232219,Dragon Castle
614,153016,Telestrations: 12 Player Party Pack
615,266121,Unlock!: Heroic Adventures
616,2955,Mexica
617,68425,Eminent Domain
618,87890,Prêt-à-Porter
619,73761,K2
620,156336,Onirim (Second Edition)
621,586,Up Front
622,22345,Yspahan
623,167400,Ashes Reborn: Rise of the Phoenixborn
624,226320,My Little Scythe
625,179803,Arcadia Quest: Inferno
626,31563,Middle-Earth Quest
627,296912,Fort
628,55600,Shipyard
629,132018,Churchill
630,173442,Empires: Age of Discovery
631,248490,Atlantis Rising (Second Edition)
632,69789,Ascension: Deckbuilding Game
633,2163,Space Hulk
634,7717,Carcassonne: The Castle
635,36235,The Duke
636,214880,City of the Big Shoulders
637,298069,Cubitos
638,168435,Between Two Cities
639,242639,Treasure Island
640,192457,Cry Havoc
641,2398,Cribbage
642,270970,Century: A New World
643,137988,Zombicide Season 2: Prison Outbreak
644,190082,Whitehall Mystery
645,303057,Pan Am
646,256382,Disney Villainous
647,143515,Coal Baron
648,71721,Space Hulk: Death Angel – The Card Game
649,244228,Reef
650,483,Diplomacy
651,220520,Caverna: Cave vs Cave
652,43528,World Without End
653,183840,Oh My Goods!
654,241724,Villagers
655,201825,Ex Libris
656,233247,Civilization: A New Dawn
657,47185,Warhammer: Invasion
658,245961,Fleet: The Dice Game
659,135779,A Fake Artist Goes to New York
660,156943,Saint Petersburg (Second Edition)
661,79127,Star Trek: Fleet Captains
662,20100,Wits & Wagers
663,200147,Kanagawa
664,314491,Meadow
665,244115,Shards of Infinity
666,26997,1989: Dawn of Freedom
667,239942,Black Rose Wars
668,160499,King of New York
669,249381,The Estates
670,162286,Super Motherload
671,231581,AuZtralia
672,158889,Summoner Wars: Alliances Master Set
673,169654,Deep Sea Adventure
674,203417,Exit: The Game – The Secret Lab
675,21882,Blue Moon City
676,38996,Washington's War
677,255692,New Frontiers
678,110277,Among the Stars
679,170416,Vast: The Crystal Caverns
680,131287,Panamax
681,91872,Dungeons & Dragons: The Legend of Drizzt Board Game
682,40628,Finca
683,2453,Blokus
684,316377,7 Wonders (Second Edition)
685,230244,Black Angel
686,297562,Kemet: Blood and Sand
687,1035,Squad Leader
688,41002,Vasco da Gama
689,244992,The Mind
690,30957,Tribune: Primus Inter Pares
691,171273,FUSE
692,271518,Disney Villainous: Wicked to the Core
693,28181,Combat Commander: Pacific
694,24800,Conflict of Heroes: Awakening the Bear! – Russia 1941-42
695,117915,Yedo
696,177590,13 Days: The Cuban Missile Crisis
697,12002,Jambo
698,181687,The Pursuit of Happiness
699,163602,XCOM: The Board Game
700,18098,Napoleon's Triumph
701,148575,Marvel Dice Masters: Avengers vs. X-Men
702,204516,878 Vikings: Invasions of England
703,156566,Lords of Xidit
704,179275,One Deck Dungeon
705,191051,Outlive
706,214887,CO₂: Second Chance
707,158435,Dogs of War
708,12962,Reef Encounter
709,166384,Spyfall
710,206480,Imperial Struggle
711,197443,Fugitive
712,194879,Not Alone
713,218333,Rhino Hero: Super Battle
714,251678,Railroad Ink: Blazing Red Edition
715,216600,Fantastic Factories
716,161417,Red7
717,528,ZÈRTZ
718,113997,Tajemnicze Domostwo
719,145659,Scoville
720,51,Ricochet Robots
721,45,Perudo
722,281442,Trismegistus: The Ultimate Formula
723,280480,Crystal Palace
724,12891,Friedrich
725,198830,"Heroes of Land, Air & Sea"
726,35570,Tinners' Trail
727,224597,Warhammer Underworlds: Shadespire
728,137269,Spyrium
729,103886,Star Wars: The Card Game
730,94,Union Pacific
731,12902,Carcassonne: The City
732,256570,Crown of Emara
733,119788,Hyperborea
734,202670,Ticket to Ride: Rails & Sails
735,11825,Empire of the Sun
736,217780,Gentes
737,139898,Brew Crafters
738,552,Bus
739,304783,Hadrian's Wall
740,155362,Ca$h 'n Guns (Second Edition)
741,175117,Celestia
742,252153,Tang Garden
743,284742,Honey Buzz
744,82421,Summoner Wars: Phoenix Elves vs Tundra Orcs
745,156689,Legendary: A Marvel Deck Building Game – Villains
746,53953,Thunderstone
747,41066,Virgin Queen
748,15512,Diamant
749,176165,Dale of Merchants
750,284760,Disney Villainous: Evil Comes Prepared
751,234671,Pandemic: Rising Tide
752,266830,Q.E.
753,41,Can't Stop
754,1041,San Marco
755,132028,Conflict of Heroes: Awakening the Bear! – Operation Barbarossa 1941 (Second Edition)
756,179172,Unfair
757,8125,Santiago
758,129948,The Palaces of Carrara
759,154458,Akrotiri
760,26566,Homesteaders
761,29368,Last Night on Earth: The Zombie Game
762,195137,Catacombs (Third Edition)
763,26990,Container
764,122298,Morels
765,177678,Signorie
766,16747,Tumblin-Dice
767,91514,Rhino Hero
768,65244,Forbidden Island
769,30645,Tammany Hall
770,1345,Genoa
771,2181,Bridge
772,37380,Roll Through the Ages: The Bronze Age
773,9440,Maharaja: The Game of Palace Building in India
774,151004,Smash Up: Science Fiction Double Feature
775,82420,Summoner Wars: Guild Dwarves vs Cave Goblins
776,98229,Pictomania
777,180593,The Bloody Inn
778,223953,Kitchen Rush
779,318084,Furnace
780,283393,Aquatica
781,65901,Age of Industry
782,13642,Louis XIV
783,218121,Dice Hospital
784,306040,Merv: The Heart of the Silk Road
785,1465,Wizard
786,27976,Heroscape Master Set: Swarm of the Marro
787,148319,Tragedy Looper
788,244114,Yellow & Yangtze
789,491,Web of Power
790,283863,The Magnificent
791,195560,Wasteland Express Delivery Service
792,108906,Thunder Alley
793,239464,Palm Island
794,98351,Core Worlds
795,227460,Hannibal & Hamilcar
796,172047,The Others
797,66356,Dungeons & Dragons: Wrath of Ashardalon Board Game
798,108784,Ascension: Storm of Souls
799,202408,Adrenaline
800,216459,The Lost Expedition
801,160851,Lanterns: The Harvest Festival
802,240,Britannia
803,220517,The Shipwreck Arcana
804,244608,Menara
805,234477,Battle for Rokugan
806,191977,The Castles of Burgundy: The Card Game
807,106217,Hawaii
808,218479,Cerebria: The Inside World
809,52461,Legacy: The Testament of Duke de Crecy
810,904,Dream Factory
811,204472,Sub Terra
812,2093,Mahjong
813,201921,Tiny Epic Quest
814,207243,The City of Kings
815,8051,Attika
816,131260,Qwixx
817,272738,Jaws
818,283864,Trails of Tucana
819,27588,Zooloretto
820,147151,Concept
821,59946,Dungeons & Dragons: Castle Ravenloft Board Game
822,169124,Flick 'em Up!
823,38054,Snow Tails
824,203427,Fabled Fruit
825,318184,Imperium: Classics
826,207830,5-Minute Dungeon
827,95064,Ascension: Return of the Fallen
828,275467,Letter Jam
829,56692,Parade
830,125678,DC Comics Deck-Building Game
831,219215,Werewords
832,193214,Meeple Circus
833,279613,Unlock!: Timeless Adventures
834,554,La Città
835,171669,Discoveries: The Journals of Lewis & Clark
836,19600,Antike
837,174570,Legendary Encounters: A Predator Deck Building Game
838,212402,The Grimm Forest
839,154086,Gold West
840,69779,Polis: Fight for the Hegemony
841,158275,Marvel Dice Masters: Uncanny X-Men
842,238992,Call to Adventure
843,214029,SpaceCorp: 2025-2300AD
844,25669,Qwirkle
845,939,Star Wars: The Queen's Gambit
846,235488,Istanbul: The Dice Game
847,197405,Tak
848,66505,The Speicherstadt
849,180680,Automobiles
850,244331,Blue Lagoon
851,72287,Mr. Jack Pocket
852,224,History of the World
853,165838,Space Hulk (Fourth Edition)
854,161866,Zombicide Season 3: Rue Morgue
855,248065,Zombicide: Invader
856,290359,Undaunted: North Africa
857,168917,Smash Up: Pretty Pretty Smash Up
858,242804,Lowlands
859,131646,Merchant of Venus (Second Edition)
860,200077,Mint Works
861,300300,Chronicles of Crime: 1400
862,198740,Lovecraft Letter
863,207691,Railroad Revolution
864,178336,World's Fair 1893
865,72225,CO₂
866,218074,Detective: City of Angels
867,245643,Luxor
868,204027,Cottage Garden
869,210296,DinoGenics
870,15817,Manila
871,182340,Star Trek: Frontiers
872,260180,Project L
873,291794,Dice Throne: Season One ReRolled
874,150999,Valley of the Kings
875,85897,Thunderstone: Dragonspire
876,285984,Last Bastion
877,157403,Black Fleet
878,329465,Red Rising
879,230080,Majesty: For the Realm
880,300877,New York Zoo
881,66056,Rivals for Catan
882,156776,"Warhammer 40,000: Conquest"
883,104710,Wiz-War (Eighth Edition)
884,112,Condottiere
885,254386,Raccoon Tycoon
886,89409,BattleCON: War of Indines
887,322708,Descent: Legends of the Dark
888,160018,Smash Up: Monster Smash
889,75449,Firenze
890,196526,Coffee Roaster
891,200954,Fields of Green
892,104363,Rex: Final Days of an Empire
893,185589,Islebound
894,1382,Winner's Circle
895,199966,Kingsburg (Second Edition)
896,157809,Nations: The Dice Game
897,253284,Ticket to Ride: New York
898,127518,A Distant Plain
899,141517,A Study in Emerald
900,1301,Netrunner
901,22825,Tide of Iron
902,164949,"Time of Crisis: The Roman Empire in Turmoil, 235-284 AD"
903,227515,Riverboat
904,171233,The Big Book of Madness
905,198454,When I Dream
906,256999,Project: ELITE
907,195314,Herbaceous
908,45986,Stronghold
909,8203,"Hey, That's My Fish!"
910,60,Vinci
911,177524,ICECOOL
912,217449,NMBR 9
913,222514,Batman: Gotham City Chronicles
914,6830,Zendo
915,229892,Container: 10th Anniversary Jumbo Edition!
916,136991,Loony Quest
917,1822,Wilderness War
918,130176,Tales & Games: The Hare & the Tortoise
919,218509,Empires of the Void II
920,191231,Via Nebula
921,264052,Circadians: First Light
922,163154,Falling Sky: The Gallic Revolt Against Caesar
923,25568,Metropolys
924,40793,Dice Town
925,228504,Cat Lady
926,55427,Mr. Jack in New York
927,35497,Fauna
928,823,The Lord of the Rings
929,97903,Terror in Meeple City
930,244654,Wildlands
931,298065,Santa Monica
932,267319,Roam
933,35052,Axis & Allies Anniversary Edition
934,135382,Shadowrun: Crossfire
935,122522,Smash Up
936,217861,Paper Tales
937,159473,Quartermaster General
938,18100,China
939,197070,Massive Darkness
940,91536,Quarriors!
941,301255,Whistle Mountain
942,551,Battle Cry
943,67492,Battles of Westeros
944,221,Ikusa
945,21523,Runebound: Second Edition
946,153065,Linko!
947,194880,Dream Home
948,284818,Caylus 1303
949,242684,Reavers of Midgard
950,23540,Shikoku 1889
951,161882,Irish Gauge
952,1608,Ambush!
953,142326,Eight-Minute Empire: Legends
954,134352,Two Rooms and a Boom
955,152162,Diamonds: Second Edition
956,223750,Hardback
957,276498,Paris: La Cité de la Lumière
958,71671,Yggdrasil
959,164265,Witness
960,68264,No Retreat! The Russian Front
961,5737,Domaine
962,94246,1812: The Invasion of Canada
963,1634,Warhammer Quest
964,191300,Archaeology: The New Expedition
965,229265,Wendake
966,182694,Watson & Holmes
967,156091,Sons of Anarchy: Men of Mayhem
968,146312,Ghost Fightin' Treasure Hunters
969,273330,Bloodborne: The Board Game
970,272739,Clinic: Deluxe Edition
971,16992,Tsuro
972,145639,Coconuts
973,207336,Honshū
974,17329,Animal Upon Animal
975,216092,Unlock!: Escape Adventures – Squeek & Sausage
976,8045,Princes of the Renaissance
977,183571,Deep Space D-6
978,184151,Legend of the Five Rings: The Card Game
979,24068,Shadow Hunters
980,137649,Level 7 [Omega Protocol]
981,299047,Disney Villainous: Perfectly Wretched
982,176371,Explorers of the North Sea
983,833,For the People
984,95103,Fortune and Glory: The Cliffhanger Game
985,176544,Automania
986,256788,Detective Club
987,221318,Whistle Stop
988,228328,Rurik: Dawn of Kiev
989,27364,Caylus Magna Carta
990,279254,Ecos: First Continent
991,175199,Mottainai
992,124,Primordial Soup
993,327,Loopin' Louie
994,163642,Chimera Station
995,44163,Power Grid: Factory Manager
996,37628,Haggis
997,230933,Merlin
998,91080,Andean Abyss
999,121410,Steam Park
1000,104020,Vanuatu
1001,37836,"Julius Caesar: Caesar, Pompey, and the Roman Civil War"
1002,17396,Manoeuvre
1003,208024,The Reckoners
1004,231218,Black Sonata
1005,681,Quarto
1006,183880,Risk: Star Wars Edition
1007,270971,Era: Medieval Age
1008,187377,Vikings Gone Wild
1009,34084,Witch's Brew
1010,11971,Cockroach Poker
1011,195162,Plague Inc.: The Board Game
1012,247236,Duelosaur Island
1013,278,Catan Card Game
1014,241266,Little Town
1015,151007,Pathfinder Adventure Card Game: Skull & Shackles – Base Set
1016,181796,The Prodigals Club
1017,234669,Legacy of Dragonholt
1018,257518,Claustrophobia 1643
1019,239472,Abomination: The Heir of Frankenstein
1020,205597,Jump Drive
1021,175324,Fog of Love
1022,154246,La Isla
1023,140933,Blueprints
1024,8989,Hansa
1025,206931,Encore!
1026,276894,Ticket to Ride: London
1027,244049,Forum Trajanum
1028,256589,Rallyman: GT
1029,121297,Fleet
1030,204836,Escape Room: The Game
1031,206051,Insider
1032,171879,Kraftwagen
1033,266164,Babylonia
1034,143884,Machi Koro
1035,141423,Dead Men Tell No Tales
1036,253499,A War of Whispers
1037,50768,Ninjato
1038,245487,Orchard: A 9 card solitaire game
1039,233262,Tidal Blades: Heroes of the Reef
1040,284777,Unmatched: Jurassic Park – InGen vs Raptors
1041,270314,Ohanami
1042,172931,Outfoxed!
1043,261114,Men at Work
1044,91873,Strasbourg
1045,42910,Peloponnes
1046,13823,Fairy Tale
1047,30381,Hamburgum
1048,145371,Three Kingdoms Redux
1049,230085,Agra
1050,291508,Tiny Epic Dinosaurs
1051,105,Colossal Arena
1052,123955,Thunderbolt Apache Leader
1053,137297,Rise of Augustus
1054,152470,Fief: France 1429
1055,226520,Exit: The Game – The Sinister Mansion
1056,22141,Cleopatra and the Society of Architects
1057,147303,Carcassonne: South Seas
1058,157001,Trains: Rising Sun
1059,174660,New York 1901
1060,527,GIPF
1061,128721,Crisis
1062,38159,Ultimate Werewolf: Ultimate Edition
1063,354,Stick 'Em
1064,164338,The Golden Ages
1065,82168,Escape from the Aliens in Outer Space
1066,19100,Hacienda
1067,173090,The Game
1068,126100,Mythos Tales
1069,173101,Council of 4
1070,218421,Street Masters
1071,35815,A Touch of Evil: The Supernatural Game
1072,177802,Smash Up: It's Your Fault!
1073,18258,Mission: Red Planet
1074,16395,Blokus Duo
1075,294612,Unlock!: Epic Adventures
1076,244536,Tiny Epic Zombies
1077,104347,Santiago de Cuba
1078,232918,Fallout
1079,25643,Arkadia
1080,280794,Etherfields
1081,271869,Sushi Roll
1082,180899,Ponzi Scheme
1083,4099,Keythedral
1084,202583,Rise of Tribes
1085,855,Java
1086,177478,IKI
1087,23094,Planet Steam
1088,293296,Splendor: Marvel
1089,1115,Poker
1090,154386,Medieval Academy
1091,39953,A Game of Thrones: The Card Game
1092,102548,Dungeon Fighter
1093,230,Merchant of Venus
1094,2507,Liberté
1095,113873,"The Hunters: German U-Boats at War, 1939-43"
1096,165872,Liberty or Death: The American Insurrection
1097,57390,Catacombs
1098,43443,Castle Panic
1099,132372,Guildhall
1100,38823,Conflict of Heroes: Storms of Steel! – Kursk 1943
1101,160610,Thunderbirds
1102,25821,The Werewolves of Miller's Hollow
1103,12995,Dungeon Twister
1104,131014,Carcassonne: Winter Edition
1105,213266,Circle the Wagons
1106,157526,Viceroy
1107,60435,Rallyman
1108,42452,Rattus
1109,191876,Ulm
1110,251412,On Tour
1111,1540,BattleTech
1112,223855,Sentient
1113,245476,CuBirds
1114,1159,Evo
1115,134253,Hostage Negotiator
1116,111124,Dark Moon
1117,10,Elfenland
1118,1261,Medina
1119,119591,Rialto
1120,165986,Royals
1121,143405,Sylvion
1122,238638,Castell
1123,273477,Obscurio
1124,306481,Tawantinsuyu: The Inca Empire
1125,300327,The Castles of Tuscany
1126,226518,Exit: The Game – The Sunken Treasure
1127,159504,Folklore: The Affliction
1128,16986,Ubongo
1129,85256,Timeline: Inventions
1130,53093,Heroes of Normandie
1131,192074,Odin's Ravens (Second Edition)
1132,41916,The Magic Labyrinth
1133,281466,Yedo: Deluxe Master Set
1134,12495,Fire & Axe: A Viking Saga
1135,228660,Betrayal at Baldur's Gate
1136,233020,Fireball Island: The Curse of Vul-Kar
1137,61692,Axis & Allies Europe 1940
1138,30618,Eat Poop You Cat
1139,149155,Dead Man's Draw
1140,15126,Advanced Squad Leader: Starter Kit #2
1141,219100,UBOOT: The Board Game
1142,299960,Alma Mater
1143,262941,Dominant Species: Marine
1144,826,Cartagena
1145,272453,KeyForge: Age of Ascension
1146,105037,Tournay
1147,103,Titan
1148,9203,Wings of War: Famous Aces
1149,205716,New Angeles
1150,191597,Dale of Merchants 2
1151,129736,Cockroach Poker Royal
1152,9220,Saboteur
1153,233571,Star Wars: Legion
1154,184424,Mega Civilization
1155,228855,Set a Watch
1156,215841,Exit: The Game – The Forgotten Island
1157,188547,Maximum Apocalypse
1158,180040,Villages of Valeria
1159,256606,Spirits of the Wild
1160,2338,Starship Catan
1161,159503,The Captain Is Dead
1162,277700,Merchants Cove
1163,117985,Star Trek: Catan
1164,212516,Keyper
1165,83195,Ghost Blitz
1166,183006,Qwinto
1167,134453,The Little Prince: Make Me a Planet
1168,21441,Mykerinos
1169,216091,Unlock!: Escape Adventures – The Formula
1170,269595,Copenhagen
1171,2842,TransAmerica
1172,243759,Hellboy: The Board Game
1173,106,Mystery Rummy: Jack the Ripper
1174,7805,Fearsome Floors
1175,63268,Spot it!
1176,10640,Doom: The Boardgame
1177,159109,XenoShyft: Onslaught
1178,1897,The Starfarers of Catan
1179,172385,Porta Nigra
1180,39684,Merkator
1181,233961,Claim
1182,33604,Say Anything
1183,150312,Welcome to the Dungeon
1184,206803,Warsaw: City of Ruins
1185,297978,Mariposas
1186,166226,The Staufer Dynasty
1187,163413,Murano
1188,72991,Asara
1189,224821,One Deck Dungeon: Forest of Shadows
1190,15,Cosmic Encounter
1191,217085,Unearth
1192,127024,Room 25
1193,196202,Rum & Bones: Second Tide
1194,394,Kahuna
1195,142992,Gravwell: Escape from the 9th Dimension
1196,148729,Maquis
1197,215842,Exit: The Game – The Polar Station
1198,179460,Stronghold: 2nd edition
1199,253214,Escape Tales: The Awakening
1200,232988,The Castles of Burgundy: The Dice Game
1201,878,Wyatt Earp
1202,202077,Deep Madness
1203,179572,Dice City
1204,29934,Amyitis
1205,37919,Ascending Empires
1206,22038,Warrior Knights
1207,98527,Gloom of Kilforth: A Fantasy Quest Game
1208,19999,Aton
1209,199,Manhattan
1210,175223,Valley of the Kings: Afterlife
1211,167513,Barony
1212,254591,Heroes of Terrinoth
1213,229491,Edge of Darkness
1214,253608,18Chesapeake
1215,138431,Galaxy Defenders
1216,205418,Agricola: Family Edition
1217,142852,DC Comics Deck-Building Game: Heroes Unite
1218,66837,1862: Railway Mania in the Eastern Counties
1219,5716,Balloon Cup
1220,113401,Timeline: Events
1221,139030,Mascarade
1222,3284,Star Wars: Epic Duels
1223,75165,De Vulgari Eloquentia
1224,176229,Tides of Time
1225,296237,Warp's Edge
1226,116,Guillotine
1227,9446,Blue Moon
1228,94362,Rune Age
1229,332800,Summoner Wars (Second Edition)
1230,1231,Bausack
1231,194690,Viral
1232,129051,Le Havre: The Inland Port
1233,902,Meuterer
1234,200057,Pioneer Days
1235,204505,Museum
1236,276042,Conspiracy: Abyss Universe
1237,301767,Mysterium Park
1238,2122,Vampire: The Eternal Struggle
1239,252526,Pictomania (Second Edition)
1240,120523,Nothing Personal
1241,19237,Ca$h 'n Gun$
1242,16496,Roma
1243,264982,Coloma
1244,66,Löwenherz
1245,318553,Rajas of the Ganges: The Dice Charmers
1246,316546,Clever Cubed
1247,42487,Lost Cities: The Board Game
1248,167270,Medina (Second Edition)
1249,492,Aladdin's Dragons
1250,246663,NEOM
1251,109125,Wallenstein (Second Edition)
1252,286751,Zombicide: 2nd Edition
1253,1403,Turn the Tide
1254,20542,Advanced Squad Leader: Starter Kit #3
1255,169794,Haspelknecht
1256,181810,Kodama: The Tree Spirits
1257,244918,Exit: The Game – The Mysterious Museum
1258,223770,Startups
1259,3072,Necromunda
1260,163474,V-Sabotage
1261,196,Kremlin
1262,287084,Oriflamme
1263,6411,Blokus 3D
1264,101785,D-Day Dice
1265,199383,Calimala
1266,55829,Axis & Allies Pacific 1940
1267,43022,Yomi
1268,272533,Kingdom Rush: Rift in Time
1269,624,Quoridor
1270,71836,Onirim
1271,245422,Werewords Deluxe Edition
1272,244191,Naga Raja
1273,24417,Factory Fun
1274,191894,Imagine
1275,144041,Patchistory
1276,172220,Dungeons & Dragons: Temple of Elemental Evil Board Game
1277,22877,Fields of Fire
1278,255674,Imhotep: The Duel
1279,166857,Antike II
1280,15818,Pickomino
1281,481,Carolus Magnus
1282,148943,Coup: Rebellion G54
1283,257769,Walking in Burano
1284,94104,Omen: A Reign of War
1285,195544,Tides of Madness
1286,242722,Here I Stand: 500th Anniversary Edition
1287,47055,High Frontier
1288,1915,Middle-earth
1289,254018,Solenia
1290,216201,Robo Rally
1291,18745,Sun Tzu
1292,131325,Timeline: General Interest
1293,594,Sleuth
1294,7480,Sword of Rome
1295,24827,Traders of Osaka
1296,231484,Carnival of Monsters
1297,21550,Blokus Trigon
1298,165950,Beasty Bar
1299,423,1856: Railroading in Upper Canada from 1856
1300,299169,Spicy
1301,13780,In the Shadow of the Emperor
1302,227456,Escape the Dark Castle
1303,194626,Happy Salmon
1304,166571,Tramways
1305,172381,My Village
1306,309630,Small World of Warcraft
1307,318182,Imperium: Legends
1308,281655,High Frontier 4 All
1309,226501,Dragonfire
1310,125548,Pixel Tactics
1311,205317,DOOM: The Board Game
1312,438,Scotland Yard
1313,204,Stephenson's Rocket
1314,122294,Ascension: Immortal Heroes
1315,106662,Power Grid: The First Sparks
1316,131366,Eight-Minute Empire
1317,146910,Wildcatters
1318,156714,Doomtown: Reloaded
1319,13884,The Scepter of Zavandor
1320,271088,Ishtar: Gardens of Babylon
1321,288169,The Fox in the Forest Duet
1322,170604,Renegade
1323,38862,Giants
1324,282954,Paris
1325,151771,La Cosa Nostra
1326,57925,Havana
1327,293889,Fallout Shelter: The Board Game
1328,223740,Bargain Quest
1329,2397,Backgammon
1330,152,Mü & More
1331,168,Empire Builder
1332,3955,BANG!
1333,242,Junta
1334,58936,Wars of the Roses: Lancaster vs. York
1335,181524,Masmorra: Dungeons of Arcadia
1336,193308,Spyfall 2
1337,201,The Rose King
1338,143175,Kashgar: Merchants of the Silk Road
1339,115,I'm the Boss!
1340,34194,Aquaretto
1341,1568,Space Crusade
1342,225244,Ticket to Ride: Germany
1343,92319,Olympos
1344,38343,Ad Astra
1345,244995,Illusion
1346,131111,Codex: Card-Time Strategy – Deluxe Set
1347,171662,Neanderthal
1348,22484,Ingenious: Travel Edition
1349,143986,CV
1350,22,Magic Realm
1351,310873,Carnegie
1352,61487,Unconditional Surrender! World War 2 in Europe
1353,3228,Pueblo
1354,96007,The New Era
1355,40270,Call of Cthulhu: The Card Game
1356,26,Age of Renaissance
1357,2081,The Civil War 1861-1865
1358,254713,The Artemis Project
1359,272682,Expedition to Newdale
1360,41933,Arctic Scavengers
1361,252929,Planet
1362,246761,Cahoots
1363,192860,Oceanos
1364,255675,Exit: The Game – The Catacombs of Horror
1365,116954,Indigo
1366,103185,Walnut Grove
1367,38863,Hab & Gut
1368,302388,Back to the Future: Back in Time
1369,1829,Risk 2210 A.D.
1370,283294,Yukon Airways
1371,123607,Puzzle Strike (Third Edition)
1372,34297,The Climbers
1373,2065,Shogi
1374,149776,Fireteam Zero
1375,148951,Tiny Epic Kingdoms
1376,176083,Hit Z Road
1377,2987,Pirate's Cove
1378,34887,Revolution!
1379,264198,Warhammer Quest: Blackstone Fortress
1380,195043,Welcome Back to the Dungeon
1381,5206,Ogre
1382,281194,Flick of Faith
1383,1499,World in Flames
1384,215840,Exit: The Game – The Forbidden Castle
1385,30658,Rise of Empires
1386,230267,Dice Settlers
1387,55697,Power Struggle
1388,233678,Indian Summer
1389,257614,Tussie Mussie
1390,102435,Navajo Wars
1391,245354,Unlock!: Secret Adventures – The Adventurers of Oz
1392,3800,Himalaya
1393,240855,Lockup: A Roll Player Tale
1394,12761,Ys
1395,195856,Bloodborne: The Card Game
1396,306881,Railroad Ink Challenge: Lush Green Edition
1397,195571,Legendary Encounters: A Firefly Deck Building Game
1398,39339,Android
1399,119,Kingdoms
1400,248158,Thanos Rising: Avengers Infinity War
1401,26457,Successors (Third Edition)
1402,123499,City of Iron
1403,223931,Sherlock Holmes Consulting Detective: Carlton House & Queen's Park
1404,246200,Piepmatz
1405,178054,A Study in Emerald (Second Edition)
1406,218530,Tortuga 1667
1407,31497,Oregon
1408,619,The Bottle Imp
1409,157917,The Lord of the Ice Garden
1410,24773,On the Underground
1411,40209,RAF: The Battle of Britain 1940
1412,915,Mystery of the Abbey
1413,88827,Battle Cry: 150th Civil War Anniversary Edition
1414,168609,"Artifacts, Inc."
1415,307305,Bullet♥︎
1416,33451,The Red Dragon Inn 2
1417,1544,Beyond Balderdash
1418,701,A House Divided: War Between the States 1861-65
1419,230303,Unlock!: Mystery Adventures – The House on the Hill
1420,10093,Axis & Allies
1421,187700,GKR: Heavy Hitters
1422,6351,Gulo Gulo
1423,14254,PitchCar Mini
1424,158900,Samurai Spirit
1425,194517,Super Fantasy Brawl
1426,267127,Aerion
1427,147253,The Ancient World
1428,149951,Warfighter: The Tactical Special Forces Card Game
1429,73369,51st State
1430,281946,Aftermath
1431,302524,Super-Skill Pinball: 4-Cade
1432,230889,Aristeia!
1433,283317,The 7th Continent: Classic Edition
1434,99975,Timeline: Discoveries
1435,929,The Great Dalmuti
1436,163805,Transatlantic
1437,254,Empires in Arms
1438,205046,Capital Lux
1439,3565,Mordheim: City of the Damned
1440,90040,Pergamon: Second Edition
1441,222542,Otys
1442,258444,Gingerbread House
1443,21920,Leonardo da Vinci
1444,299317,Aeon's End: Outcasts
1445,142079,Space Cadets: Dice Duel
1446,111417,The Great Heartland Hauling Co.
1447,494,Ave Caesar
1448,29223,Marrakech
1449,272380,SHŌBU
1450,17223,World of Warcraft: The Boardgame
1451,138649,DC Comics Dice Masters: Justice League
1452,29937,König von Siam
1453,21133,Infinity
1454,208895,New York Slice
1455,138233,Ascension: Rise of Vigil
1456,318983,Faiyum
1457,157413,New Bedford
1458,8098,Jungle Speed
1459,139771,Star Trek: Attack Wing
1460,200853,Habitats
1461,244916,Drop It
1462,146221,Forge War
1463,175307,Love Letter: Adventure Time
1464,103092,Helvetia
1465,107255,Evo (Second Edition)
1466,257527,Trapwords
1467,172996,The King Is Dead
1468,19622,A Victory Lost: Crisis in Ukraine 1942-1943
1469,165948,Mangrovia
1470,1198,SET
1471,143185,Smash Up: The Obligatory Cthulhu Set
1472,112138,Krosmaster: Arena
1473,232595,Skulk Hollow
1474,171726,Project: ELITE
1475,35435,Nefertiti
1476,193728,Pendragon: The Fall of Roman Britain
1477,361,Hare & Tortoise
1478,122842,Exodus: Proxima Centauri
1479,267813,Adventure Games: The Dungeon
1480,160902,Dungeons & Dragons Dice Masters: Battle for Faerûn
1481,223215,Flip Ships
1482,43868,The Adventurers: The Temple of Chac
1483,316858,CloudAge
1484,136280,La Boca
1485,38545,Kamisado
1486,70,Big City
1487,183231,Adventure Land
1488,986,Babel
1489,37387,Steel Driver
1490,63170,1817
1491,145189,Timeline: Music & Cinema
1492,237,Wooden Ships & Iron Men
1493,273703,Altar Quest
1494,98,Axis & Allies
1495,175293,Trambahn
1496,249746,Nanty Narking
1497,22348,Duplik
1498,221769,Bios: Megafauna (Second Edition)
1499,171011,Favor of the Pharaoh
1500,206940,Carcassonne: Amazonas
1501,198487,Smash Up: Cease and Desist
1502,259298,The Ancient World (Second Edition)
1503,730,Breakout: Normandy
1504,180592,Steam Time
1505,211716,John Company
1506,157096,Historia
1507,104955,Antike Duellum
1508,304285,Infinity Gauntlet: A Love Letter Game
1509,8129,Sluff Off!
1510,2251,Strat-O-Matic Baseball
1511,2393,Xiangqi
1512,123239,Wits & Wagers Party
1513,123570,Strike
1514,6205,Europe Engulfed: WWII European Theatre Block Game
1515,13308,Niagara
1516,235014,Sorcerer City
1517,206915,Tempel des Schreckens
1518,214396,Campy Creatures
1519,15511,Fjords
1520,230305,Unlock!: Mystery Adventures – The Tonipal's Treasure
1521,2808,The Russian Campaign
1522,32125,Felicity: The Cat in the Sack
1523,37907,Diamonds Club
1524,91984,Québec
1525,252446,Key Flow
1526,205610,A Game of Thrones: Hand of the King
1527,271319,Las Vegas Royale
1528,1662,"Napoléon: The Waterloo Campaign, 1815"
1529,113636,Edo
1530,38386,A Castle for All Seasons
1531,169611,Love Letter: The Hobbit – The Battle of the Five Armies
1532,182189,Treasure Hunter
1533,71074,Expedition: Northwest Passage
1534,155255,Pax Pamir
1535,54137,Battle Sheep
1536,1887,Legend of the Five Rings
1537,4636,Clans
1538,144529,Theseus: The Dark Orbit
1539,41010,Carcassonne Junior
1540,4396,Odin's Ravens
1541,24310,The Red Dragon Inn
1542,38765,Ground Floor
1543,217398,Path of Light and Shadow
1544,340466,Unfathomable
1545,38992,Royal Palace
1546,37358,Founding Fathers
1547,268620,Similo
1548,220792,The Expanse Board Game
1549,218804,Imaginarium
1550,35503,Ra: The Dice Game
1551,24742,Cold War: CIA vs KGB
1552,57660,Time's Up! Edición Azul
1553,46396,Ubongo 3D
1554,210232,Dungeon Degenerates: Hand of Doom
1555,38713,Time's Up! Edición Amarilla
1556,124172,Tsuro of the Seas
1557,27627,Talisman: Revised 4th Edition
1558,312267,Star Wars: Unlock!
1559,142961,Thunderstone Advance: Numenera
1560,157,Eurorails
1561,5072,Carrom
1562,180852,Tiny Epic Western
1563,28089,Château Roquefort
1564,238393,Monolith Arena
1565,146418,Warhammer: Diskwars
1566,125752,Race! Formula 90
1567,174078,Holmes: Sherlock & Mycroft
1568,261594,Warhammer Underworlds: Nightvault
1569,276830,Sanctum
1570,235375,Spirits of the Forest
1571,285265,Rune Stones
1572,241831,Reykholt
1573,163370,Carcassonne: Gold Rush
1574,129459,Duel of Ages II
1575,3097,1849: The Game of Sicilian Railways
1576,8190,The Bridges of Shangri-La
1577,1107,Nyet!
1578,168998,Marvel Dice Masters: Age of Ultron
1579,342942,Ark Nova
1580,56931,Arena: Roma II
1581,24703,Heroscape Marvel: The Conflict Begins
1582,180199,"Colonial Twilight: The French-Algerian War, 1954-62"
1583,3931,Mare Nostrum
1584,174837,Sol: Last Days of a Star
1585,180020,Virus!
1586,275913,Bruxelles 1897
1587,63759,Seeland
1588,42673,Field Commander: Napoleon
1589,298371,Wild Space
1590,36522,2 de Mayo
1591,219101,Pavlov's House
1592,195528,La Granja: No Siesta
1593,66588,Wits & Wagers Family
1594,300442,Trekking the World
1595,238546,The Rise of Queensdale
1596,12477,Bootleggers
1597,21551,SPQR (Deluxe Edition)
1598,284108,Pictures
1599,38718,Normandy '44
1600,225167,Human Punishment: Social Deduction 2.0
1601,218293,Rise to Nobility
1602,73,Show Manager
1603,146816,Sanssouci
1604,180771,Teenage Mutant Ninja Turtles: Shadows of the Past
1605,245931,Neta-Tanka: Deluxe Edition
1606,120,Hoity Toity
1607,287938,Kitchen Rush (Revised Edition)
1608,217083,LYNGK
1609,23679,"Warriors of God: The Wars of England & France, 1135-1453"
1610,85005,The Boss
1611,272427,Terramara
1612,259081,Machi Koro: Legacy
1613,33154,Wasabi!
1614,157026,Ascension: Realms Unraveled
1615,230383,Memoarrr!
1616,84,Rommel in the Desert
1617,16267,Trans Europa
1618,192945,Coal Baron: The Great Card Game
1619,232,Serenissima
1620,267271,Egizia: Shifting Sands
1621,75358,Paris Connection
1622,280136,Paranormal Detectives
1623,168681,Beyond Baker Street
1624,65564,Hornet Leader: Carrier Air Operations
1625,179303,Cthulhu Realms
1626,63543,Horus Heresy
1627,31105,Archaeology: The Card Game
1628,307002,Regicide
1629,28259,Cutthroat Caverns
1630,66510,The Red Dragon Inn 3
1631,206084,Nautilion
1632,128667,Samurai Sword
1633,12750,1860: Railways on the Isle of Wight
1634,187653,Covert
1635,49,Mamma Mia!
1636,118174,Compounded
1637,312251,Curious Cargo
1638,811,Rummikub
1639,1032,B-17: Queen of the Skies
1640,340,Frank's Zoo
1641,134157,Guilds of London
1642,128442,Relic
1643,37141,Time's Up! Deluxe
1644,316412,The LOOP
1645,155969,Harbour
1646,442,Um Reifenbreite
1647,193737,Star Trek Panic
1648,21954,Perikles
1649,326494,The Adventures of Robin Hood
1650,270109,Iwari
1651,143404,Castellion
1652,181345,Dr. Eureka
1653,67877,Anomia
1654,285533,Miyabi
1655,1219,Labyrinth
1656,202977,Cytosis: A Cell Biology Board Game
1657,22192,HeroQuest Advanced Quest
1658,198525,Lotus
1659,290484,Unsettled
1660,271615,The Quest for El Dorado: The Golden Temples
1661,210274,Petrichor
1662,17710,Conquest of the Empire
1663,297985,Battle Line: Medieval
1664,325635,Unmatched: Little Red Riding Hood vs. Beowulf
1665,254192,Harry Potter: Hogwarts Battle – Defence Against the Dark Arts
1666,118695,Riff Raff
1667,39217,Fighting Formations: Grossdeutschland Motorized Infantry Division
1668,169416,Pathfinder Adventure Card Game: Wrath of the Righteous – Base Set
1669,3353,World War II: Barbarossa to Berlin
1670,85325,Kolejka
1671,253618,5-Minute Marvel
1672,172737,High Frontier (Third Edition)
1673,903,Hamsterrolle
1674,240567,Chocolate Factory
1675,300001,Renature
1676,248125,Monumental
1677,36648,Pyramid of Pengqueen
1678,141736,Sail to India
1679,19526,Elasund: The First City
1680,9910,Wings of War: Watch Your Back!
1681,67239,Catan Histories: Settlers of America – Trails to Rails
1682,268586,6 nimmt! 25 Jahre
1683,42124,Dungeon Twister 2: Prison
1684,36811,The Princes of Machu Picchu
1685,7858,Ardennes '44: The Battle of the Bulge
1686,187680,Quests of Valeria
1687,280453,Masters of Renaissance: Lorenzo il Magnifico – The Card Game
1688,34707,The Hanging Gardens
1689,207572,Holland '44: Operation Market-Garden
1690,32412,Palastgeflüster
1691,6901,Euchre
1692,269725,Corinth
1693,187273,The Dresden Files Cooperative Card Game
1694,127997,Qin
1695,260300,Dungeon Mayhem
1696,111105,Agents of SMERSH
1697,216597,Flatline
1698,223376,A Song of Ice & Fire: Tabletop Miniatures Game – Stark vs Lannister Starter Set
1699,231696,Bob Ross: Art of Chill Game
1700,32666,Wealth of Nations
1701,184824,Gaslands: Post-Apocalyptic Vehicular Combat
1702,284584,Troyes Dice
1703,120217,City of Horror
1704,136955,Hands in the Sea
1705,41749,American Rails
1706,398,Wildlife Safari
1707,113289,Snake Oil
1708,144239,Impulse
1709,54361,Heroscape Master Set:  Battle for the Underdark
1710,249,Lifeboats
1711,266083,L.L.A.M.A.
1712,176558,Mafia de Cuba
1713,181819,Sorcerer
1714,145588,Citrus
1715,297486,Ride the Rails
1716,1117,You're Bluffing!
1717,81640,Florenza
1718,155695,Age of War
1719,144826,Zombie 15'
1720,244513,ICECOOL2
1721,526,Abalone
1722,204574,The Flow of History
1723,152242,Ultimate Werewolf: Deluxe Edition
1724,253684,Spring Meadow
1725,9441,Ribbit
1726,269603,Minecraft: Builders & Biomes
1727,620,We the People
1728,25224,Hermagor
1729,152765,Thunderstone Advance: Worlds Collide
1730,230791,Time of Legends: Joan of Arc
1731,91620,Pastiche
1732,269752,Noctiluca
1733,238656,Tiny Epic Defenders (Second Edition)
1734,274841,Cóatl
1735,153064,Good Cop Bad Cop
1736,123096,Space Cadets
1737,86246,Drum Roll
1738,177354,Frostgrave
1739,41863,Axis & Allies: 1942
1740,216428,Seikatsu
1741,472,DungeonQuest
1742,2961,Confusion:  Espionage and Deception in the Cold War
1743,153507,Terra
1744,169318,City of Spies: Estoril 1942
1745,71906,Castaways
1746,75476,Inca Empire
1747,168788,Rum & Bones
1748,12589,Razzia!
1749,140,Pit
1750,1234,Once Upon a Time: The Storytelling Card Game
1751,109291,Sails of Glory
1752,198190,Kepler-3042
1753,40760,Alea Iacta Est
1754,92190,Super Dungeon Explore
1755,207207,Glüx
1756,122240,Last Night on Earth: Timber Peak
1757,266966,Dice Throne: Season Two – Gunslinger v. Samurai
1758,98918,Bios: Genesis
1759,216632,Tournament at Camelot
1760,256320,Fertility
1761,31552,Wings of War: Deluxe Set
1762,424,1870: Railroading across the Trans Mississippi from 1870
1763,162388,BattleCON: Fate of Indines
1764,46255,Campaign Manager 2008
1765,137330,Cube Quest
1766,172933,Dragonwood
1767,89910,"Run, Fight, or Die!"
1768,268201,Dice Throne
1769,235555,Bios: Origins (Second Edition)
1770,257732,Pax Transhumanity
1771,40393,FITS
1772,259374,Belratti
1773,16772,Mall of Horror
1774,214032,Founders of Gloomhaven
1775,68182,Isla Dorada
1776,1442,Victory in the Pacific
1777,173156,Timeline Challenge
1778,242653,Mysthea
1779,71061,DungeonQuest (Third Edition)
1780,299252,Here to Slay
1781,925,Werewolf
1782,193739,Jórvík
1783,143401,Yunnan
1784,192802,Days of Ire: Budapest 1956
1785,204184,Risk: Europe
1786,264647,Age of Civilization
1787,189660,XenoShyft: Dreadmire
1788,67254,Warmachine Prime Mk II
1789,13551,Oltre Mare
1790,248861,Metro X
1791,34585,Keltis
1792,282414,Pharaon
1793,592,Spades
1794,206150,1754: Conquest – The French and Indian War
1795,112686,Epic Spell Wars of the Battle Wizards: Duel at Mt. Skullzfyre
1796,248005,Ganymede
1797,119391,Il Vecchio
1798,283619,Century: Golem Edition – Eastern Mountains
1799,144553,The Builders: Middle Ages
1800,251551,Dale of Merchants Collection
1801,318560,Witchstone
1802,466,Inkognito
1803,269968,Exit: The Game – The Haunted Roller Coaster
1804,6779,The Ark of the Covenant
1805,31624,League of Six
1806,175549,Salem 1692
1807,215312,Stop Thief!
1808,163,Balderdash
1809,715,Escape from Colditz
1810,150293,The Ravens of Thri Sahashri
1811,222407,Lignum (Second Edition)
1812,270239,Moonrakers
1813,128,Take it Easy!
1814,114031,Copycat
1815,166286,Bottom of the 9th
1816,31759,BattleTech Introductory Box Set
1817,65282,Tanto Cuore
1818,62220,Urban Sprawl
1819,209001,Monster Lands
1820,205158,Codenames: Deep Undercover
1821,195503,City of Iron: Second Edition
1822,85036,20th Century
1823,65515,Nuns on the Run
1824,12166,Funkenschlag
1825,118063,Android: Infiltration
1826,148601,1944: Race to the Rhine
1827,232361,After The Virus
1828,15953,Wings of War: Burning Drachens
1829,223049,Custom Heroes
1830,98315,The Adventurers: The Pyramid of Horus
1831,124052,Cinque Terre
1832,218920,Valletta
1833,285775,KeyForge: Worlds Collide
1834,2570,Atlantic Star
1835,191963,Thunder & Lightning
1836,3720,Subbuteo
1837,27225,Bananagrams
1838,104581,Panic on Wall Street!
1839,253635,Ragusa
1840,205125,Ticket to Ride: First Journey (U.S.)
1841,66214,Samarkand: Routes to Riches
1842,225818,Mini Rails
1843,240271,Core Space
1844,172503,Mage Wars Academy
1845,216070,Hunt for the Ring
1846,112092,Shadowrift
1847,130,Iron Dragon
1848,191972,Dynasties: Heirate & Herrsche
1849,66171,Dragonheart
1850,35761,Sylla
1851,317457,Dinosaur World
1852,40237,Long Shot
1853,12005,Around the World in 80 Days
1854,296345,Sherlock Holmes Consulting Detective: The Baker Street Irregulars
1855,218311,Deckscape: Test Time
1856,300753,Cross Clues
1857,156496,March of the Ants
1858,117,Ta Yü
1859,9027,Oasis
1860,15954,Conquest of Paradise
1861,88408,Nightfall
1862,118536,Police Precinct
1863,73316,Magnum Sal
1864,197572,Warhammer Quest: Silver Tower
1865,133632,Mythotopia
1866,337,Circus Flohcati
1867,58110,Horse Fever
1868,314503,Codex Naturalis
1869,128898,New Amsterdam
1870,210290,Legendary: Buffy The Vampire Slayer
1871,148203,Dutch Blitz
1872,155463,DC Comics Deck-Building Game: Forever Evil
1873,12692,Gloom
1874,314088,Agropolis
1875,250442,Crypt
1876,40769,Valdora
1877,302260,Abandon All Artichokes
1878,250881,Dominations: Road to Civilization
1879,1563,Rise and Decline of the Third Reich
1880,157958,DungeonQuest Revised Edition
1881,131904,Heart of Crown
1882,1295,Pente
1883,8481,Crusader Rex
1884,71882,Conquest of Planet Earth: The Space Alien Game
1885,227072,The Chameleon
1886,158339,Lost Legacy: The Starship
1887,125921,Catan: Junior
1888,54307,Chronicle
1889,236217,Timebomb
1890,180564,Carcassonne: Star Wars
1891,6887,Hearts
1892,102237,Drako: Dragon & Dwarves
1893,5781,"Edel, Stein & Reich"
1894,325022,Coffee Traders
1895,123219,OddVille
1896,198287,Legends of Andor: The Last Hope
1897,181293,Alien Artifacts
1898,257283,Tiny Epic Mechs
1899,220632,Monster Slaughter
1900,320,Scrabble
1901,67888,Lords of Scotland
1902,212281,Village Attacks
1903,443,Code 777
1904,166317,Time of Soccer
1905,99,Fortress America
1906,207729,The Edge: Dawnfall
1907,227758,Kokoro: Avenue of the Kodama
1908,144864,Ascension: Darkness Unleashed
1909,295564,Unmatched Game System
1910,559,Metro
1911,209660,Dungeon Alliance
1912,310448,Zombie Teenz Evolution
1913,153318,Dimension
1914,206327,The King's Guild
1915,36399,The Napoleonic Wars (Second Edition)
1916,195372,Krazy Wordz: Nicht 100% jugendfrei
1917,2596,Villa Paletti
1918,315767,Cartographers Heroes
1919,28,Illuminati
1920,151247,Greed
1921,25277,Richard III: The Wars of the Roses
1922,248918,Court of the Dead: Mourners Call
1923,154182,Helios
1924,243430,Dealt!
1925,21632,To Court the King
1926,126996,King's Forge
1927,154509,Kingsport Festival
1928,162823,El Gaucho
1929,29972,El Capitán
1930,43152,Assyria
1931,27848,Age of Conan: The Strategy Board Game
1932,252556,Bosk
1933,66849,Safranito
1934,3570,Chicken Cha Cha Cha
1935,252399,Vast: The Mysterious Manor
1936,15839,Bonaparte at Marengo
1937,301919,Pandemic: Hot Zone – North America
1938,301716,Glasgow
1939,29073,Blockers!
1940,38531,Powerboats
1941,15510,Tower of Babel
1942,193322,Master of Orion: The Board Game
1943,281152,On the Underground: London/Berlin
1944,329082,Radlands
1945,634,River Dragons
1947,136056,Asante
1948,92044,Dungeons & Dragons: Conquest of Nerath Board Game
1949,245352,Unlock!: Secret Adventures – A Noside Story
1950,1270,Star Wars Customizable Card Game
1951,214484,HEXplore It: The Valley of the Dead King
1952,226634,The Thing: Infection at Outpost 31
1953,205494,"Machi Koro: Bright Lights, Big City"
1954,267378,Chakra
1955,325555,Cantaloop: Book 1 – Breaking into Prison
1956,40990,Word on the Street
1957,287589,Red Outpost
1958,197097,Four Against Darkness
1959,17025,Friday the 13th
1960,2569,Pick Picknic
1961,220775,Codenames: Disney – Family Edition
1962,209324,The World of SMOG: Rise of Moloch
1963,144568,Dawn of the Zeds (Second edition)
1964,203430,Fuji Flush
1965,137031,Ancient Terrible Things
1966,208773,Quartermaster General: 1914
1967,31483,Constantinopolis
1968,173105,The Great War
1969,7,Cathedral
1970,638,Hera and Zeus
1971,72,Verräter
1972,233208,D-Day Dice (Second Edition)
1973,67185,Sobek
1974,142121,Guildhall: Job Faire
1975,20134,The End of the Triumvirate
1976,189052,Sea of Clouds
1977,262477,Mercado de Lisboa
1978,589,Wiz-War
1979,156138,Happy Pigs
1980,37371,Piece o' Cake
1981,198609,Fate of the Elder Gods
1982,196496,Warfighter: The WWII Tactical Combat Card Game
1983,6819,Skat
1984,22143,EastFront: The War in Russia 1941-45 – Second Edition
1985,36946,Red November
1986,205045,Avenue
1987,220367,Empyreal: Spells & Steam
1988,158572,Waggle Dance
1989,231038,Dreamscape
1990,241477,Karak
1991,19764,PÜNCT
1992,125,Money!
1993,9341,Lost Valley
1994,281960,Kingdomino Duel
1995,111148,Würfel Bohnanza
1996,1111,Taboo
1997,255507,Orbis
1998,252877,Wreck Raiders
1999,132,Caesar & Cleopatra
2000,29839,Key Harvest
2001,159692,Comanchería: The Rise and Fall of the Comanche Empire
2002,282853,Catan: Starfarers
2003,302425,Unlock!: Mythic Adventures
2004,382,Heimlich & Co.
2005,163841,18CZ
2006,191004,My First Stone Age
2007,15290,R-Eco
2008,199904,Pericles: The Peloponnesian Wars
2009,384,TurfMaster
2010,154906,Isle of Trains
2011,144415,Nauticus
2012,310192,Overboss: A Boss Monster Adventure
2013,341169,Great Western Trail (Second Edition)
2014,228411,Iron Curtain
2015,14,Basari
2016,228959,Alubari: A Nice Cup of Tea
2017,216094,Unlock!: Escape Adventures – The Island of Doctor Goorse
2018,30367,Perry Rhodan: The Cosmic League
2019,73664,Cabo
2020,162009,The U.S. Civil War
2021,280789,Pandemic: Rapid Response
2022,65907,Mystery Express
2023,4218,O Zoo le Mio
2024,277597,Fast Sloths
2025,205507,Key to the City: London
2026,68820,Enemy Action: Ardennes
2027,154875,"Silent Victory: U.S. Submarines in the Pacific, 1941-45"
2028,41627,Zulus on the Ramparts!: The Battle of Rorke's Drift – Second Edition
2029,9215,Revolution: The Dutch Revolt 1568-1648
2030,185538,Tsukuyumi: Full Moon Down
2031,203780,Power Grid: The Card Game
2032,144270,Relic Runners
2033,31790,"Crusade and Revolution: The Spanish Civil War, 1936-1939"
2034,40529,Cosmic Encounter
2035,175621,Epic Card Game
2036,15600,Kreta
2037,241987,Dual Powers: Revolution 1917
2038,298229,Steampunk Rally Fusion
2039,294514,5-Minute Mystery
2040,4192,Warhammer: The Mass Combat Fantasy Roleplaying Game (1st Edition)
2041,247104,Blitz Bowl
2042,10997,Boomtown
2043,256066,"Warhammer 40,000: Kill Team"
2044,198138,Enchanters
2045,76417,Poseidon
2046,215463,Tokyo Highway
2047,196354,Era of Tribes
2048,229218,A Game of Thrones: Catan – Brotherhood of the Watch
2049,205867,Bohnanza: The Duel
2050,2603,The Lord of the Rings Trading Card Game
2051,284936,Café
2052,17240,That's Life!
2053,76150,Revolver
2054,217,A la carte
2055,4741,Warmachine
2056,234396,Muse
2057,3085,Gang of Four
2058,281075,Welcome to New Las Vegas
2059,15318,Palazzo
2060,35488,The Name of the Rose
2061,241590,Smart10
2062,242529,Medium
2063,129050,P.I.
2064,94480,Pantheon
2065,180956,One Night Ultimate Vampire
2066,949,Twixt
2067,299684,Khôra: Rise of an Empire
2068,158109,Onward to Venus
2069,204135,Skyjo
2070,312318,Century: Golem Edition – An Endless World
2071,67180,Tikal II: The Lost Temple
2072,83667,First Train to Nuremberg
2073,252752,Genotype: A Mendelian Genetics Game
2074,770,Loot
2075,173761,Telestrations After Dark
2076,11057,The Great Battles of Alexander: Deluxe Edition
2077,231567,Now Boarding
2078,286537,Burgle Bros 2: The Casino Capers
2079,283934,Exit: The Game – Theft on the Mississippi
2080,111732,Kings of Air and Steam
2081,123609,Puzzle Strike Shadows
2082,511,Silverton
2083,131835,Boss Monster: The Dungeon Building Card Game
2084,234621,Tybor the Builder
2085,201248,Evolution: The Beginning
2086,67928,Puzzle Strike
2087,4394,The Settlers of the Stone Age
2088,39927,Last Train to Wensleydale
2089,130060,Ohne Furcht und Adel
2090,200890,Pixie Queen
2091,118705,Ghost Blitz 2
2092,39206,Tac Tac Jack
2093,139899,VivaJava: The Coffee Game: The Dice Game
2094,16366,Funny Friends
2095,245271,Forbidden Sky
2096,1155,Capitol
2097,81453,Famiglia
2098,36400,The Guns of Gettysburg
2099,181797,Inhabit the Earth
2100,249763,Claim 2
2101,199793,Dokmus
2102,200934,Coldwater Crown
2103,235817,Space Explorers
2104,83734,Strike of the Eagle
2105,137423,Pixel Tactics 2
2106,18748,Unhappy King Charles!
2107,631,Daytona 500
2108,239840,Micropolis
2109,103686,Mundus Novus
2110,40381,Modern Art Card Game
2111,4491,Cave Troll
2112,1042,Dragon's Gold
2113,212346,Shadows of Brimstone: Forbidden Fortress
2114,73070,Olympus
2115,302098,Chronicles of Crime: 1900
2116,19995,Canal Mania
2117,224904,Sunset Over Water
2118,245045,Deckscape: Heist in Venice
2119,8730,Flying Colors
2120,209325,The Game: Extreme
2121,145203,Prosperity
2122,21791,Masons
2123,80771,Dungeon Raiders
2124,170587,Don't Mess with Cthulhu
2125,11229,Star Wars Miniatures
2126,691,Timbuktu
2127,270847,Set & Match
2128,45748,Carcassonne: Wheel of Fortune
2129,218208,Ticket to Ride: First Journey (Europe)
2130,77,EastFront
2131,215613,Tao Long: The Way of the Dragon
2132,145633,Ascension: Apprentice Edition
2133,37120,Pack & Stack
2134,231280,Harvest Dice
2135,124965,Dungeon Command: Heart of Cormyr
2136,118418,Divinare
2137,172547,Queen's Architect
2138,233868,HATE
2139,16991,Khet: The Laser Game
2140,183284,Factory Funner
2141,157789,Pandemic: Contagion
2142,200454,Planetarium
2143,10550,Big Boggle
2144,90305,Cargo Noir
2145,214293,Mountains of Madness
2146,142271,Anomia: Party Edition
2147,103649,The City
2148,8107,Risk: The Lord of the Rings Trilogy Edition
2149,124827,Space Cadets: Away Missions
2150,266965,Dice Throne: Season Two – Tactician v. Huntress
2151,278553,Silver
2152,176530,Xenon Profiteer
2153,346703,7 Wonders: Architects
2154,19427,Gemblo
2155,142296,Funemployed
2156,255615,GoodCritters
2157,1044,Gunslinger
2158,17053,Sleeping Queens
2159,62871,Zombie Dice
2160,204286,Big Trouble in Little China: The Game
2161,329839,So Clover!
2162,222219,Kero
2163,232666,Robin Hood and the Merry Men
2164,9364,Doppelkopf
2165,231327,The Grizzled: Armistice Edition
2166,257759,The River
2167,37196,Sorry! Sliders
2168,4209,Monza
2169,798,Ace of Aces: Handy Rotary Series
2170,22897,Dreamblade
2171,2529,Flat Top
2172,17161,Tempus
2173,19643,World of Warcraft Trading Card Game
2174,285905,Marvel: Crisis Protocol
2175,8095,Prophecy
2176,291859,Riftforce
2177,251293,Megaland
2178,248900,Ceylon
2179,66587,GOSU
2180,40398,Monopoly Deal Card Game
2181,258074,Volfyirion
2182,192455,First Martians: Adventures on the Red Planet
2183,23107,Drakon (Third Edition)
2184,244,Circus Maximus
2185,32944,Neue Heimat
2186,156501,Greenland
2187,5867,10 Days in Europe
2188,145645,Le Fantôme de l'Opéra
2189,18866,Shear Panic
2190,41429,Band of Brothers: Screaming Eagles
2191,119637,Zug um Zug: Deutschland
2192,260757,Lift Off
2193,1484,Clue: The Great Museum Caper
2194,125046,Fantastiqa: The Rucksack Edition
2195,300683,Meeple Land
2196,262114,Rival Restaurants
2197,162,The Awful Green Things From Outer Space
2198,158340,Lost Legacy: Flying Garden
2199,78733,Key Market
2200,531,Merchants of Amsterdam
2201,122588,Dungeon Command: Sting of Lolth
2202,256,Mississippi Queen
2203,38506,Witch of Salem
2204,191925,Bandido
2205,257066,Sierra West
2206,1116,Oh Hell!
2207,251890,Gunkimono
2208,32484,The Battle for Hill 218
2209,309110,Food Chain Island
2210,184459,Ave Roma
2211,193867,1822: The Railways of Great Britain
2212,234948,Prehistory
2213,91523,Mondo
2214,216658,Smash Up: What Were We Thinking?
2215,266967,Dice Throne: Season Two – Cursed Pirate v. Artificer
2216,153623,Limes
2217,265683,Second Chance
2218,40832,Keltis: Das Kartenspiel
2219,253664,Taco Cat Goat Cheese Pizza
2220,987,Kingmaker
2221,191572,Animals on Board
2222,128931,Noblemen
2223,216199,Smash Up: Big in Japan
2224,161226,The Builders: Antiquity
2225,237211,Valhalla
2226,220588,"Gandhi: The Decolonization of British India, 1917 – 1947"
2227,185123,Ascension: Dreamscape
2228,204431,One Night Ultimate Alien
2229,251053,Let's Make a Bus Route
2230,192934,Colony
2231,20,Full Metal Planète
2232,309105,Sagani
2233,32674,Monsterpocalypse
2234,233955,Montana
2235,223278,The Palace of Mad King Ludwig
2236,193621,Joking Hazard
2237,128445,Darkest Night
2238,31479,Ubongo Extreme
2239,286,Machiavelli
2240,171479,Commissioned
2241,3870,7 Ages
2242,3972,Catan: Portable Edition
2243,168054,Grifters
2244,127127,The Lord of the Rings: The Fellowship of the Ring Deck-Building Game
2245,284775,Funkoverse Strategy Game
2246,25261,Tannhäuser
2247,169147,Letter Tycoon
2248,8195,Viva Topo!
2249,2533,Kupferkessel Co.
2250,2288,Blood Bowl (Second Edition)
2251,38309,God's Playground
2252,132544,Tesla vs. Edison: War of Currents
2253,181960,Portal of Heroes
2254,105593,Cheating Moth
2255,248949,Skull Tales: Full Sail!
2256,145976,Talon
2257,271060,Pathfinder Adventure Card Game: Core Set
2258,277699,A Fistful of Meeples
2259,128554,Völuspá
2260,2476,Industrial Waste
2261,265256,PUSH
2262,189453,Victorian Masterminds
2263,271529,Botanik
2264,108,TAMSK
2265,164812,Roll For It! Deluxe Edition
2266,207016,Flick 'em Up!: Dead of Winter
2267,176524,Hoplomachus: Origins
2268,102104,Star Fluxx
2269,1423,Storm over Arnhem
2270,303553,Skulls of Sedlec
2271,160081,Dungeon Saga: Dwarf King's Quest
2272,139952,Clockwork Wars
2273,173200,Epic Spell Wars of the Battle Wizards: Rumble at Castle Tentakill
2274,168679,Flip City
2275,39188,Liberty Roads
2276,230200,Overbooked
2277,130882,Cardline: Animals
2278,28620,Phoenicia
2279,103660,VivaJava: The Coffee Game
2280,193557,Android: Mainframe
2281,191301,The Walking Dead: All Out War
2282,249411,Cuzco
2283,343905,Boonlake
2284,274093,Quirky Circuits
2285,232520,Pioneers
2286,140535,Koryŏ
2287,250621,18Lilliput
2288,269199,Dizzle
2289,266964,Dice Throne: Season Two – Seraph v. Vampire Lord
2290,936,The Fury of Dracula
2291,632,Cloud 9
2292,59753,Priests of Ra
2293,19841,Pentago
2294,226519,Exit: The Game – The House of Riddles
2295,276925,Warhammer Age of Sigmar: Warcry Starter Set
2296,301257,Maglev Metro
2297,1262,Axis & Allies: Pacific
2298,19348,Byzantium
2299,143157,SOS Titanic
2300,22532,Wings of War: The Dawn of World War II
2301,59,Giganten
2302,282435,1882: Assiniboia
2303,18485,18MEX
2304,7865,10 Days in Africa
2305,1491,Outpost
2306,117960,Saint Malo
2307,112373,BraveRats
2308,256874,Legendary Encounters: The X-Files Deck Building Game
2309,309430,Tiny Epic Pirates
2310,220827,Planet Apocalypse
2311,125311,Okiya
2312,129731,DreadBall: The Futuristic Sports Game
2313,262540,Freshwater Fly
2314,153097,Heroes Wanted
2315,124839,Hoplomachus: The Lost Cities
2316,4688,Angola
2317,285894,Bravo!
2318,348,Merchants of the Middle Ages
2319,154301,The Battle at Kemble's Cascade
2320,171890,Best Treehouse Ever
2321,38786,"Red Winter: The Soviet Attack at Tolvajärvi, Finland – 8-12 December 1939"
2322,99392,Colonial: Europe's Empires Overseas
2323,7866,10 Days in the USA
2324,306882,Railroad Ink Challenge: Shining Yellow Edition
2325,178570,Unusual Suspects
2326,122,Quo Vadis?
2327,1589,Star Fleet Battles
2328,932,Top Race
2329,883,Ivanhoe
2330,197065,Valley of the Kings: Last Rites
2331,169464,Defenders of the Last Stand
2332,16216,Carcassonne: The Discovery
2333,214234,Tank Duel: Enemy in the Crosshairs
2334,180901,Joraku
2335,256852,Aliens: Another Glorious Day in the Corps
2336,279869,Nine Tiles Panic
2337,119012,The Capitals
2338,12350,Battlestations
2339,193560,Escape the Room: Mystery at the Stargazer's Manor
2340,70519,Cruel Necessity: The English Civil Wars 1640-1653
2341,205127,Haven
2342,187687,Pathfinder Adventure Card Game: Mummy's Mask – Base Set
2343,37400,Sushizock im Gockelwok
2344,303051,Godzilla: Tokyo Clash
2345,149809,Escape: Zombie City
2346,277927,Bites
2347,55952,Greed Incorporated
2348,258309,First Contact
2349,714,Talisman
2350,249590,Nevsky: Teutons and Rus in Collision 1240-1242
2351,237087,DropMix
2352,32116,Airships
2353,147930,King & Assassins
2354,23817,1861: The Railways of the Russian Empire
2355,111,Rheinländer
2356,225729,Arkham Noir: Case #1 – The Witch Cult Murders
2357,305682,Rolling Realms
2358,200511,After The Empire
2359,168274,Mistfall
2360,17393,Pax Romana
2361,34615,New World: A Carcassonne Game
2362,316622,Gods Love Dinosaurs
2363,55253,Atlantis
2364,224272,Hellapagos
2365,173634,The Red Dragon Inn 5: The Character Trove
2366,182704,SteamRollers
2367,154003,Pagoda
2368,293678,Stellar
2369,34969,Ubongo: Duel
2370,216403,Element
2371,338834,MicroMacro: Crime City – Full House
2372,2381,Scattergories
2373,119781,Legacy: Gears of Time
2374,133528,City of Remnants
2375,167763,DC Comics Deck-Building Game: Teen Titans
2376,805,Buffy the Vampire Slayer: The Game
2377,143176,Steam Works
2378,153,Take 5!
2379,184491,Spaceteam
2380,20133,FAB: The Bulge
2381,8172,Coyote
2382,259061,Skytear
2383,28723,Before the Wind
2384,291962,Paper Dungeons: A Dungeon Scrawler Game
2385,193670,Darkest Night (Second Edition)
2386,40425,Maori
2387,93724,Black Gold
2388,175,What the Heck?
2389,28829,Field Commander: Rommel
2390,298638,Sheriff of Nottingham (2nd Edition)
2391,179182,Dojo Kun
2392,27356,Portobello Market
2393,140717,Progress: Evolution of Technology
2394,269160,Colors of Paris
2395,231819,Sonar
2396,283387,Rocketmen
2397,1293,Boggle
2398,8170,Return of the Heroes
2399,274428,Gaslands: Refuelled
2400,153737,Ships
2401,1194,Speed Circuit
2402,274450,Last Aurora
2403,118000,Africana
2404,85250,The Dwarf King
2405,288513,Tranquility
2406,203411,Word Slam
2407,264239,Patchwork Doodle
2408,246297,Shadows: Amsterdam
2409,3439,HeroClix
2410,149241,Assault on Doomrock
2411,223,Expedition
2412,1334,Entdecker: Exploring New Horizons
2413,262547,Don't Get Got!
2414,232824,Caper
2415,6068,Queen's Necklace
2416,265,Intrigue
2417,5620,Vietnam 1965-1975
2418,254123,Shadowrun Crossfire: Prime Runner Edition
2419,96152,Nightfall: Martial Law
2420,318472,Blood Bowl: Second Season Edition
2421,219217,Arena: The Contest
2422,2266,Gobblet
2423,124969,Dungeon Command: Curse of Undeath
2424,229414,Tulip Bubble
2425,156548,Super Dungeon Explore: Forgotten King
2426,37734,Cavum
2427,212765,Songbirds
2428,200847,Secrets
2429,30241,Patrician
2430,130486,Small City
2431,5622,Pacific War: The Struggle Against Japan 1941-1945
2432,292375,The Great Wall
2433,520,Axis & Allies: Europe
2434,1621,Mutant Chronicles: Siege of the Citadel
2435,189067,Cavern Tavern
2436,172552,Karmaka
2437,267401,Lawyer Up
2438,217776,Import / Export
2439,23418,Pursuit of Glory
2440,21654,Iliad
2441,1260,Rook
2442,234931,Star Wars: Destiny – Two-Player Game
2443,35505,Walk the Plank!
2444,23686,Gift Trap
2445,262208,Dungeon Drop
2446,1425,Raid on St. Nazaire
2447,197320,A Handful of Stars
2448,258308,Fuji
2449,191055,Kerala: The Way of the Elephant
2450,296626,Sonora
2451,80006,Mord im Arosa
2452,148290,Longhorn
2453,177659,The Manhattan Project 2: Minutes to Midnight
2454,75091,Norenberc
2455,2612,18AL
2456,280032,Fossilis
2457,200058,Harvest
2458,34373,Tiki Topple
2459,204801,Kneipenquiz: Das Original
2460,35350,Field Commander: Alexander
2461,24037,Escape from Atlantis
2462,207991,Quodd Heroes
2463,160958,DC Comics Deck-Building Game: Rivals – Batman vs The Joker
2464,182082,Carcassonne: Over Hill and Dale
2465,300583,Village Green
2466,174524,Saloon Tycoon
2467,257193,Starcadia Quest
2468,22245,Royal Visit
2469,295577,Dungeon Mayhem: Monster Madness
2470,232524,Welcome to Dino World
2471,231999,Finished!
2472,3041,Panzergruppe Guderian
2473,318009,Dinosaur Island: Rawr 'n Write
2474,125977,Cataclysm: A Second World War
2475,236461,The Game: Face to Face
2476,317231,Monasterium
2477,4249,Trias
2478,23730,Gheos
2479,75212,Grand Cru
2480,2162,"Warhammer 40,000 (Third Edition)"
2481,245658,Unicorn Fever
2482,3236,WildLife
2483,90870,Pelican Cove
2484,25729,World at War: Eisenbach Gap
2485,35572,Strozzi
2486,267814,Adventure Games: Monochrome Inc.
2487,270138,Terror Below
2488,198522,Archer: Once You Go Blackmail...
2489,142402,The Red Dragon Inn 4
2490,245353,Unlock!: Secret Adventures – Tombstone Express
2491,134520,Phantom Leader Deluxe
2492,185196,Rising 5: Runes of Asteros
2493,163930,Abracada...What?
2494,42939,Invasion from Outer Space: The Martian Game
2495,233676,Noria
2496,27463,Galactic Emperor
2497,228133,Crystal Clans
2498,325698,Juicy Fruits
2499,230769,Who Goes There?
2500,287,Bazaar
2501,303672,Trek 12: Himalaya
2502,23451,Space Dealer
2503,136000,Rivet Wars: Eastern Front
2504,283649,Deep Blue
2505,302336,Marvel Villainous: Infinite Power
2506,119866,Wings of Glory: WW1 Rules and Accessories Pack
2507,95105,1st & Goal
2508,224483,Exceed Fighting System
2509,2639,Panzer Leader: Game of Tactical Warfare on the Western Front
2510,268012,Chronicles of Drunagor: Age of Darkness
2511,184346,Go Nuts for Donuts
2512,175360,W1815
2513,197831,Dark Souls: The Board Game
2514,11945,Linq
2515,129351,The Cave
2516,135281,Serenissima (Second Edition)
2517,254708,Roll Player Adventures
2518,208775,Qwixx Deluxe
2519,192312,Mr. Cabbagehead's Garden
2520,788,Tales of the Arabian Nights
2521,32441,Bezzerwizzer
2522,280132,Robin of Locksley
2523,101,Detroit-Cleveland Grand Prix
2524,190400,Aventuria: Adventure Card Game
2525,36708,Leader 1
2526,246201,Lincoln
2527,202288,Medici: The Card Game
2528,240225,Roll to the Top!
2529,109779,Garden Dice
2530,220133,Endangered
2531,295905,Cosmic Frog
2532,272409,Tiny Epic Tactics
2533,246816,Tales of Glory
2534,219832,Barbarians: The Invasion
2535,205498,Round House
2536,3202,RAF
2537,25951,The Castle of the Devil
2538,296,Medieval Merchant
2539,4174,Lifeboat
2540,218129,Catch the Moon
2541,250780,Sherlock: Last Call
2542,124968,Dungeon Command: Tyranny of Goblins
2543,209671,Zona: The Secret of Chernobyl
2544,5406,New England
2545,46007,A Brief History of the World
2546,215371,CrossTalk
2547,508,Blue Max
2548,330608,Cryo
2549,124668,The Dwarves
2550,328908,The Initiative
2551,759,Turning Point: Stalingrad
2552,292126,Excavation Earth
2553,38548,Fast Flowing Forest Fellers
2554,130877,Blood Bound
2555,199723,"UltraQuest: Gold, Ruhm! und Ehre!"
2556,228668,Dungeons & Dragons: Tomb of Annihilation Board Game
2557,139033,Archon: Glory & Machination
2558,216439,Trash Pandas
2559,140343,Carnival Zombie
2560,254513,The Grimm Masquerade
2561,247342,Village Pillage
2562,31291,España 1936
2563,127493,Bolt Action
2564,3967,Battlefleet Gothic
2565,27048,Duel in the Dark
2566,189,Die Siedler von Nürnberg
2567,206504,The Blood of an Englishman
2568,24762,Medici vs Strozzi
2569,3421,StreetSoccer
2570,198707,Hostage Negotiator: Crime Wave
2571,68076,Conflict of Heroes: Guadalcanal – The Pacific 1942
2572,20545,Rory's Story Cubes
2573,100679,Ultimate Warriorz
2574,6050,Duel of Ages Set 1: Worldspanner
2575,16,MarraCash
2576,108722,Dreadfleet
2577,253398,Lost Cities: Rivals
2578,8924,Dancing Eggs
2579,14808,Marvel Heroes
2580,231197,Raxxon
2581,6866,Mus
2582,30539,Get Bit!
2583,225482,Texas Showdown
2584,11168,Flames of War: The World War II Miniatures Game
2585,156442,Asking for Trobils
2586,169704,Vault Wars
2587,336794,Galaxy Trucker
2588,209003,Commands & Colors: Medieval
2589,4583,Pinochle
2590,253506,Versailles 1919
2591,243358,Space Park
2592,56786,Kuhhandel Master
2593,159469,Ortus Regni
2594,181761,Plums
2595,8490,Age of Napoleon
2596,118610,Santa Cruz
2597,206490,An Infamous Traffic
2598,173096,A Tale of Pirates
2599,235591,History of the World
2600,58602,Cable Car
2601,230342,InBetween
2602,228372,Iberian Gauge
2603,692,Wizard Kings
2604,303551,Polis
2605,7806,King Up!
2606,84465,Ottoman Sunset: The Great War in the Near East
2607,36888,After the Flood
2608,181260,Burano
2609,258148,Power Rangers: Heroes of the Grid
2610,210900,Topiary
2611,271785,Slide Quest
2612,155451,Guild Ball
2613,96792,The Road to Canterbury
2614,297895,Divvy Dice
2615,192638,Multiuniversum
2616,39336,Mégawatts
2617,273779,Under Falling Skies: A 9-Card Print-and-Play Game
2619,177939,Marvel Dice Masters: The Amazing Spider-Man
2620,2516,Man O' War
2621,181495,Alone
2622,289081,The Grand Carnival
2623,141090,Kohle & Kolonie
2624,284217,Rush M.D.
2625,172155,Ascension: Dawn of Champions
2626,15369,The Devil's Cauldron: The Battles for Arnhem and Nijmegen
2627,2165,Pokémon Trading Card Game
2628,3139,Goldland
2629,128664,Timeline
2630,176565,Ninja Camp
2631,147,Crude: The Oil Game
2632,19301,Mesopotamia
2633,815,Chrononauts
2634,433,Shark
2635,63091,Space Hulk (Second Edition)
2636,274533,Throw Throw Burrito
2637,251420,Choose Your Own Adventure: House of Danger
2638,17449,Beowulf: The Legend
2639,299,De Bellis Antiquitatis: Quick Play Wargame Rules with Army Lists for Ancient and Medieval Battles
2640,169,En Garde
2641,41302,First Orchard
2642,223779,Pocket Mars
2643,193210,Dice Stars
2644,40831,The Pillars of the Earth: Builders Duel
2645,71655,Wok Star
2646,192834,Fight for Olympus
2647,284653,Mind MGMT: The Psychic Espionage “Game.”
2648,635,Formula Motor Racing
2649,140951,Thunderstone: Starter Set
2650,40770,The Golden City
2651,1758,Advanced Heroquest
2652,177249,The Manhattan Project: Chain Reaction
2653,182351,Thief's Market
2654,1265,Mystery Rummy: Jekyll & Hyde
2655,188314,Topoum
2656,24509,Gambit Royale
2657,1770,Aliens
2658,30,Dark Tower
2659,39242,Black Friday
2660,218050,Hotshots
2661,126008,Dungeon Command: Blood of Gruumsh
2662,261393,Dungeon Universalis
2663,172971,Crossing
2664,135649,Tales & Games: The Three Little Pigs
2665,150926,Roll Through the Ages: The Iron Age
2666,1917,Stratego
2667,22551,Risk: Star Wars – Original Trilogy Edition
2668,23604,The World Cup Game
2669,287754,Warhammer Underworlds: Beastgrave
2670,94389,Urbion
2671,224316,Unlock!: Escape Adventures – The Elite
2672,168433,The World of Smog: On Her Majesty's Service
2673,5205,G.E.V.
2674,181617,Beasty Bar: New Beasts in Town
2675,257,Kill Doctor Lucky
2676,247585,Waste Knights: Second Edition
2677,177965,Rush & Bash
2678,147537,Malifaux (Second Edition)
2679,227273,Cosmogenesis
2680,135243,Triassic Terror
2681,275916,Cairn
2682,22398,10 Days in Asia
2683,127095,Origin
2684,210040,Illimat
2685,2238,PanzerBlitz
2686,315060,Unmatched: Buffy the Vampire Slayer
2687,58,Kings & Things
2688,38032,Byzanz
2689,298060,Truffle Shuffle
2690,43307,Baltimore & Ohio
2691,192947,Camel Up Cards
2692,229741,Shadows in Kyoto
2693,41569,The Great Fire of London 1666
2694,281515,Company of Heroes
2695,420,Rail Baron
2696,19948,Rum & Pirates
2697,8124,Industria
2698,199493,Escape the Room: Secret of Dr. Gravely's Retreat
2699,44,David & Goliath
2700,18460,Lock 'n Load: Band of Heroes
2701,69601,1880: China
2702,235344,TOKYO METRO
2703,317504,Mandala Stones
2704,827,Attila
2705,227545,Spy Club
2706,124380,Ladies & Gentlemen
2707,219708,Professor Evil and The Citadel of Time
2708,19996,Nacht der Magier
2709,172242,Exploding Kittens: NSFW Deck
2710,18985,Battleground
2711,33107,Senji
2712,138704,Northern Pacific
2713,2795,Car Wars
2714,227466,Break the Code
2715,133956,Axis & Allies: WWI 1914
2716,1037,Deadlands: Doomtown
2717,253106,Narcos: The Board Game
2718,200456,Ascension X: War of Shadows
2719,3267,Pizarro & Co.
2720,186721,Healthy Heart Hospital
2721,18500,Sator Arepo Tenet Opera Rotas
2722,148532,Ghost Blitz: 5 to 12
2723,312804,Pendulum
2724,141791,Piñata
2725,172546,Parfum
2726,130792,The Enchanted Tower
2727,8829,Nobody Is Perfect
2728,260332,Hokkaido
2729,79073,Resident Evil Deck Building Game
2730,248117,Carson City: The Card Game
2731,142854,Infection: Humanity's Last Gasp
2732,162559,Smash Up: Munchkin
2733,235922,King of the Dice
2734,143096,Camp Grizzly
2735,255708,Trekking the National Parks: Second Edition
2736,177079,Die Legenden von Andor: Chada & Thorn
2737,183308,1844/1854
2738,6366,Dungeons & Dragons: The Fantasy Adventure Board Game
2739,84732,Kariba
2740,280748,Escape the Dark Sector
2741,38872,Jet Set
2742,155708,Tiny Epic Defenders
2743,255664,The Binding of Isaac: Four Souls
2744,177197,Ekö
2745,129122,Band of Brothers: Ghost Panzer
2746,251747,Atlantic Chase
2747,189848,Munchkin Marvel
2748,243538,Goblivion
2749,1561,Clue Master Detective
2750,35285,German Railways
2751,332386,Brew
2752,117942,Zooloretto: The Dice Game
2753,3263,Ukraine '43
2754,32165,Darjeeling
2755,152237,Pairs
2756,137776,Praetor
2757,256067,Cupcake Empire
2758,139245,Dilluvia Project
2759,191612,Skies Above the Reich
2760,207062,Dungeons & Dragons: Rock Paper Wizard
2761,138788,Dungeon Roll
2762,14083,Fire in the Sky: The Great Pacific War 1941-1945
2763,264196,Dungeons & Dragons: Waterdeep – Dungeon of the Mad Mage Board Game
2764,270538,Foothills
2765,267370,Cities: Skylines – The Board Game
2766,256877,Hail Hydra
2767,191538,Leo
2768,114387,Thebes: The Tomb Raiders
2769,267735,Deckscape: Behind the Curtain
2770,235655,Dragon's Breath
2771,296167,Boomerang: Australia
2772,20022,Terra Nova
2773,149853,Bullfrogs
2774,437,Master Labyrinth
2775,185709,Beasts of Balance
2776,225910,Terrors of London
2777,154173,7 Ronin
2778,56707,Colonia
2779,205907,Runewars Miniatures Game
2780,3409,The Napoleonic Wars
2781,331050,Disney Villainous: Despicable Plots
2782,299121,Machina Arcana (Second/Third Edition)
2783,243797,Mezo
2784,11949,Shifting Sands: The Campaign for North Africa
2785,144734,Arcane Academy
2786,464,Billabong
2787,37231,Comuni
2788,213492,Pyramids
2789,178944,BATTALIA: The Creation
2790,208480,Wordsy
2791,268504,Adventure Tactics: Domianne's Tower
2792,83040,Leader 1: Hell of the North
2793,76674,String Railway
2794,1597,Streetcar
2795,2932,Hnefatafl
2796,174155,Lignum
2797,173047,Nevermore
2798,96713,Deadwood
2799,84772,"Sun, Sea & Sand"
2800,122889,Dominare
2801,3605,The Third World War: Battle for Germany
2802,39813,Qwirkle Cubes
2803,132428,BioShock Infinite: The Siege of Columbia
2804,178613,Star Trek: Five-Year Mission
2805,271530,Ankh'or
2806,422,1835
2807,160418,Wing Leader: Victories 1940-1942
2808,266179,Space Gate Odyssey
2809,237031,D100 Dungeon
2810,300936,Via Magica
2811,166158,Dark Tales
2812,295944,Exit: The Game – The Enchanted Forest
2813,2582,Catch Phrase!
2814,21641,Aquädukt
2815,203102,Buffy the Vampire Slayer: The Board Game
2816,67600,D-Day at Tarawa
2817,31722,Steam over Holland
2818,311715,Mini Rogue
2819,1017,Fresh Fish
2820,140519,Myth
2821,35614,Where There Is Discord: War in the South Atlantic
2822,10081,Axis & Allies: D-Day
2823,186995,Doctor Who: Time of the Daleks
2824,295945,Exit: The Game – The Cemetery of the Knight
2825,330038,Llamaland
2826,12681,Neuland
2827,221248,Monikers: The Shut Up & Sit Down Nonsense Box
2828,37301,Decktet
2829,37165,"Warhammer 40,000 (Fifth Edition)"
2830,253185,Chai
2831,24920,Storm Over Stalingrad
2832,329,Russian Front
2833,84838,Yomi (Second Edition)
2834,97915,Bios: Megafauna
2835,19854,Federation Commander: Klingon Border
2836,66855,The Dark Valley
2837,15033,Australia
2838,99875,Martian Dice
2839,34320,Shanghaien
2840,271321,CABO (Second Edition)
2841,20806,Three-Dragon Ante
2842,142830,Chaosmos
2843,179071,The Great Dinosaur Rush
2844,137155,Potato Man
2845,3655,The Settlers of Canaan
2846,130899,12 Days
2847,287742,TIME Stories Revolution: The Hadal Project
2848,175695,Minerva
2849,300010,Dragomino
2850,298102,Roll Camera!: The Filmmaking Board Game
2851,56885,The Werewolves of Miller's Hollow: The Village
2852,108044,Nefarious
2853,2389,Othello
2854,256065,Carcassonne: Safari
2855,17484,Silent War
2856,84469,Fürstenfeld
2857,79131,Star Trek: Expeditions
2858,161547,Timeline: Americana
2859,246639,Patchwork Express
2860,3348,Santa Fe Rails
2861,183896,Firefly Fluxx
2862,124847,1911 Amundsen vs Scott
2863,93538,Battleship Galaxies
2864,161546,Timeline: American History
2865,33643,Whoowasit?
2866,137397,Via Appia
2867,270836,Imperial Settlers: Roll & Write
2868,156373,Chimera
2869,12346,Spooky Stairs
2870,142325,Kobayakawa
2871,255907,Trogdor!! The Board Game
2872,626,War and Peace
2873,305985,Mountain Goats
2874,179245,World Championship Russian Roulette
2875,6613,"Downtown: Air War Over Hanoi, 1965-1972"
2876,40444,Livingstone
2877,102148,NOIR: Deductive Mystery Game
2878,313010,Cosmic Encounter: 42nd Anniversary Edition
2879,117914,Milestones
2880,139131,Hoplomachus: Rise of Rome
2881,295948,Aqualin
2882,65673,Masques
2883,283797,Exit: The Game – The Stormy Flight
2884,315881,Funfair
2885,105624,Poseidon's Kingdom
2886,165662,Haru Ichiban
2887,257058,Valparaíso
2888,299452,Dale of Merchants 3
2889,250396,Terminator Genisys: Rise of the Resistance
2890,22278,12 Thieves
2891,245197,Deadwood 1876
2892,192547,Go Cuckoo!
2893,148261,SeaFall
2894,5942,Mystery Rummy: Al Capone and the Chicago Underworld
2895,204837,Game of Thrones: The Iron Throne
2896,297129,Jekyll vs. Hyde
2897,293531,Detective: A Modern Crime Board Game – Season One
2898,214,Café International
2899,190639,Zany Penguins
2900,140125,Fallen
2901,226631,War of the Worlds: The New Wave
2902,234190,Unstable Unicorns
2903,255683,Roll for Adventure
2904,78954,Mousquetaires du Roy
2905,253719,Getaway Driver
2906,275870,TEAM3 GREEN
2907,256804,Exploding Kittens: Party Pack
2908,296043,Four Gardens
2909,10788,Hellenes: Campaigns of the Peloponnesian War
2910,3234,Dschunke
2911,247417,Solomon Kane
2912,36367,Dust Tactics
2913,155173,Subdivision
2914,4616,Arimaa
2915,303954,Pax Viking
2916,154910,Darklight: Memento Mori
2917,163640,Eminent Domain: Microcosm
2918,25071,Munchkin Cthulhu
2919,237860,The Shores of Tripoli
2920,115293,Fortress America
2921,247436,Sherlock: The Tomb of the Archaeologist
2922,34127,Ticket to Ride: The Card Game
2923,173341,Loopin' Chewie
2924,180602,Game of Trains
2925,95234,Cthulhu Gloom
2926,155122,"1066, Tears to Many Mothers"
2927,29773,Cheeky Monkey
2928,153728,Fields of Despair: France 1914-1918
2929,120605,Neuroshima: Convoy
2930,244099,Herbaceous Sprouts
2931,97357,Sunrise City
2932,234248,Voodoo Prince
2933,238799,Messina 1347
2934,302520,Hues and Cues
2935,156266,Apex Theropod Deck-Building Game
2936,244330,Scarabya
2937,7349,The Korean War June 1950-May 1951
2938,320390,Kabuto Sumo
2939,4090,2nd Fleet: Modern Naval Combat in the North Atlantic
2940,321277,Tinners' Trail
2941,131118,Asgard
2942,338628,TRAILS
2943,154428,Trekking the National Parks
2944,25674,Khronos
2945,252688,Enchanters: Overlords
2946,286160,Godspeed
2947,264476,Rangers of Shadow Deep
2948,9,El Caballero
2949,172540,Dragoon
2950,149119,Spirits of the Rice Paddy
2951,35342,Hold the Line
2952,103132,Rapa Nui
2953,287607,The Mind Extreme
2954,216381,Hand of Fate: Ordeals
2955,152899,Pixel Tactics 3
2956,299592,Beez
2957,184522,Dead Last
2958,25794,Axis & Allies: War at Sea
2959,380,Polarity
2960,180198,Rolling America
2961,199223,Bad Bones
2962,3837,Rat-a-Tat Cat
2963,267009,Rome & Roll
2964,171129,Spinderella
2965,234828,Xi'an
2966,186864,Tiefe Taschen
2967,68858,Tanto Cuore: Expanding the House
2968,245928,Pax Emancipation
2969,309113,Ticket to Ride: Amsterdam
2970,140863,Council of Verona
2971,28025,Wicked Witches Way
2972,169274,Pixel Tactics Deluxe
2973,195867,Papà Paolo
2974,147116,The Witcher Adventure Game
2975,205057,Word Domination
2976,68228,Railways of the World: The Card Game
2977,200,Entdecker
2978,943,Ligretto
2979,276386,Caesar: Rome vs. Gaul
2980,285157,Legendary: A James Bond Deck Building Game
2981,60131,Ugg-Tect
2982,291453,SCOUT
2983,301607,KeyForge: Mass Mutation
2984,258451,Deckscape: The Mystery of Eldorado
2985,202755,Guildhall Fantasy: Fellowship
2986,252854,Sabotage
2987,338,Bargain Hunter
2988,18291,Unpublished Prototype
2989,170199,Solarius Mission
2990,5795,Richelieu
2991,84889,Cave Evil
2992,33003,The Caucasus Campaign
2993,292974,Tournament at Avalon
2994,1038,Tantrix
2995,1645,War of 1812
2996,122891,Courtier
2997,357,Excape
2998,260710,Amul
2999,101020,PAX
3000,250561,Kick-Ass: The Board Game
3001,4370,Fische Fluppen Frikadellen
3002,215437,Codex: Card-Time Strategy – Core Set
3003,85769,Panzer: The Game of Small Unit Actions and Combined Arms Operations on the Eastern Front 1943-45
3004,156180,Eggs and Empires
3005,128063,Uchronia
3006,164702,Glorantha: The Gods War
3007,188720,Escape Room in a Box: The Werewolf Experiment
3008,129320,Castle Dice
3009,179719,Risk: Game of Thrones
3010,41490,Phantom Leader
3011,167698,Magic: The Gathering – Arena of the Planeswalkers
3012,255393,"Stalingrad '42: Southern Russia, June-December, 1942"
3013,29109,Dust
3014,276997,X-ODUS: Rise of the Corruption
3015,139562,Rockwell
3016,160968,Homeland: The Game
3017,215308,Indulgence
3018,25234,Catan Histories: Struggle for Rome
3019,236248,Small Islands
3020,208766,13 Clues
3021,245357,Starship Samurai
3022,29663,Star Fleet Battles: Captain's Edition Basic Set
3023,214988,Railways of Nippon
3024,131891,Lost Legends
3025,108018,Riichi Mahjong
3026,271754,Spire's End
3027,34599,Toledo
3028,178302,Welcome to Centerville
3029,1430,Caesar: Epic Battle of Alesia
3030,174614,Apotheca
3031,257067,Magnastorm
3032,118497,Trick of the Rails
3033,107190,Flash Duel: Second Edition
3034,160559,Simurgh
3035,201006,Bumúntú
3036,276004,On the Origin of Species
3037,181329,Team Play
3038,176803,Overseers
3039,75547,Shipwrights of the North Sea
3040,247314,Concept Kids: Animals
3041,155,Was sticht?
3042,193953,Mistfall: Heart of the Mists
3043,30662,Travel Carcassonne
3044,444,Escape from the Hidden Castle
3045,274090,Lanterns Dice: Lights in the Sky
3046,85,Quebec 1759
3047,275969,Flotilla
3048,21804,Traditional Card Games
3049,188076,Taluva Deluxe
3050,1444,SPQR
3051,19679,Hordes
3052,30356,Heartland
3053,135116,Rent a Hero
3054,68247,The Mines of Zavandor
3055,285253,Fiesta de los Muertos
3056,23985,Midgard
3057,247694,TEAM3 PINK
3058,336382,Marvel United: X-Men
3059,6795,Battleball
3060,371,Mystery Rummy: Murders in the Rue Morgue
3061,229370,Rescue Polar Bears: Data & Temperature
3062,74390,Rolling Freight
3063,177147,Survive: Space Attack!
3064,149787,Perdition's Mouth: Abyssal Rift
3065,287158,Half Truth
3066,31133,Ice Flow
3067,231991,Firefly Adventures: Brigands and Browncoats
3068,172881,Quartz
3069,5684,18EU
3070,21892,Augsburg 1520
3071,73863,Grimoire
3072,31503,Slide 5
3073,670,Starship Troopers
3074,242667,Dark Souls: The Card Game
3075,165967,Great War Commander
3076,88126,Time's Up! Family
3077,233896,Resident Evil 2: The Board Game
3078,17804,Dungeons & Dragons Basic Game
3079,292032,Funkoverse Strategy Game: Harry Potter 100
3080,46158,Time's Up! Academy
3081,9408,Dos Rios
3082,38194,Cheaty Mages!
3083,9028,Tongiaki: Journey into the Unknown
3084,204493,Sakura Arms
3085,228602,Valor & Villainy: Minions of Mordak
3086,42743,Opera
3087,66085,Keltis: Das Orakel
3088,257668,1906 San Francisco
3089,287941,Formosa Tea
3090,136594,Dragon's Hoard
3091,3986,Battle for Germany
3092,20609,Asia Engulfed
3093,25584,If Wishes Were Fishes!
3094,10819,Navia Dratp
3095,2652,Wise and Otherwise
3096,58601,Advanced Squad Leader: Starter Kit Expansion Pack #1
3097,142124,Tsukiji
3098,204575,Way of the Panda
3099,713,Nuclear War
3100,154443,Madame Ching
3101,300905,Top Ten
3102,200171,Legendary: Big Trouble in Little China
3103,164698,Fresh Fish
3104,201186,Summit: The Board Game
3105,284333,Yggdrasil Chronicles
3106,41003,Keltis: Der Weg der Steine Mitbringspiel
3107,178044,Small Star Empires
3108,2290,Good & Bad Ghosts
3109,3141,The Bucket King
3110,21380,Conquest of the Fallen Lands
3111,19,Wacky Wacky West
3112,204728,BattleCON: Trials of Indines
3113,29687,Leaping Lemmings
3114,186701,Burger Up
3115,13883,Jenseits von Theben
3116,20080,Aqua Romana
3117,136440,Canterbury
3118,24070,Afrika: 2nd Edition
3119,11265,Wellington: The Peninsular War 1812-1814
3120,2604,Compatibility
3121,237145,Daimyo: Rebirth of the Empire
3122,135654,New Dawn
3123,200726,Rocky Road à la Mode
3124,22287,Buccaneer
3125,545,Kaleidos
3126,12632,Goldbräu
3127,179820,Tail Feathers
3128,261145,Detective Stories: Case 1 – The Fire in Adlerstein
3129,182120,Histrio
3130,32341,Cockroach Salad
3131,337787,Summer Camp
3132,2981,Breaking Away
3133,186323,Tavarua
3134,275010,De Vulgari Eloquentia: Deluxe Edition
3135,129294,Campaign Trail
3136,116858,Noah
3137,10660,Micropul
3138,32014,Confucius
3139,180231,OctoDice
3140,173441,Bring Your Own Book
3141,29410,Municipium
3142,152757,Doodle Quest
3143,13293,Vs System
3144,908,Tally Ho!
3145,178591,Lunarchitects
3146,99358,Stonewall Jackson's Way II: Battles of Bull Run
3147,203828,"13 Minutes: The Cuban Missile Crisis, 1962"
3148,266504,Dig Your Way Out
3149,160964,Star Wars: Empire vs. Rebellion
3150,200924,Order of the Gilded Compass
3151,312618,Flourish
3152,178134,London Dread
3153,86955,Munchkin Zombies
3154,170318,Among the Stars: Revival
3155,221155,Donning the Purple
3156,246228,Impact: Battle of Elements
3157,4204,Tunisia
3158,300751,Mini Express
3159,256839,VektoRace
3160,146735,Munchkin Adventure Time
3161,237706,Heroes of Tenefyr
3162,317311,Switch & Signal
3163,38657,Cities
3164,174744,Mogul
3165,173294,DC Comics Dice Masters: War of Light
3166,1666,Battle Hymn
3167,31056,Micro Mutants: Evolution
3168,29308,Beowulf: The Movie Board Game
3169,292034,Funkoverse Strategy Game: DC Comics 100
3170,194230,Attack on Titan: Deck-Building Game
3171,1459,Sharp Shooters
3172,2375,Sequence
3173,2228,War of the Ring
3174,298383,Golem
3175,75789,Mai-Star
3176,2689,British Rails
3177,260407,Soviet Kitchen Unleashed
3178,226605,Fire Tower
3179,299027,Colt Super Express
3180,313262,Shamans
3181,53168,Triumvirate
3182,3128,Clippers
3183,179933,Agility
3184,180325,Elfenroads
3185,188164,B-17 Flying Fortress Leader
3186,193840,The Dragon & Flagon
3187,1710,The Siege of Jerusalem (Third Edition)
3188,226213,Cursed Court
3189,308989,Bristol 1350
3190,192120,Meeple War
3191,215471,Wind the Film!
3192,1419,Pylos
3193,230498,Deckscape: The Fate of London
3194,187353,Marvel Dice Masters: Civil War
3195,205477,Vengeance
3196,183572,Dungeons & Dragons Dice Masters: Faerûn Under Siege
3197,171835,Posthuman
3198,224133,The Cousins' War
3199,700,Battle Masters
3200,782,"Win, Place & Show"
3201,266722,Rumble Nation
3202,195227,Quartermaster General: Victory or Death – The Peloponnesian War
3203,229713,War Room
3204,229427,"Warhammer 40,000 (Eighth Edition)"
3205,75223,Utopia Engine
3206,125993,France '40
3207,150146,Rattlebones
3208,2633,DOG
3209,173805,Lobotomy
3210,37208,Court of the Medici
3211,3553,Close Action: The Age of Fighting Sail Vol. 1
3212,339789,Welcome to the Moon
3213,10383,Risk: Godstorm
3214,1036,Speculation
3215,30804,Song of Blades and Heroes: Revised Edition
3216,230191,The Island of El Dorado
3217,7104,Ace of Aces: Powerhouse Series
3218,275974,Margraves of Valeria
3219,179448,Monikers: Shmonikers
3220,40531,Cosmic Encounter
3221,207910,Subatomic: An Atom Building Game
3222,323612,Bitoku
3223,218995,Santo Domingo
3224,238916,Shadows of Kilforth: A Fantasy Quest Game
3225,154634,Yardmaster
3226,264164,Night of the Living Dead: A Zombicide Game
3227,102898,Sewer Pirats
3228,40214,Bombay
3229,295488,Andor: The Family Fantasy Game
3230,131449,Captains of Industry
3231,249673,Rolling Ranch
3232,281658,Hats
3233,6541,Articulate!
3234,38749,Catan Geographies: Germany
3235,27172,Ponte del Diavolo
3236,258412,Unlock!: Exotic Adventures – Night of the Boogeymen
3237,300930,Schotten Totten 2
3238,19650,Il Principe
3239,256623,Realm of Sand
3240,118402,Maharani
3241,6281,Eketorp
3242,141,Andromeda
3243,293,Bamboleo
3244,32989,Axis Empires: Totaler Krieg!
3245,6719,Liberty: The American Revolution 1775-83
3246,3154,Nautilus
3247,1213,Nuclear Escalation
3248,1768,Fireball Island
3249,25420,Ur
3250,271519,Ecosystem
3251,249821,Codenames: Harry Potter
3252,269618,Crystallo
3253,5451,Hanafuda
3254,27739,Hearts and Minds: Vietnam 1965-1975
3255,22198,Great Wall of China
3256,246150,Arraial
3257,235544,Specter Ops: Broken Covenant
3258,234429,Raids
3259,1323,Cry Havoc
3260,3464,Melee
3261,98085,Seven Dragons
3262,170,Family Business
3263,2455,India Rails
3264,193668,The Red Dragon Inn: Battle for Greyport
3265,295607,Canopy
3266,230251,Mint Delivery
3267,258104,Tribes: Dawn of Humanity
3268,75448,Tanto Cuore: Romantic Vacation
3269,4505,Tarot
3270,274037,Solar Storm
3271,155689,Dungeons & Dragons: Attack Wing
3272,24565,Magical Athlete
3273,268890,Proving Grounds
3274,52328,Malifaux
3275,19363,Havoc: The Hundred Years War
3276,173319,Lost Legacy: Second Chronicle – Vorpal Sword & Whitegold Spire
3277,2247,Zero!
3278,145308,Marrying Mr. Darcy
3279,56933,Penguin Party
3280,104994,City Tycoon
3281,3452,Emerald
3282,143075,Luchador! Mexican Wrestling Dice
3283,285036,Shadow Kingdoms of Valeria
3284,4095,Star Munchkin
3285,193512,Kingdom Defenders
3286,9825,Early American Chrononauts
3287,3893,Full Thrust
3288,194789,10 Minute Heist: The Wizard's Tower
3289,283211,Harry Potter: Death Eaters Rising
3290,256669,Scorpius Freighter
3291,859,Illuminati
3292,18289,Key Largo
3293,186279,Mini Mölkky
3294,6581,Korea: The Forgotten War
3295,63706,11 nimmt!
3296,4529,Hellas
3297,148271,Metallum
3298,42898,Pocket Battles: Celts vs. Romans
3299,96613,Alcatraz: The Scapegoat
3300,270168,Tuki
3301,131682,City of Gears
3302,130390,Ruhrschifffahrt 1769-1890
3303,71021,Evolution: The Origin of Species
3304,196257,Castle Itter
3305,231665,Fast Forward: FORTRESS
3306,1585,Burma: The Campaign in Northern Burma
3307,94902,Dungeons & Dragons Starter Set
3308,253215,Jetpack Joyride
3309,247160,Dinosaur Tea Party
3310,115233,Rory's Story Cubes: Voyages
3311,91534,Struggle for Catan
3312,200785,Legendary Inventors
3313,235,Blackbeard
3314,251723,Zombicide: Dark Side
3315,205885,X nimmt!
3316,283,Advanced Third Reich
3317,267,Tycoon
3318,258411,Unlock!: Exotic Adventures – Expedition: Challenger
3319,2998,Reds! The Russian Civil War 1918-1921
3320,20079,Pacific Typhoon
3321,87821,Kingdom of Solomon
3322,84159,Junta: Viva el Presidente!
3323,7929,Dungeons & Dragons Miniatures
3324,293348,Flesh and Blood
3325,219512,Tudor
3326,283095,Cosmic Colonies
3327,343562,Horrified: American Monsters
3328,238164,The Faceless
3329,32838,The Battle for Normandy
3330,550,Barbarossa
3331,32114,Merchants
3332,298586,Demeter
3333,173536,2GM Tactics
3334,92120,Atlantis Rising
3335,306709,The Night Cage
3336,73538,Pirate Fluxx
3337,194923,Techno Bowl: Arcade Football Unplugged
3338,257164,Dungeon Raiders
3339,192297,America
3340,1431,War at Sea (Second Edition)
3341,541,Das Motorsportspiel
3342,216856,Demon Worker
3343,257096,Run Fight or Die: Reloaded
3344,804,Thunder Road
3345,1372,Rise of the Luftwaffe
3346,4212,Here Come the Rebels
3347,298572,Cosmic Encounter Duel
3348,305761,Whale Riders
3349,80642,Antics!
3350,175878,504
3351,110,Auf Achse
3352,98242,Star Trek Deck Building Game: The Next Generation
3353,145601,Deadline
3354,129090,Roll For It!
3355,249814,Crimson Company
3356,159581,Maskmen
3357,148205,Penny Press
3358,282418,Toy Story: Obstacles & Adventures
3359,271512,5211
3360,159492,The Game of 49
3361,108831,Kulami
3362,178550,Spheres of Influence: Struggle for Global Supremacy
3363,197072,High Treason: The Trial of Louis Riel
3364,257380,Counterfeiters
3365,101865,Saga
3366,302469,Ausonia
3367,241225,Smash Up: That '70s Expansion
3368,215616,Ascension: Gift of the Elements
3369,302193,Wonder Woman: Challenge of the Amazons
3370,182770,DC Comics Dice Masters: World's Finest
3371,206757,Glory: A Game of Knights
3372,129156,"Celles: The Ardennes, December 23-27, 1944"
3373,270293,Gorinto
3374,261342,Old West Empresario
3375,230408,Monopoly Gamer
3376,125050,Pay Dirt
3377,257674,Vampire: The Masquerade – Heritage
3378,14080,The Mighty Endeavor
3379,15889,Scopa
3380,160903,Target for Today
3381,19184,Lectio
3382,21754,Nottingham
3383,36345,Monty Python Fluxx
3384,287322,Mystic Market
3385,22457,Axis & Allies: Battle of the Bulge
3386,29581,Tomb
3387,147431,Cubist
3388,302344,Scooby-Doo: Escape from the Haunted Mansion
3389,1447,1841: Railways in Northern Italy
3390,244769,HEXplore It: The Forests of Adrimon
3391,172225,Exploding Kittens
3392,142084,Kings of Israel
3393,256918,Cerberus
3394,171630,Drakon (Fourth Edition)
3395,276090,Icaion
3396,1209,Pax Britannica: The Colonial Era 1880 to the Great War
3397,192927,Last Friday
3398,235627,Iquazú
3399,57163,Gonzaga
3400,286431,Electropolis
3401,4211,Stonewall Jackson's Way
3402,63632,Jerusalem
3403,218376,Direwild
3404,265017,Tortuga 2199
3405,234521,Necromunda: Underhive
3406,135262,Electronic Catch Phrase
3407,255805,Honga
3408,112869,Munchkin Apocalypse
3409,4471,Fist of Dragonstones
3410,194286,Catacombs & Castles
3411,33665,Battle Above the Clouds
3412,1338,Volldampf
3413,113927,Nightfall: The Coldest War
3414,282291,Escape Tales: Low Memory
3415,245659,Vampire: The Masquerade – Vendetta
3416,313698,Monster Expedition
3417,292564,Back to the Future: Dice Through Time
3418,201308,Hive Mind
3419,2748,"Thirty Years War: Europe in Agony, 1618-1648"
3420,91034,Laser Chess
3421,167298,Sheep & Thief
3422,254213,Boomerang
3423,279306,1987 Channel Tunnel
3424,117663,Piraten kapern
3425,118247,Lucky Numbers
3426,5534,Light Speed
3427,153425,North Wind
3428,255633,Town Builder: Coevorden
3429,12140,Stalingrad Pocket: The Wehrmacht's Greatest Disaster – 2nd Edition
3430,201846,Expancity
3431,137290,Nosferatu
3432,1830,Nippon Rails
3433,294230,Remember Our Trip
3434,109969,Mutant Meeples
3435,234691,Mystery of the Temples
3436,110524,"Goblins, Inc."
3437,35248,Batavia
3438,1679,Carrier: The Southwest Pacific Campaign – 1942-1943
3439,2535,Valley of the Mammoths
3440,5336,Talisman (Third Edition)
3441,121041,Pluckin' Pairs
3442,6539,Formula Dé Mini
3443,64826,Moongha Invaders: Mad Scientists and Atomic Monsters Attack the Earth!
3444,17104,Canasta
3445,8147,Maka Bana
3446,191177,Space Race: The Card Game
3447,5419,Magna Grecia
3448,8817,Call of Cthulhu: Collectible Card Game
3449,67181,PIX
3450,25823,Cartagena 2. The Pirate's Nest
3451,29259,Axis & Allies:  Guadalcanal
3452,1800,Mythos
3453,3243,Wooly Wars
3454,226254,The Ruhr: A Story of Coal Trade
3455,93971,Nile DeLuxor
3456,69120,Cadwallon: City of Thieves
3457,265285,Queenz: To Bee or Not to Bee
3458,163920,Gaïa
3459,262733,Reichbusters: Projekt Vril
3460,268493,Mechanica
3461,18803,Black Stories
3462,255360,Bargain Basement Bathysphere
3463,13532,Guderian's Blitzkrieg II
3464,96026,18OE: On the Rails of the Orient Express
3465,254619,Porto
3466,307844,Atheneum: Mystic Library
3467,4985,Warmaster
3468,20295,WeyKick
3469,29285,Case Blue
3470,35035,World at War: Blood and Bridges
3471,255249,Monikers: More Monikers
3472,17394,The Burning Blue
3473,234469,Origami
3474,72667,Mijnlieff
3475,65200,Asteroyds
3476,6707,Age of Mythology: The Boardgame
3477,303554,Winter Kingdom
3478,125924,Clubs
3479,286344,Conflict of Heroes: Storms of Steel – Kursk 1943 (Third Edition)
3480,275089,Mental Blocks
3481,7804,Dracula
3482,21287,Bison: Thunder on the Prairie
3483,1552,Illuminati: New World Order
3484,25900,Kingdom of Heaven: The Crusader States 1097-1291
3485,19947,Ark
3486,37728,Rock the Beat
3487,237251,Biosphere
3488,332290,Stardew Valley: The Board Game
3489,335609,TEN
3490,277458,Kluster
3491,265784,Cleopatra and the Society of Architects: Deluxe Edition
3492,225885,Unbroken
3493,195194,Horizons
3494,148291,Trieste
3495,2539,Urland
3496,140457,Ultimate Werewolf: Inquisition
3497,125943,Corporate America
3498,253399,Journal 29: Interactive Book Game
3499,204605,Unicornus Knights
3500,234337,Senators
3501,123576,Sheepland
3502,261403,Inhuman Conditions
3503,204817,Henchmania
3504,24843,Graenaland
3505,101786,Dust Tactics: Revised Core Set
3506,33468,Zombie in My Pocket
3507,273264,Iron Helm
3508,95,Igel Ärgern
3509,431,Alhambra: The Card Game
3510,159059,The King's Abbey
3511,256705,Seasons of Rice
3512,241491,Who Did It?
3513,147623,Friese's Landlord
3514,267475,Stay Cool
3515,5576,Dungeoneer: Tomb of the Lich Lord
3516,142555,The Lord of the Rings: The Two Towers Deck-Building Game
3517,15157,Amazonas
3518,113293,Article 27: The UN Security Council Game
3519,207753,Arena: For the Gods!
3520,254888,High Rise
3521,313963,Cloud City
3522,80979,Fortuna
3523,13362,"Warhammer 40,000 (Fourth Edition)"
3524,98347,Empires of the Void
3525,171226,Starfighter
3526,22237,Hart an der Grenze
3527,253786,Don't Mess with Cthulhu Deluxe
3528,17970,Axis & Allies Miniatures
3529,310632,Dice Miner
3530,31954,"A Victory Denied: Crisis at Smolensk, July-September, 1941"
3531,58099,Granada
3532,142267,Bomb Squad
3533,3406,Lines of Action
3534,297658,[kosmopoli:t]
3535,298281,Exit: The Game + Puzzle – The Sacred Temple
3536,4553,Attribute
3537,146408,Sentinel Tactics: The Flame of Freedom
3538,23,Divine Right
3539,29602,Okko: Era of the Asagiri
3540,264637,Yokohama Duel
3541,150484,Secrets of the Lost Tomb
3542,12896,La Bataille des Quatre Bras
3543,46807,Infinite City
3544,15826,Triumph of Chaos
3545,202982,Scrawl
3546,255570,Brotherhood & Unity
3547,123160,Battle For Souls
3548,245645,Franchise
3549,339,Quiddler
3550,253574,Crusader Kings
3551,73313,Elements
3552,139992,Kaosball: The Fantasy Sport of Total Domination
3553,35669,Bastogne: Screaming Eagles Under Siege 18-27 Dec' 44
3554,403,Elk Fest
3555,11096,Tahuantinsuyu
3556,206206,Escape from 100 Million B.C.
3557,332321,ALIEN: Fate of the Nostromo
3558,4206,Roads to Gettysburg
3559,38797,Uruk: Wiege der Zivilisation
3560,179835,Stellar Conflict
3561,211364,Seize the Bean
3562,68,Successors (First/Second Edition)
3563,24304,Unspeakable Words
3564,250309,Darwin's Choice
3565,266993,Call to Adventure: The Stormlight Archive
3566,69130,Next War: Korea
3567,222887,Twin It!
3568,40107,"Soviet Dawn: The Russian Civil War, 1918-1921"
3569,12234,"DAK2: The Campaign in North Africa, 1940-1942"
3570,232979,Richard the Lionheart
3571,91189,Ristorante Italia
3572,30932,Lascaux
3573,214996,"Silver Bayonet: The First Team in Vietnam, 1965 (25th Anniversary Edition)"
3574,6688,Ninety-Nine
3575,3312,1776: The Game of the American Revolutionary War
3576,160561,Versailles
3577,3230,Tyros
3578,133285,Tin Goose
3579,72809,Barbarossa
3580,119337,Aeroplanes: Aviation Ascendant
3581,215565,Roads to Gettysburg II: Lee Strikes North
3582,255455,Captains of the Gulf
3583,141932,The Agents
3584,317372,Exit: The Game – The Gate Between Worlds
3585,225163,Reworld
3586,34004,Big Points
3587,14634,Homeworlds
3588,17651,Under the Lily Banners
3589,25574,Gin Rummy
3590,122159,Cthulhu Fluxx
3591,4112,Hex
3592,14683,Men of Iron
3593,7479,WarCraft: The Board Game
3594,20782,Siam
3595,154259,Province
3596,756,Black Vienna
3597,192343,Bubblee Pop
3598,229632,Unlock!: Escape Adventures – Fifth Avenue
3599,37696,The Stars Are Right
3600,247,Gloria Picktoria
3601,188390,Enemy Coast Ahead: The Doolittle Raid
3602,4214,Stonewall in the Valley
3603,192673,Martians: A Story of Civilization
3604,130605,Lost Valley: The Yukon Goldrush 1896
3605,256707,Trick Shot
3607,12004,Candamir: The First Settlers
3608,247360,Junk Orbit
3609,168839,Die Kutschfahrt zur Teufelsburg
3610,233973,Huns
3611,199182,Commands & Colors Tricorne: The American Revolution
3612,252693,Batman: The Animated Series – Gotham City Under Siege
3613,247724,"Smash Up: Oops, You Did It Again"
3614,227893,Smile
3615,3577,Terrible Swift Sword: Battle of Gettysburg Game
3616,175973,The Hunters A.D. 2114
3617,234711,Christmas Tree
3618,176262,Fleet Wharfside
3619,181523,Snowblind: Race for the Pole
3620,4286,A Game of Thrones Collectible Card Game
3621,257582,Periodic: A Game of The Elements
3622,3632,Too Many Cooks
3623,219232,Ilôs
3624,156,Wildlife Adventure
3625,229956,"Fort Sumter: The Secession Crisis, 1860-61"
3626,8207,Dungeoneer: Vault of the Fiends
3627,96704,Fealty
3628,304847,Hidden Games Crime Scene: The New Haven Case
3629,8552,I Go!
3630,274426,Pangea
3631,8668,Igloo Pop
3632,255659,Ground Floor (Second Edition)
3633,2250,Midway
3634,224031,Cartagena
3635,1452,Mhing
3636,139326,UGO!
3637,6955,Reiner Knizia's Decathlon
3638,89415,Rory's Story Cubes: Actions
3639,39832,Sumeria
3640,238094,Mutabo
3641,392,Brawl
3642,911,Empires of the Middle Ages
3643,178896,"Last Blitzkrieg: Wacht am Rhein, The Battle of the Bulge"
3644,243696,Race to the New Found Land
3645,162263,Temporum
3646,261009,Inuit: The Snow Folk
3647,42929,Martian Rails
3648,278554,Silver Bullet
3649,282439,Lux Aeterna
3650,269526,Valley of the Vikings
3651,935,Australian Rails
3652,233006,Carthago: Merchants & Guilds
3653,145012,Sultaniya
3654,211940,Okey Dokey
3655,163976,Exoplanets
3656,183578,Wing Leader: Supremacy 1943-1945
3657,47046,Gambit 7
3658,31920,Munchkin Booty
3659,32424,1848: Australia
3660,178892,Vs System 2PCG: The Marvel Battles
3661,177727,Haleakala
3662,6263,King's Breakfast
3663,244946,Brook City
3664,1821,Grant Takes Command
3665,266460,Yinzi
3666,277659,Final Girl
3667,147887,Allegiance: A Realm Divided
3668,21464,California
3669,265204,Pocket Landship
3670,258413,Unlock!: Exotic Adventures – Scheherazade's Last Tale
3671,41636,Abandon Ship
3672,2363,Orient Express
3673,13301,Caribbean
3674,66081,Pocket Battles: Elves vs. Orcs
3675,342848,World of Warcraft: Wrath of the Lich King
3676,236305,Combo Fighter
3677,256509,The One Hundred Torii
3678,67601,D-Day at Peleliu
3679,3661,Imperium: Empires in Conflict – Worlds in the Balance
3680,192,Nicht die Bohne!
3681,24878,AT-43 Initiation Set: Operation Damocles
3682,171110,Cosmic Run
3683,128698,Vampire Empire
3684,257726,Brikks
3685,10947,Master Thieves
3686,3548,Assault on Hoth: The Empire Strikes Back
3687,26055,Twilight Imperium: Second Edition
3688,2470,The Extraordinary Adventures of Baron Munchausen
3689,302917,King of 12
3690,130552,Warhammer: The Game of Fantasy Battles (8th Edition)
3691,164506,Biblios Dice
3692,3730,Statis Pro Baseball
3693,1545,Flowerpower
3694,6542,Lock 'n Load: Forgotten Heroes – Vietnam
3695,206939,Do De Li Do
3696,124622,In Magnificent Style: Pickett's Charge at Gettysburg
3697,150783,Antidote
3698,137909,Bugs in the Kitchen
3699,568,Rage
3700,241164,Jurassic Snack
3701,1717,"Freedom in the Galaxy: The Star Rebellions, 5764 AD"
3702,2077,Hell's Highway: Operation Market Garden
3703,163931,Grog Island
3704,232830,Shifty Eyed Spies
3705,143484,Florenza: The Card Game
3706,231962,Krazy Wordz
3707,31545,Pow Wow
3708,276497,La Viña
3709,103339,Reluctant Enemies: Operation Exporter
3710,65225,Road Kill Rally
3711,285773,Arkham Horror: Final Hour
3712,38984,Mow
3713,164865,B-Sieged: Sons of the Abyss
3714,283152,Monikers: Serious Nonsense
3715,269967,EXIT: Das Spiel – Die Känguru-Eskapaden
3716,270143,Kōhaku
3717,174805,Champions of Hara
3718,163163,Grand Prix
3719,154905,Brew Crafters: Travel Card Game
3720,282922,Windward
3721,304985,Dark Ages: Holy Roman Empire
3722,166854,Dark Domains
3723,283642,Cowboy Bebop: Space Serenade
3724,242520,"All Bridges Burning: Red Revolt and White Guard in Finland, 1917-1918"
3725,146784,A Touch of Evil: Dark Gothic
3726,6663,Lunar Rails
3727,247704,Quartermaster General: The Cold War
3728,97803,Penny Arcade: The Game – Gamers vs. Evil
3729,29805,Petits Meurtres & Faits Divers
3730,220780,Fairy Tile
3731,319793,Happy City
3732,300305,Nanga Parbat
3733,127312,Enigma
3734,58798,Cardcassonne
3735,61458,Kaigan
3736,217949,A Column of Fire
3737,174476,10' to Kill
3738,152053,Lagoon: Land of Druids
3739,277080,Titans
3740,29387,Zombie Fluxx
3741,66424,Dungeon Run
3742,1125,Big Shot
3743,277030,1824: Austrian-Hungarian Railway (Second Edition)
3744,177515,SEAL Team Flix
3745,4556,Patton's Best
3746,134711,Guilds of Cadwallon
3747,45134,Arcana
3748,253807,The Few and Cursed
3749,178940,Push It
3750,257733,Fine Sand
3751,132758,Fool's Gold
3752,259066,Commands & Colors: Samurai Battles
3753,29294,World of Warcraft: The Adventure Game
3754,4258,Totaler Krieg!
3755,275034,Judge Dredd: Helter Skelter
3756,228051,"Warhammer 40,000: Heroes of Black Reach"
3757,8166,Anno 1503
3758,254088,Gravity Superstar
3759,201509,Dead Man's Doubloons
3760,27385,Alchemist
3761,234450,Ruthless
3762,147747,Super Fantasy: Ugly Snouts Assault
3763,338760,Imperial Steam
3764,14188,Bughouse Chess
3765,4047,Across 5 Aprils
3766,13123,500
3767,1212,Nuclear Proliferation
3768,295785,Euthia: Torment of Resurrection
3769,216578,Half-Pint Heroes
3770,834,Chronology
3771,202721,The Last Hundred Yards
3772,155025,The Magnates: A Game of Power
3773,196305,Guildhall Fantasy: Alliance
3774,207898,Captive
3775,266304,MegaCity: Oceania
3776,181494,CVlizations
3777,3137,Anno Domini: Erfindungen
3778,279720,Streets
3779,269146,Yōkai
3780,282463,Copenhagen: Roll & Write
3781,165876,Spike
3782,206156,SUPERHOT: The Card Game
3783,198832,Legends Untold: Weeping Caves Novice Set
3784,35935,Day & Night
3785,34496,World of Warcraft Miniatures Game
3786,146149,Quick Cups
3787,3463,Wizard
3788,231553,Jagged Alliance: The Board Game
3789,173275,Ghostbusters: The Board Game
3790,25213,30 Seconds
3791,189350,Starving Artists
3792,84464,Animal Upon Animal: Balancing Bridge
3793,92643,Artus
3794,322195,Kokopelli
3795,9675,La Strada
3796,161530,Jäger und Späher
3797,3086,The Omega Virus
3798,816,2038: Tycoons of the Asteroid Belt
3799,184700,In the Name of Odin
3800,22347,Pecking Order
3801,2876,Mage Knight Dungeons
3802,23953,Outside the Scope of BGG
3803,6778,The Settlers of Zarahemla
3804,7062,Smarty Party!
3805,229,King of the Elves
3806,299607,Capital Lux 2: Generations
3807,194232,Rick and Morty: Total Rickall Card Game
3808,4854,7th Fleet: Modern Naval Combat in the Far East
3809,253756,Gorus Maximus
3810,8229,Armadöra
3811,275044,Glow
3812,250779,Sherlock: Death on the 4th of July
3813,144388,Elevenses
3814,129556,Tapple
3815,262341,TTMC: Tu te mets combien ?
3816,41052,Loco Motive
3817,195709,Monikers: Something Something
3818,172584,Among Nobles
3819,6931,Katamino
3820,99312,Feudality
3821,854,Doge
3822,144761,"Going, Going, GONE!"
3823,63539,Lupus in Tabula
3824,39328,Baltic Gap: Summer 1944
3825,25727,Lock 'n Load Tactical: Day of Heroes
3826,224894,Michael Strogoff
3827,209877,World At War 85: Storming the Gap
3828,2073,Sixth Fleet: Modern Naval Combat in the Mediterranean
3829,317105,Tiny Epic Galaxies BLAST OFF!
3830,32382,Gipsy King
3831,206754,Burke's Gambit
3832,279644,Peloponnesian War
3833,364,Samarkand
3834,7935,1844: Schweiz
3835,2448,Kalah
3836,156840,Clinic
3837,5651,The Longest Day
3838,8946,Da Vinci Code
3839,178210,Batman Fluxx
3840,91773,Resident Evil Deck Building Game: Alliance
3841,3593,Star Wars: Star Warriors
3842,137095,The Witches: A Discworld Game
3843,255653,Warhammer Age of Sigmar: Champions Trading Card Game
3844,263155,One Key
3845,66120,Zooloretto Junior
3846,3475,Shadowfist
3847,206509,Bayonets & Tomahawks
3848,3413,Saratoga
3849,173115,Monarch
3850,651,Zero Down
3851,1493,1853
3852,340041,Kingdomino Origins
3853,230089,Okanagan: Valley of the Lakes
3854,92666,Hegemonic
3855,107704,Fief
3856,232829,The Wizard Always Wins
3857,254994,Extraordinary Adventures: Pirates
3858,3828,Locomotive Werks
3859,16497,Rat Hot
3860,293959,"Men of Iron Battles Tri-pack: Men of Iron, Infidel, Blood & Roses"
3861,5445,Rod Hockey
3862,213370,Castles of Caladale
3863,159632,Strife: Legacy of the Eternals
3864,144743,Machina Arcana
3865,203204,Magic: The Gathering – Arena of the Planeswalkers: Shadows over Innistrad
3866,161527,Catan: Ancient Egypt
3867,65534,The Ares Project
3868,169649,Sapiens
3869,182094,BANG! The Duel
3870,38318,Start Player
3871,236239,"Battles of the American Revolution Tri-pack: Guilford, Saratoga, Brandywine"
3872,309129,Disney: The Haunted Mansion – Call of the Spirits Game
3873,230059,Crossfire
3874,283242,The Whatnot Cabinet
3875,56796,Let's Catch the Lion!
3876,119632,IOTA
3877,154510,Shadows of Malice
3878,61484,Zombie State: Diplomacy of the Dead
3879,176146,The Lamps Are Going Out
3880,120669,No Retreat!: The North African Front
3881,278120,God of War: The Card Game
3882,6714,Go Away Monster!
3883,130006,Mini Kubb
3884,27680,1936: Guerra Civil
3885,143981,VOLT: Robot Battle Arena
3886,17027,Sitting Ducks Gallery
3887,1002,Cosmic Eidex
3888,257056,Lovelace & Babbage
3889,173092,Träxx
3890,755,Thunder at Cassino
3891,154880,Voodoo
3892,24,Twilight Imperium
3893,176334,Guns & Steel
3894,105187,MIL (1049)
3895,55834,Mosaix
3896,227127,Europe in Turmoil: Prelude to the Great War
3897,213953,Pyramid Poker
3898,282171,Trial by Trolley
3899,114438,"But Wait, There's More!"
3900,94373,Dien Bien Phu: The Final Gamble
3901,1705,Slapshot
3902,299255,Vienna Connection
3903,27165,Age of Discovery
3904,4173,Anzio
3905,226255,1920 Wall Street
3906,13005,Tanz der Hornochsen!
3907,302809,Betrayal at Mystery Mansion
3908,226176,Fallout: Wasteland Warfare
3909,155702,Quarriors! Light vs. Dark
3910,202819,Gnomopolis
3911,40276,Masters of Venice
3912,255175,Mutants
3913,65568,Jäger und Sammler
3914,28805,The Lord of the Rings: Strategy Battle Game
3915,153422,Gardens
3916,43578,Monster Chase
3917,246567,Big Monster
3918,199242,Mini Rogue: A 9-Card Print-and-Play Game
3919,181501,Peloponnes Card Game
3920,209136,Q.E.
3921,244141,Symphony No.9
3922,28396,It's Alive!
3923,122690,Star Trek Deck Building Game: The Original Series
3924,284429,Paris: New Eden
3925,144325,Munchkin Legends
3926,21985,Giro Galoppo
3927,789,Focus
3928,275067,Key Market (Second Edition)
3929,28218,Cash-a-Catch
3930,301084,Polynesia
3931,235512,Loot Island
3932,5770,Orchard
3933,42328,Pax Baltica
3934,33434,Funkenschlag: EnBW
3935,313531,Blätterrauschen
3936,41239,Mamma Mia! Plus
3937,180241,Warhammer Age of Sigmar
3938,313473,L.A.M.A. Party Edition
3939,831,Schrille Stille
3940,165,Black Box
3941,289550,Lions of Lydia
3942,127784,Suspend
3943,256513,Animal Kingdoms
3944,310789,Catapult Feud
3945,233974,Sundae Split
3946,9963,Santorini
3947,130680,iKNOW
3948,250754,Trade on the Tigris
3949,267058,300: Earth & Water
3950,29256,Origins:  How We Became Human
3951,269257,Chartae
3952,190247,Bloc by Bloc: The Insurrection Game
3953,232473,Ratland
3954,33495,Time's Up! Édition purple
3955,9617,Russian Rails
3956,196306,Guildhall Fantasy: Coalition
3957,64956,10 Days in the Americas
3958,153999,"...and then, we held hands."
3959,42244,Martinique
3960,248167,Pandoria
3961,313,Big Boss
3962,19358,Western Town
3963,12171,Le Passe-Trappe
3964,259809,Sonar Family
3965,121073,Panic Lab
3966,55601,Sneaks & Snitches
3967,257601,The Duke: Lord's Legacy
3968,42306,Wings of War: WW2 Deluxe set
3969,257006,Homebrewers
3970,188188,Complots
3971,2129,Crossbows and Catapults
3972,10814,Dawn Under
3973,206175,Braintopia
3974,1206,Venture
3975,23890,Der schwarze Pirat
3976,159406,Portal: The Uncooperative Cake Acquisition Game
3977,31745,Utopia
3978,25114,Die Säulen von Venedig
3979,655,Castle
3980,129614,Rondo
3981,156175,Championship Formula Racing
3982,42490,Pony Express
3983,142889,Enemy Coast Ahead: The Dambuster Raid
3984,10174,Bitter Woods (Fourth Edition)
3985,260789,Assassin's Creed: Brotherhood of Venice
3986,295535,Dark Ages: Heritage of Charlemagne
3987,234877,Sebastian Fitzek Safehouse
3988,278751,In Front of the Elevators
3989,63740,Hotel Samoa
3990,13751,Under the Shadow of the Dragon
3991,176361,One Night Revolution
3992,221599,Tiny Ninjas
3993,2,Dragonmaster
3994,23995,No Peace Without Spain!: The War of the Spanish Succession 1702-1713
3995,246855,Boss Monster: Rise of the Minibosses
3996,235365,Doctor Who Fluxx
3997,18746,Gustav Adolf the Great: With God and Victorious Arms
3998,17851,Pizza Box Football
3999,40603,Incursion
4000,106999,Coney Island
4001,292894,The Cost
4002,128733,Revolver 2: Last Stand at Malpaso
4003,97273,Upon a Salty Ocean
4004,269041,Calavera
4005,27969,"A Most Dangerous Time: Japan in Chaos, 1570-1584"
4006,171964,The Order of Vampire Hunters
4007,248002,TAGS
4008,123885,Pick-a-Dog
4009,101682,Saints in Armor
4010,31506,Ziegen Kriegen
4011,236301,Living Planet
4012,88513,Chicken Caesar
4013,152510,The Lord of the Rings: The Return of the King Deck-Building Game
4014,4210,Stonewall's Last Battle: The Chancellorsville Campaign
4015,11106,"Warhammer 40,000: Rogue Trader"
4016,1498,Paydirt
4017,300700,Quetzal
4018,232079,How to Rob a Bank
4019,13507,WINK
4020,132326,Venetia
4021,310,Wizard's Quest
4022,69552,Panic Station
4023,193483,Dwar7s Fall
4024,26235,Pick & Pack
4025,4079,What's My Word?
4026,13855,Carthage: The First Punic War
4027,20865,Bolide
4028,28086,Risk Express
4029,172965,Guards of Atlantis: Tabletop MOBA
4030,286428,"Wits & Wagers: It's Vegas, Baby!"
4031,272993,Dragonrealm
4032,275469,Floor Plan
4033,221230,Farlight
4034,63167,Undermining
4035,173504,"The Greatest Day: Sword, Juno, and Gold Beaches"
4036,217362,Frogriders
4037,196217,18Ireland
4038,200247,Austerlitz 1805: Rising Eagles
4039,321,The Mole in the Hole
4040,5825,Paris Paris
4041,32002,Forged in Steel
4042,159868,Sellswords
4043,249675,Desolate
4044,137154,Auf Teufel komm raus
4045,305986,Sequoia
4046,104573,Spectaculum
4047,267652,Dungeonology: The Expedition
4048,103091,Catan Histories: Merchants of Europe
4049,272438,Blockbuster
4050,164840,Monopoly Deal
4051,24568,Rumis+
4052,6927,Hornet Leader
4053,4001,Space Marine
4054,706,Frederick the Great: The Campaigns of The Soldier King
4055,62225,Infidel
4056,104627,Feudalia
4057,292187,1861/1867 Railways of Russia/Canada
4058,217321,Déjà Vu
4059,149361,Hapsburg Eclipse
4060,229791,Triplock
4061,192185,Matryoshka
4062,340677,Bad Company
4063,72644,Perplexus
4064,3408,This Accursed Civil War
4065,270956,The Court of Miracles
4066,212662,The Red Dragon Inn 6: Villains
4067,191475,Wizard: Jubiläumsedition
4068,257839,Arkham Noir: Case #2 – Called Forth By Thunder
4069,129820,Salmon Run
4070,63196,Three-Dragon Ante: Emperor's Gambit
4071,111502,Star Trek Deck Building Game: The Next Generation – Next Phase
4072,2150,London's Burning
4073,5740,Strat-O-Matic Pro Football
4074,334011,A Gentle Rain
4075,142239,Vye: The Card Game of Capture and Control
4076,194523,HMS Dolores
4077,192240,Control
4078,341530,Super Mega Lucky Box
4079,225,Icehouse
4080,548,Buck Rogers: Battle for the 25th Century Game
4081,213882,Mole Rats in Space
4082,963,The Gardens of the Alhambra
4083,12157,Unanimo
4084,20101,Kaivai
4085,85204,Kings of War
4086,3487,BattleTech CCG
4087,165595,JamSumo
4088,25491,Alhambra: The Dice Game
4089,248,Blood Royale
4090,230050,The Legend of Korra: Pro-Bending Arena
4091,9829,Runebound
4092,145642,The Cards of Cthulhu
4093,231664,Fast Forward: FEAR
4094,10156,The Russian Campaign (Fourth and Fifth editions)
4095,197439,The Fog of War
4096,175222,Lost Legacy: Third Chronicle – Sacred Grail & Staff of Dragons
4097,177875,The Last Spike
4098,686,Dr. Jekyll & Mr. Hyde
4099,295957,Holi: Festival of Colors
4100,226588,Untold: Adventures Await
4101,2079,NATO: The Next War in Europe
4102,216974,King's Road
4103,142,Vino
4104,10934,The Game of Things
4105,217576,Hellenica: Story of Greece
4106,55863,The Three Musketeers: The Queen's Pendants
4107,912,Pacific Victory: War in the Pacific 1941-45
4108,5316,"Warhammer Epic 40,000"
4109,66190,New York
4110,244320,SOS Dino
4111,270131,KLASK 4
4112,121193,Cover Your Assets
4113,256876,Football Highlights 2052
4114,7571,Winds of Plunder
4115,29355,Würfel Bingo
4116,18243,Parthenon: Rise of the Aegean
4117,10653,Pirates of the Spanish Main
4118,257305,SHASN
4119,162107,Doodle City
4120,3895,Silent Death
4121,262274,"D6: Dungeons, Dudes, Dames, Danger, Dice and Dragons!"
4122,1350,Das Amulett
4123,252265,Passtally
4124,209641,Warpgate
4125,247935,Tramways Engineer's Workbook
4126,181254,Attack on Titan: The Last Stand
4127,90009,Eselsbrücke
4128,130827,Rumble in the Dungeon
4129,158130,Tanto Cuore: Oktoberfest
4130,145888,CapCom Street Fighter Deck-Building Game
4131,253743,Fuji Koro
4132,23685,1805: Sea of Glory
4133,240464,Cosmic Run: Regeneration
4134,169141,Fallen Land: A Post Apocalyptic Board Game
4135,224079,Sailing Toward Osiris
4136,222,Space Beans
4137,287780,Squire for Hire
4138,269789,Caravan
4139,207208,Armageddon
4140,217099,Seeders from Sereis: Exodus
4141,250467,Red Alert: Space Fleet Warfare
4142,255594,ShipShape
4143,38931,Basilica
4144,201455,Assault of the Giants
4145,8130,Die Fugger
4146,298635,Alice's Garden
4147,86156,Reverse Charades
4148,257987,The Towers of Arkhanos
4149,171492,Vienna
4150,193238,Tunisia II
4151,138166,Huida de Silver City
4152,235902,Natives
4153,256442,Airship City
4154,3208,Dragonland
4155,151151,Epic Resort
4156,189222,Saltlands
4157,316750,The Princess Bride Adventure Book Game
4158,57998,Boże Igrzysko
4159,257966,Passing Through Petra
4160,169341,Birds of a Feather
4161,302,Forum Romanum
4162,244144,Catan Histories: Rise of the Inkas
4163,267304,Western Empires
4164,66126,Mystery Rummy: Escape from Alcatraz
4165,302461,Intrepid
4166,123228,Bling Bling Gemstone
4167,217990,Stellar Horizons
4168,1496,Imperium Romanum II
4169,217475,Twenty One
4170,170901,Jarl: The Vikings Tile-Laying Game
4171,8993,Fire in the East
4172,158815,At Any Cost: Metz 1870
4173,163056,Musée
4174,4050,Fortress Europa
4175,2555,Vom Kap bis Kairo
4176,23950,Viktory II
4177,180761,Dreamwell
4178,161297,Paradox
4179,131246,Siberia: The Card Game
4180,292892,The Grand Trunk Journey
4181,191438,North American Railways
4182,211454,VOLT
4183,3125,7th Sea Collectible Card Game
4184,1535,Formula-1
4185,71973,Crows
4186,230852,BONK
4187,184842,Catan Junior
4188,24947,The Spoils
4189,283135,Magic Maze on Mars
4190,263192,Teenage Mutant Ninja Turtles Adventures: Change is Constant
4191,181161,Brick Party
4192,1376,Serengeti
4193,147707,Mush! Mush!: Snow Tails 2
4194,315043,Scape Goat
4195,207687,Endangered Orphans of Condyle Cove
4196,1143,Warrior Knights
4197,114903,Castellan
4198,6203,Enemy at the Gates
4199,1577,Source of the Nile
4200,188178,Draconis Invasion
4201,323613,LUNA Capital
4202,299372,Succulent
4203,193428,Street Fighter: The Miniatures Game
4204,335275,Whirling Witchcraft
4205,1992,Stop Thief
4206,161880,The Quiet Year
4207,66193,It Happens..
4208,100734,My Happy Farm
4209,198517,Consumption: Food and Choices
4210,266445,Sherlock: Propagation
4211,10167,Zombies!!! 4: The End...
4212,6817,Schafkopf
4213,222643,The Lady and the Tiger
4214,1339,Dungeon!
4215,1681,Tokyo Express: The Guadalcanal Naval Campaign – 1942
4216,39019,Nothing Gained But Glory
4217,7843,Caesar: Conquest of Gaul
4218,137237,Bremerhaven
4219,34227,Blox
4220,17,Button Men
4221,7742,Confrontation
4222,146559,Infamy
4223,1720,Dragon Pass
4224,292031,Funkoverse Strategy Game: Harry Potter 101
4225,23142,Mag·Blast: Third Edition
4226,104377,TSCHAK!
4227,3318,Heave Ho!
4228,65825,Gettysburg
4229,22497,Straw
4230,333055,Subastral
4231,292033,Funkoverse Strategy Game: DC Comics 101
4232,181811,Tatsu
4233,42142,Doctor Who: Solitaire Story Game
4234,179350,Bretagne
4235,36482,Wings of War: Fire from the Sky
4236,214296,Tenkatoitsu
4237,149869,Sherlock 13
4238,20750,Black Stories 2
4239,258041,Majolica
4240,1690,Unexploded Cow
4241,36887,Waterloo
4242,202732,Raise Your Goblets
4243,159575,Dracula's Feast
4244,163929,Coconuts Duo
4245,14035,Piranha Pedro
4246,256313,Spell Smashers
4247,279198,Tungaru
4248,146130,Coin Age
4249,4205,On to Richmond!
4250,123185,Axis & Allies 1941
4251,3608,Air Force
4252,256541,Monster Crunch! The Breakfast Battle Game
4253,249689,Sovereign Skies
4254,299963,Picture Perfect
4255,72420,Braggart
4256,149896,Alien vs Predator: The Hunt Begins
4257,1506,Conquistador: The Age of Exploration
4258,8515,Hybrid
4259,266140,Unforgiven: The Lincoln Assassination Trial
4260,204675,The Arrival
4261,218580,Divinity Derby
4262,143994,Capo Dei Capi
4263,252997,Mapmaker: The Gerrymandering Game
4264,25294,Take It to the Limit!
4265,150761,Next War: India-Pakistan
4266,11231,Snorta!
4267,870,Empires of the Ancient World
4268,180591,Tumult Royale
4269,254588,Hearts and Minds: Vietnam 1965-1975 (Third Edition)
4270,156372,Heart of Crown: Fairy Garden
4271,3855,Crimson Skies
4272,148083,Dogs
4273,46782,Rush n' Crush
4274,62853,JAB: Realtime Boxing
4275,332944,Sobek: 2 Players
4276,21373,Federation Commander: Romulan Border
4277,76,Air Baron
4278,19989,Robber Knights
4279,108161,Aquileia
4280,13354,Car Wars Compendium
4281,56758,BasketBoss
4282,275840,Dungeon Academy
4283,441,Filthy Rich
4284,163641,Eminent Domain: Battlecruisers
4285,7614,A World at War
4286,35400,Nations at War: White Star Rising
4287,329450,Equinox
4288,174802,VENOM Assault
4289,300,Tutankhamen
4290,22303,Celebrities
4291,89,Blue vs. Gray
4292,251442,Liberation
4293,7092,Battles for the Ardennes
4294,67919,The Message
4295,135877,Fish Cook
4296,145014,Cardline: Globetrotter
4297,203719,Krosmaster Arena 2.0
4298,255037,Silk
4299,296512,The Game: Quick & Easy
4300,54735,Lemming Mafia
4301,114912,Starship Merchants
4302,139508,The Walled City: Londonderry & Borderlands
4303,6930,Sweden Fights On
4304,55165,Bisikle
4305,102610,Shitenno
4306,142063,Deadzone
4307,218161,Pit Crew
4308,8920,BuyWord
4309,253652,Combat!
4310,1472,Five Crowns
4311,232041,Deja Vu: Fragments of Memory
4312,28044,Pocket Civ
4313,12283,Manifest Destiny
4314,368,Relationship Tightrope
4315,97,Conquest of the Empire
4316,217894,Delve
4317,29903,Chang Cheng
4318,178494,Dutch Blitz: Blue Expansion Pack
4319,88594,Eruption
4320,30166,"The Good, the Bad, and the Munchkin"
4321,65936,"The Blitzkrieg Legend: The Battle for France, 1940"
4322,101013,Ninja: Legend of the Scorpion Clan
4323,3061,Samurai
4324,3518,Napoleon in Europe
4325,4550,1000 Blank White Cards
4326,99630,Rolling Stock
4327,242324,Stew
4328,191877,Touria
4329,13084,Volcano
4330,216798,Telestrations: 6 Player Family Pack
4331,2640,Babylon 5 Collectible Card Game
4332,163937,World of Yo-Ho
4333,213549,Spoils of War
4334,200551,30 Rails
4335,1678,"The Peloponnesian War, 431-404 BC"
4336,182,Knights of Charlemagne
4337,259038,Bastille
4338,17835,Monsters Menace America
4339,8521,Whistling Death
4340,37198,Risk (Revised Edition)
4341,10431,Epic Armageddon
4342,339958,Gutenberg
4343,4562,Mogul
4344,62230,Wild Blue Yonder
4345,43264,Pocket Rockets
4346,302734,Master Word
4347,171672,Why First?
4348,262188,Dinoblivion
4349,254110,A Thief's Fortune
4350,62972,The Barbarossa Campaign
4351,193486,Neolithic
4352,282776,Tumble Town
4353,236272,Echidna Shuffle
4354,11269,Roads to Leningrad
4355,218025,The Little Flower Shop
4356,257198,TOKYO TSUKIJI MARKET
4357,4488,Scarab Lords
4358,696,The Big Idea
4359,233956,Bali
4360,38821,Settlers of Catan: Gallery Edition
4361,129165,Wings of Glory: WW1 Duel Pack
4362,102,Klunker
4363,27532,Vineta
4364,317434,Exit: The Game – Advent Calendar: The Mystery of the Ice Cave
4365,128921,Rattus Cartus
4366,238889,Tales of the Northlands: The Sagas of Noggin the Nog
4367,17857,18Scan
4368,41474,Giro d'Italia: The Game
4369,203270,Gorechosen
4370,189664,"The Hunted: Twilight of the U-Boats, 1943-45"
4371,221669,Dawn of Peacemakers
4372,242149,Vadoran Gardens
4373,169215,Peak Oil
4374,153625,Han
4375,266444,Sherlock: 13 Hostages
4376,145975,Hoplite
4377,202,Targui
4378,250664,Godtear
4379,230304,Unlock!: Mystery Adventures – The Nautilus' Traps
4380,126239,Twin Tin Bots
4381,194100,Costa Rica
4382,213149,The King's Will
4383,81250,Stich-Meister
4384,209696,Star Saga
4385,20078,Monmouth
4386,22359,Steel Wolves: The German Submarine Campaign Against Allied Shipping – Vol 1
4387,144566,Circus Train (Second Edition)
4388,227029,Sakura
4389,1445,Canasta Caliente
4390,39932,Chariots of Fire
4391,17923,Anno Domini: Flopps
4392,118410,Dirty Pig
4393,262201,Sword & Sorcery: Ancient Chronicles
4394,323255,Box One
4395,3383,Mahé
4396,237728,Ravine
4397,621,25 Words or Less
4398,205308,Jolly & Roger
4399,310442,Feierabend
4400,210271,Guild Ball: Kick Off!
4401,26447,Clash of Monarchs
4402,203740,Age of Thieves
4403,149620,Decision at Elst: An Advanced Squad Leader Starter Kit Historical Module
4404,136558,Expedition: Famous Explorers
4405,3414,"Yom Kippur: The Battle for the Sinai, October, 1973"
4406,222862,Archmage
4407,111081,Animal Upon Animal: Crest Climbers
4408,63758,Mr. Madison's War: The Incredible War of 1812
4409,220774,Codenames: Marvel
4410,7118,Ace of Aces: Handy Rotary Deluxe Edition
4411,107148,Wings of Glory: WW2 Starter Set
4412,170669,Old School Tactical: Volume 1 – Fighting on the Eastern Front 1941/42
4413,155496,Holdfast: Russia 1941-42
4414,270636,My Farm Shop
4415,36314,Where Eagles Dare: The Battle for Hell's Highway
4416,244212,Railroad Rivals
4417,208428,"No Thank You, Evil!"
4418,244274,The Crusoe Crew
4419,320819,Dinner in Paris
4420,150016,Shephy
4421,42111,Fzzzt!
4422,6481,Ada's Library
4423,64220,Richard Scarry's Busytown: Eye found it! Game
4424,39232,Nemo's War
4425,147614,Crazy Time
4426,165004,ONUS! Rome Vs Carthage
4427,256802,Fool!
4428,207951,Tintas
4429,24770,Quietville
4430,181176,Council of Blackthorn
4431,240843,Maiden's Quest
4432,184866,Wings for the Baron (Second Edition)
4433,266938,Smash Up: World Tour – International Incident
4434,6353,Monty's Gamble: Market Garden
4435,293275,Flyin' Goblin
4436,257063,SiegeStorm: SiegeMode
4437,92644,Schnappt Hubi!
4438,183959,Latice
4439,194,Groo: The Game
4440,2125,Amazons
4441,165186,Hitler's Reich: WW2 in Europe
4442,205185,Einstein: His Amazing Life and Incomparable Science
4443,271460,UNO Flip!
4444,266446,Sherlock: Paradero Desconocido
4445,194553,Dairyman
4446,298282,Exit: The Game + Puzzle – The Deserted Lighthouse
4447,196712,Battlestations: Second Edition
4448,124590,Call to Glory
4449,90041,Principato
4450,241066,Papillon
4451,191579,Teenage Mutant Ninja Turtles Dice Masters
4452,160744,Far Space Foundry
4453,267314,My First Castle Panic
4454,136192,Dungeon Dice
4455,102181,In a Grove
4456,117995,"Spot it! 1,2,3"
4457,172062,Fairytale Gloom
4458,319579,Crash Octopus
4459,157323,MBT (Second Edition)
4460,69234,"Operation Dauntless: The Battles for Fontenay and Rauray, France, June 1944"
4461,1576,Gettysburg (125th Anniversary Edition)
4462,330174,Explorers
4463,3573,Napoleon at Waterloo
4464,25685,Blackbeard: The Golden Age of Piracy
4465,85000,We Must Tell the Emperor
4466,17988,Die Dolmengötter
4467,283212,MonsDRAWsity
4468,171261,Hocus
4469,302280,Shifting Stones
4470,232303,Amun-Re: The Card Game
4471,155827,Krosmaster: Quest
4472,183315,Tetrarchia
4473,436,Canyon
4474,231554,Herbalism
4475,30328,Battleground: Crossbows & Catapults
4476,38735,The Swarm
4477,180543,"Exceed: Red Horizon – Reese, Heidi, Nehtali, and Vincent"
4478,4958,Ardennes
4479,814,Aquarius
4480,5833,CAESAR: The Great Battles of Julius Caesar – The Civil Wars 48-45 B.C.
4481,230650,Table Battles
4482,275996,Shaolia: Warring States
4483,17991,TAC
4484,242227,"Nightfighter Ace: Air Defense Over Germany, 1943-44"
4485,270233,Heul doch! Mau Mau
4486,284229,Butterfly
4487,132497,Lift it!
4488,195242,Tanks: Panther vs Sherman
4489,195237,Leaders of Euphoria: Choose a Better Oppressor
4490,302312,Chronicles of Crime: 2400
4491,222145,Lucidity: Six-Sided Nightmares
4492,57073,The Fires of Midway
4493,117838,Oz Fluxx
4494,191982,Knit Wit
4495,13709,Clash of Giants II: 1st Ypres & Galicia 1914
4496,1379,Ebbe & Flut
4497,97875,Wiraqocha
4498,4921,"3rd Fleet: Modern Naval Combat in the North Pacific, Caribbean, and Atlantic Oceans"
4499,259,Atlantic Storm
4500,49276,"Battle for Moscow: Operation Typhoon, 1941"
4501,240529,Microbrew
4502,256297,Transformers Trading Card Game
4503,43320,Tomb: Cryptmaster
4504,165877,Spellcaster
4505,10183,Napoleon at Leipzig
4506,1413,Attack Sub
4507,264141,Kodachi
4508,4324,Risk: The Lord of the Rings
4509,34,Arkham Horror
4510,276779,Micro City (Second Edition)
4511,13089,Wie ich die Welt sehe...
4512,157088,ESSEN The Game: SPIEL'13
4513,198414,Dwarven Smithy
4514,125048,Dobble: Free Demo Version
4515,236245,Sen
4516,284616,Small Samurai Empires
4517,240465,CIV: Carta Impera Victoria
4518,198110,Kreus
4519,228580,Gearworks
4520,171356,Argonauts
4521,237023,Era of Kingdoms
4522,132148,Napoleon against Europe
4523,129976,Game of Thrones: The Card Game
4524,5571,Siege
4525,748,Trax
4526,299800,Escape Tales: Children of Wyrmwoods
4527,249552,Ascension: Delirium
4528,206805,"Agricola, Master of Britain"
4529,141067,History Maker Baseball
4530,235465,Karuba: The Card Game
4531,168215,Saboteur: The Duel
4532,83325,Lost Battles: Forty Battles & Campaigns of the Ancient World
4533,330036,Great Plains
4534,220558,Ancient Civilizations of the Inner Sea
4535,145219,Craftsmen
4536,2579,Arctic Front: Battle for Norway
4537,38026,Clue: Harry Potter Edition
4538,123536,GOSU 2: Tactics
4539,186904,The Champion of the Wild
4540,209530,Gwent: Nilfgaard and Northern Realms
4541,114667,The New Science
4542,283792,SpaceShipped
4543,118023,Keltis: Das Würfelspiel
4544,280896,Foodies
4545,3597,Strat-O-Matic Hockey
4546,140795,Say Bye to the Villains
4547,286343,Conflict of Heroes: Awakening the Bear – Operation Barbarossa 1941 (Third Edition)
4548,147451,Field of Glory: The Card Game
4549,132019,Blood & Roses
4550,22420,Battles of Napoleon: The Eagle and the Lion
4551,4920,5th Fleet: Modern Naval Combat in the Indian Ocean
4552,128174,Dragon Farkle
4553,253379,Cosmic Factory
4554,322709,Ugly Gryphon Inn
4555,17997,Anno Domini: Sex & Crime
4556,346965,Azul: Queen's Garden
4557,231639,Harvest Island
4558,286827,Decktective: Bloody-Red Roses
4559,278783,Almanac: The Dragon Road
4560,12194,Munchkin Bites!
4561,217934,Napoléon 1806
4562,110102,Siberia
4563,13530,Sole Mio!
4564,144567,For the Crown (Second Edition)
4565,35369,Martian Fluxx
4566,165556,Orongo
4567,37461,Kraków 1325 AD
4568,6137,Drive
4569,279307,1942 USS Yorktown
4570,6923,BattleTech: CityTech
4571,279419,Eternal: Chronicles of the Throne
4572,159143,HUE
4573,9735,Duell
4574,4424,Cranium Hoopla
4575,101929,Sergeants Miniatures Game: Day of Days
4576,136356,Dread Curse
4577,320698,Blitz Bowl: Season 2
4578,254976,Skylands
4579,176606,"Rattle, Battle, Grab the Loot"
4580,27658,Warhammer: Battle For Skull Pass
4581,242569,Penny Papers Adventures: The Valley of Wiraqocha
4582,256883,Comanauts
4583,178147,Gwent: Monsters and Scoia'tael
4584,6738,Quicksand
4585,250821,Battlestar Galactica: Starship Battles – Starter Set
4586,182352,Exodus Fleet
4587,5767,Mammoth Hunters
4588,169275,Pixel Tactics 4
4589,265635,Space Race
4590,163172,Waterloo 1815: Fallen Eagles
4591,23053,Guatemala Café
4592,296694,BattleTech: A Game of Armored Combat
4593,166107,Matcha
4594,29875,"Barbarossa: Kiev to Rostov, 1941"
4595,1708,Stellar Conquest
4596,197178,DIG
4597,239175,Shiver Me Timbers
4598,164158,SHH
4599,41762,Fastrack
4600,186302,Die Fiesen 7
4601,191989,Next War: Poland
4602,147021,Hollywood
4603,147716,Mars Attacks: The Miniatures Game
4604,94396,It Never Snows
4605,320527,Dice Throne: Season One ReRolled – Treant v. Ninja
4606,182260,Agent Decker
4607,168770,Epic PVP: Fantasy
4608,108344,Might & Magic Heroes
4609,36424,"Gulf, Mobile & Ohio"
4610,172994,Catan: Traveler – Compact Edition
4611,129359,Munchkin Pathfinder
4612,242343,Siege Storm
4613,275589,Pocket Detective
4614,264806,We're Doomed!
4615,1982,Black Spy
4616,244505,Pikoko
4617,211734,Master of Respect
4618,155460,The Hobbit: An Unexpected Journey Deck-Building Game
4619,277538,1822MX
4620,117854,Kosmonauts
4621,227002,Rise of the Necromancers
4622,220155,Groves
4623,172613,Pirates of the 7 Seas
4624,34010,Journey to the Center of the Earth
4625,339484,Savannah Park
4626,126750,Sky Tango
4627,4475,Unexpected Treasures
4628,3218,The Arab-Israeli Wars: Tank Battles in the Mideast
4629,176596,The Great Battles of Alexander: Macedonian Art of War
4630,162351,Shadows Over Normandie: Achtung! Cthulhu
4631,161926,Dead Drop
4632,639,American Megafauna
4633,8273,Alexandros
4634,6209,Mag·Blast (Second Edition)
4635,118385,Pocket Battles: Macedonians vs. Persians
4636,244794,Mercado
4637,144574,Last Chance for Victory: The Battle of Gettysburg
4638,5297,World War I: 1914-1918
4639,84869,Felinia
4640,146228,1714: The Case of the Catalans
4641,314243,"Warhammer 40,000 (Ninth Edition)"
4642,298562,Minigolf Designer
4643,33924,Nightfighter
4644,247785,Chartered: The Golden Age
4645,313919,Aliens: Bug Hunt
4646,245136,Bluff Jubiläumsausgabe
4647,229598,Unlock!: Escape Adventures – Doo-Arann Dungeon
4648,161943,Chosŏn
4649,242740,Magic Maze Kids
4650,316080,KeyForge: Dark Tidings
4651,539,Dampfross
4652,872,M
4653,7086,Guilford
4654,175334,The Undercity: An Iron Kingdoms Adventure Board Game
4655,38877,No Retreat!: The Russian Front 1941-1944
4656,274590,Smash Up: World Tour – Culture Shock
4657,102144,Perplexus Epic
4658,192351,World Monuments
4659,59429,Dark Darker Darkest
4660,213661,Food Truck Champion
4661,218395,Sine Tempore
4662,255990,Nemeton
4663,110331,Infarkt
4664,192401,Dungeon Time
4665,304324,Dive
4666,137900,Jupiter Rescue
4667,67917,Colonialism
4668,92363,Amateurs to Arms!
4669,345584,Mindbug
4670,219276,Dungeon Draft
4671,1275,221B Baker Street: The Master Detective Game
4672,257001,Munchkin Dungeon
4673,249410,U.S. Telegraph
4674,217353,Assembly
4675,204602,Kill The Unicorns
4676,316786,Tabannusi: Builders of Ur
4677,145654,Invaders
4678,4984,Jutland
4679,279135,Cat Café
4680,25738,The Big Taboo
4681,19419,Euphrates & Tigris: Contest of Kings
4682,115288,Penny Arcade: The Game – Rumble in R'lyeh
4683,298378,Maharaja
4684,4401,Canal Grande
4685,246535,DC Deck-Building Game: Rebirth
4686,206299,Eschaton
4687,28907,B-29 Superfortress
4688,67178,Water Lily
4689,174402,Tide of Iron: Next Wave
4690,5511,Southern Front: Race for the Turkish Straits
4691,199780,Looterz
4692,1899,13 Dead End Drive
4693,173018,Grimslingers
4694,158991,Hannin Wa Odoru
4695,21779,1914: Twilight in the East
4696,291847,Mantis Falls
4697,68260,FAB: Sicily
4698,28452,Valor & Victory
4699,317519,Frostgrave: Second Edition
4700,182074,Antarctica
4701,295192,Tinderblox
4702,534,N.Y. Chase
4703,286156,Wayfinders
4704,23919,China Rails
4705,8138,Kogge
4706,21358,Savage Worlds
4707,265430,Elekt
4708,160409,Too Many Cinderellas
4709,2968,Ka-Ching!
4710,296238,Sea of Legends
4711,294693,Nokosu Dice
4712,146922,Chain of Command
4713,1942,Foppen
4714,192619,Smiths of Winterforge
4715,141653,Disc Duelers
4716,35289,The Dutch Golden Age
4717,93541,Urbania
4718,166776,Skull Tales
4719,137651,What's He Building in There?
4720,847,Feudal
4721,149910,Six Making
4722,306680,GOLD
4723,42444,Batt'l Kha'os
4724,158753,Clash of Rage
4725,245431,Jurassic Park: Danger!
4727,1448,Freight Train
4728,233976,Pie Town
4729,86177,Genesis: Empires and Kingdoms of the Ancient Middle East
4730,193651,Bohemian Villages
4731,256729,Wacky Races: The Board Game
4732,114991,The Metagame
4733,279,The Very Clever Pipe Game
4734,1669,Mosby's Raiders: Guerilla Warfare in the Civil War
4735,2154,Thunderbolt/Apache Leader
4736,4493,Kayanak
4737,172969,Pixel Tactics 5
4738,57,Schoko & Co.
4739,287732,Solar Draft
4740,177499,WWE Superstar Showdown
4741,247106,Space Marine Adventures: Labyrinth of the Necrons
4742,1799,Warlord: Saga of the Storm
4743,1894,War Galley
4744,7290,Dynasty League Baseball
4745,4753,King's Gate
4746,200834,Sola Fide: The Reformation
4747,197333,Deadzone (Second Edition)
4748,3495,Harry Potter Trading Card Game
4749,460,Railway Rivals
4750,191071,Mino Dice
4751,66982,Boomerang
4752,194723,Mask of Anubis
4753,220738,Topito
4754,158544,The Institute for Magical Arts
4755,10496,Camelot Legends
4756,315234,Embarcadero
4757,134150,Mini Curling Game
4758,5369,Hordes of the Things
4759,132817,Xanadú
4760,16000,1825 Unit 2
4761,1927,Munchkin
4762,2800,The Ironclads: A Tactical Level Game of Naval Combat in the American Civil War 1861-1865
4763,132620,Gobbit
4764,207330,Hellas
4765,119881,Medioevo Universale
4766,20734,Corsair Leader
4767,182619,M.U.L.E. The Board Game
4768,261424,Big City: 20th Anniversary Jumbo Edition!
4769,334307,Clash of Decks: Starter Kit
4770,11081,Familienbande
4771,4974,"Wellington's Victory: Battle of Waterloo Game – June 18th, 1815"
4772,244258,The Red Dragon Inn 7: The Tavern Crew
4773,266188,Seven Bridges
4774,322421,Aqua Garden
4775,83629,The Hobbit
4776,203759,The Walking Dead: No Sanctuary
4777,243993,La Stanza
4778,68603,Popular Front
4779,28284,Lock 'n Load: Heroes of the Blitzkrieg
4780,126613,"Warhammer 40,000 (Sixth Edition)"
4781,193265,Port Royal: Unterwegs!
4782,339906,The Hunger
4783,142262,Draco Magi
4784,2259,Afrika Korps
4785,147241,Oaxaca: Crafts of a Culture
4786,274405,The Menace Among Us
4787,121423,Skyline
4788,182626,Mistborn: House War
4789,287638,Roméo & Juliette
4790,173649,King Chocolate
4791,11865,Koi-Koi
4792,221366,Epic Spell Wars of the Battle Wizards: Melee at Murdershroom Marsh
4793,153709,Pyramix
4794,864,Mage Knight
4795,299450,Tsukuyumi: Full Moon Down (Second Edition)
4796,165477,Orcs Orcs Orcs
4797,175254,Apocrypha Adventure Card Game: Box One – The World
4798,128412,Bohn to Be Wild!
4799,328479,Living Forest
4800,21930,Crazy Kick
4801,85108,U-Boat Leader
4802,289247,Verdun 1916: Steel Inferno
4803,271064,Ascension: Skulls & Sails
4804,711,Elfenroads
4805,109548,Hemloch
4806,240744,Fire in the Library
4807,235342,Stalingrad: Inferno on the Volga
4808,96260,Dominant Species: The Card Game
4809,240014,Evil High Priest
4810,146,Buy Low Sell High
4811,249670,Fae
4812,950,Four Dragons
4813,213648,South Pacific: Breaking the Bismarck Barrier 1942-1943
4814,13286,Gloria Mundi
4815,3119,Haste Worte?
4816,36325,Down in Flames: Aces High
4817,172507,Mmm!
4818,191387,Star Trek: The Dice Game
4819,42997,Blitz! A World in Conflict
4820,130295,Spellbound
4821,4356,Monkeys on the Moon
4822,165292,"The Dark Sands: War in North Africa, 1940-42"
4823,269810,Nevada City
4824,252402,Kodama Duo
4825,2281,Pictionary
4826,230265,Chronicles of Frost
4827,150013,No Retreat! Italian Front: 1943-45
4828,10206,Make 'n' Break
4829,11274,Devil's Horsemen
4830,79067,Hex Hex XL
4831,1315,Africa
4832,66781,Space Infantry
4833,122913,Samurai Battles
4834,10641,"Barbarossa: Army Group South, 1941"
4835,126912,Lady Alice
4836,262818,The Cousins' War (Second Edition)
4837,7103,Ace of Aces: Flying Machines
4838,135796,Next War: Taiwan
4839,210052,Lazer Ryderz
4840,217466,Mafiozoo
4841,182116,Dingo's Dreams
4842,253372,Minerals
4843,37296,Yahtzee Free for All
4844,149097,Spurs: A Tale in the Old West
4845,95613,Mammut
4846,146725,Golem Arcana
4847,94483,Hoot Owl Hoot!
4848,3190,Quixo
4849,250481,Meltwater: A Game of Tactical Starvation
4850,249277,Brazil: Imperial
4851,35423,Founding Fathers
4852,265524,Ramen Fury
4853,22161,WestFront II: The War in Europe 1943-45 – Second Edition
4854,9021,Sunken City
4855,209664,Skyward
4856,229006,SpyNet
4857,296557,Zen Garden
4858,5680,Lee vs. Grant: The Wilderness Campaign of 1864
4859,13071,Age of Gods
4860,207338,Dungeon Rush
4861,213670,Munchkin X-Men
4862,3095,Star Trek: The Adventure Game
4863,9606,Cluzzle
4864,16804,Eastern Front: A Panzer Grenadier Game
4865,59149,Bunny Bunny Moose Moose
4866,85424,La Bataille de la Moscowa (Third Edition)
4867,253368,Kingswood
4868,23010,Risk: 40th Anniversary Collector's Edition
4869,24416,Santy Anno
4870,941,Turbo Taxi
4871,3321,Die Pyramiden des Jaguar
4872,220988,Criss Cross
4873,339614,Shinkansen: Zero Kei
4874,21947,RAN
4875,38391,Kakerlakensuppe
4876,218933,Warhammer Quest: Shadows Over Hammerhal
4877,191543,Micro Robots
4878,280986,Star Wars: Dark Side Rising
4879,254188,Blank Slate
4880,123045,Uncharted: The Board Game
4881,37672,"Warhammer 40,000: Assault On Black Reach"
4882,69851,Aliens: This Time It's War
4883,3416,Fallschirmjaeger: The Airborne Assault on Fortress Holland
4884,336929,Land vs Sea
4885,221368,DC Comics Deck-Building Game: Confrontations
4886,28185,The Kaiser's Pirates
4887,923,Breakaway Rider
4888,16320,Bonnie and Clyde
4889,232980,Dream On!
4890,222821,Powerships
4891,269537,Mystery House: Adventures in a Box
4892,162865,"I, Spy"
4893,264,Enemy in Sight
4894,54643,Skyline 3000
4895,204599,Around the World in 80 Days
4896,172896,Don't Turn Your Back
4897,5452,"DAK: The Campaign in North Africa, 1940-1942"
4898,249421,Warfighter: The WWII Pacific Combat Card Game
4899,232318,Kami-sama
4900,72132,Dragon Rampage
4901,267568,HexRoller
4902,154519,Time Barons
4903,165748,Psycho Raiders
4904,3083,Submarine
4906,3040,Star Trek: Starship Tactical Combat Simulator
4907,69278,Nuklear Winter '68
4908,937,1825 Unit 1
4909,220203,Purrrlock Holmes: Furriarty's Trail
4910,72478,Trollhalla
4911,126,The Really Nasty Horse Racing Game
4912,8126,Maya
4913,163027,Loop Inc.
4914,1536,Lord of the Fries
4915,40761,Montego Bay
4916,234776,Tricky Tides
4917,34659,The Spanish Civil War 1936-1939
4918,3534,Star Trader
4919,13230,Gobblet Gobblers
4920,226445,The Big Score
4921,88406,Astra Titanus
4922,158534,Bring Out Yer Dead
4923,178007,Apocalypse Chaos
4924,189294,Yeti
4925,327831,Lost Cities: Roll & Write
4926,206859,Iberian Rails
4927,1783,The Creature That Ate Sheboygan
4928,10226,"Thunder at the Crossroads: The Battle of Gettysburg, July 1-3, 1863  (Second Edition)"
4930,160432,Ars Alchimia
4931,293267,Kitara
4932,287228,Mal Trago
4933,280811,なつめも (Natsumemo)
4934,9139,Marco Polo Expedition
4935,190333,Fire of Eidolon
4936,85652,Dystopian Wars
4937,10989,ConHex
4938,214491,Paku Paku
4939,248584,Pantone: The Game
4940,203405,Brutal Kingdom
4941,164874,Airborne Commander
4942,270,Svea Rike
4943,151,Piratenbillard
4944,1421,Lost Worlds
4945,312786,Poetry for Neanderthals
4946,230590,Empires
4947,147305,Om Nom Nom
4948,261525,Untamed: Feral Factions
4949,91671,Da ist der Wurm drin
4950,322622,Floriferous
4951,322,Tonga Bonga
4952,228390,Sunflower Valley
4953,12830,Cellar des Triplettes 醉佳拍檔
4954,219475,Axio
4955,216865,Sherman Leader
4956,275973,Curios
4957,146158,New Haven
4958,249505,Nyctophobia
4959,82,Bobby Lee: The Civil War in Virginia 1861-1865
4960,8719,The Next War: Modern Conflict in Europe
4961,220628,Stellium
4962,163097,Beyond the Rhine: The Campaign for Northwest Europe
4963,181440,Hack Trick
4964,178688,Dicetopia
4965,185374,Loot N Run
4966,284291,Bloom Town
4967,103184,The Gnomes of Zavandor
4968,252985,"Legendary: A Marvel Deck Building Game – Marvel Studios, Phase 1"
4969,12897,La Bataille de Ligny
4970,170225,DRCongo
4971,231223,Visitor in Blackwood Grove
4972,230361,Mars Open: Tabletop Golf
4973,154600,Desperados of Dice Town
4974,1549,Password
4975,266448,Imperium: The Contention
4976,271264,The Liberation of Rietburg
4977,251441,Antinomy
4978,766,Regatta
4979,26946,Ladybohn: Manche mögen's heiss!
4980,207568,Baptism By Fire: The Battle of Kasserine
4981,25775,"Elusive Victory: The Air War over the Suez Canal, 1967-1973"
4982,231748,Time Bomb Evolution
4983,27968,"Red Star Rising: The War in Russia, 1941-1944"
4984,145186,Pick-a-Polar Bear
4985,1674,Naval War
4986,161681,Lift Off! Get me off this Planet!
4987,63975,Level X
4988,54433,Nanuk
4989,103651,23
4990,28739,Garibaldi: The Escape
4991,147194,Linkee!
4992,244994,Würfelland
4993,212580,Mega Man Pixel Tactics: Mega Man Blue
4994,217423,Cosmic Run: Rapid Fire
4995,265489,Gettysburg
4996,7514,Zombie Plague
4997,1631,Barbarian Prince
4998,41090,Magnate
4999,104,Extrablatt
5000,150005,Lock 'n Load Tactical: Heroes of Normandy
5001,225214,Legendary Forests
5002,224141,DreadBall (Second Edition)
5003,3613,Air Superiority
5004,172008,Critical Mass: Patriot vs Iron Curtain
5005,2580,Persian Gulf: Battle for the Middle East
5006,144526,Glastonbury
5007,64897,Formule Dé
5008,194196,Kharnage
5009,266564,Dawn of Mankind
5010,10501,Canvas Eagles: War in the Skies 1914 - 1918
5011,295565,Deckscape: Escape from Alcatraz
5012,127561,Resident Evil Deck Building Game: Mercenaries
5013,1152,The Mystic Wood
5014,5071,Sjoelen
5015,1693,Gladiator
5016,1644,Tipp-Kick
5017,63027,Leviathans
5018,4453,Statis Pro Basketball
5019,264321,Dead Man's Cabal
5020,111173,Little Devils
5021,216179,Legends Untold: The Great Sewers Novice Set
5022,5677,A Bridge Too Far: Arnhem
5023,33150,Cranium WOW
5024,293972,Loot of Lima
5025,307971,Fairy Tale Inn
5026,129945,HomeStretch
5027,38553,Duck Dealer
5028,27266,Silent Death: The Next Millennium Deluxe Edition
5029,299172,The Key: Murder at the Oakdale Club
5030,257145,Teenage Mutant Ninja Turtles Adventures: City Fall
5031,313261,Oriflamme: Ablaze
5032,259069,Punto
5033,189192,Mi Tierra: New Era
5034,22677,Stalin's War
5035,12355,Brigade Fire and Fury: Wargaming the Civil War with Miniatures
5036,218126,Whozit?
5037,118776,Tahiti
5038,393,Dinosaurs of the Lost World
5039,67453,Caveman Curling
5040,50381,Cards Against Humanity
5041,72800,RoadZters
5042,13337,Whist
5043,23981,Genesis
5044,217020,Truck Off: The Food Truck Frenzy
5045,175961,Three Cheers for Master
5046,87907,1865: Sardinia
5047,147299,Pocket Imperium
5048,88016,Briefcase
5049,299571,Bandida
5050,236709,The Tea Dragon Society Card Game
5051,257284,Timeline: Classic
5052,294652,By Stealth and Sea
5053,3093,Croak!
5054,235454,Ligny 1815: Last Eagles
5055,40432,Stratego (Revised Edition)
5056,256317,Guild Master
5057,15045,Risk: Star Wars – The Clone Wars Edition
5058,131568,Codinca
5059,256422,Warhammer Age of Sigmar (Second Edition) Core Rules
5060,27101,Bomber Command: The Night Raids
5061,34166,Finito!
5062,13172,Kung Fu Fighting
5063,315937,X-Men: Mutant Insurrection
5064,39088,Hoppladi Hopplada!
5065,92852,Say Anything Family Edition
5066,284195,Sherlock: Don's Legacy
5067,244171,Sherlock Holmes: Four Investigations
5068,109764,Quarantine
5069,166202,Bomb Squad Academy
5070,164237,Neptun
5071,255363,ArchRavels
5072,15999,1825 Unit 3
5073,2583,18GA
5074,175495,Titan Race
5075,231618,Deck Box Dungeons
5076,718,Galaxy: The Dark Ages
5077,272538,1828
5078,31808,GUBS: A Game of Wit and Luck
5079,4008,Cobra: Game of the Normandy Breakout
5080,55705,Callisto: The Game
5081,192334,Vikings on Board
5082,150298,One Zero One
5083,240905,Death Valley: Battles for the Shenandoah
5084,6657,Such a Thing?
5085,317981,Coyote
5086,194061,Cult: Choose Your God Wisely
5087,125996,Mythic Battles
5088,13456,Vampire: Prince of the City
5089,133405,Island Siege
5090,325348,Successors (Fourth Edition)
5091,5357,Von Manstein's Backhand Blow
5092,209511,Atlanta Is Ours
5093,233194,Banned Words
5094,216234,Pocket Ops
5095,283474,Star Wars: Legion – Clone Wars Core Set
5096,32901,Prawo Dżungli
5097,109451,A Fistful of Penguins
5098,15261,"Trump, Tricks, Game!"
5099,216640,The Banishing
5100,1197,Blink
5101,17162,The Little Orchard
5102,230273,Ascension: Valley of the Ancients
5103,10527,Gyges
5104,344,Members Only
5105,99437,Rumble in the House
5106,152567,Basari: Das Kartenspiel
5107,33732,Tulipmania 1637
5108,31697,Totensonntag
5109,281455,Shelfie Stacker
5110,3864,Mechwarrior: Dark Age
5111,3586,Sherlock
5112,2316,X-Bugs
5113,11582,Schnapsen
5114,205079,Checkpoint Charlie
5115,177096,Freedom!
5116,160567,BANG!: The Walking Dead
5117,260147,Europe Divided
5118,234120,Gold Fever
5119,257077,A Pleasant Journey to Neko
5120,5455,Tobruk:  Tank Battles in North Africa 1942
5121,226009,Alien vs Predator: The Hunt Begins (Second Edition)
5122,719,Tyranno Ex
5123,300664,Arkwright: The Card Game
5124,330,Block Mania
5125,159355,Colors of Kasane
5126,285972,HEXplore It: The Sands of Shurax
5127,54507,Savannah Tails
5128,205164,Old School Tactical: Volume 2 – West Front 1944/45
5129,177490,Samara
5130,169475,Ghostel
5131,697,Conspiracy
5132,27117,Animalia
5133,20195,Six
5134,22864,Zeus on the Loose
5135,155065,Lifeform
5136,21414,To the Last Man! The Great War in the West
5137,314421,The Fuzzies
5138,1582,Sicily: Triumph and Folly
5139,158392,Stay Away!
5140,895,APBA Pro Baseball
5141,164159,BUS
5142,21022,Was'n das?
5143,38430,Timber Tom
5144,153497,This Town Ain't Big Enough for the 2-4 of Us
5145,259537,Saint Seiya: Deckbuilding
5146,240957,Judge Dredd: The Cursed Earth
5147,121764,Plato 3000
5148,315221,Vampire: The Masquerade – Rivals Expandable Card Game
5149,197790,Vinyl
5150,58624,Storm Over Dien Bien Phu
5151,3412,Brandywine
5152,233015,Imperius
5153,275530,Game of Thrones: Oathbreaker
5154,229315,Escape Room: The Game – Virtual Reality
5155,177702,Warehouse 51
5156,265249,Greenville 1989
5157,208808,Cinco Linko
5158,3044,Air Assault on Crete / Invasion of Malta: 1942
5159,191986,Rhodes
5160,32990,Axis Empires: Dai Senso!
5161,152241,Ultimate Werewolf
5162,13266,Three Days of Gettysburg (Third Edition)
5163,224125,Tesla vs. Edison: Duel
5164,301030,The Ming Voyages
5165,26983,Dorn
5166,160784,Fidelitas
5167,11182,Super Scrabble
5168,271262,Advanced Squad Leader: Starter Kit #4 – Pacific Theater of Operations
5169,4637,Max
5170,161757,New Salem
5171,884,Way Out West
5172,668,Sternenhimmel
5173,33767,Yavalath
5174,10642,"Barbarossa: Army Group North, 1941"
5175,76203,RRR
5176,177697,Bang! The Dice Game: The Walking Dead
5177,294448,Tea for 2
5178,158816,Longstreet Attacks: The Second Day at Gettysburg
5179,250,Colonial Diplomacy
5180,30641,Monuments: Wonders of Antiquity
5181,212404,In Vino Morte
5182,16162,Target Arnhem: Across 6 Bridges
5183,173486,Dune: The Dice Game
5184,192830,ORC
5185,160419,Long Live the Queen
5186,185021,Liguria
5187,220598,Ladder 29
5188,297674,Pacific Rails Inc.
5189,147999,Händler der Karibik
5190,5217,Eleusis
5191,162041,Ninja Taisen
5192,83197,Zen Master
5193,232134,Wander: The Cult of Barnacle Bay
5194,82955,1655: Habemus Papam
5195,43,Airlines
5196,209166,Meduris: Der Ruf der Götter
5197,31897,Anno 1701: Das Brettspiel
5198,213497,"Red Storm: The Air War Over Central Germany, 1987"
5199,426,The Battle of the Bulge
5200,181122,Wrath of Dragons
5201,2447,World War II: European Theater of Operations
5202,1309,Die Magier von Pangea
5203,192735,Broom Service: The Card Game
5204,249750,"Brazen Chariots: Battles for Tobruk, 1941"
5205,246873,"Königsberg: The Soviet Attack on East Prussia, 1945"
5206,89668,BITS
5207,2872,Terrace
5208,13511,Ninja Versus Ninja
5209,170300,Wombat Rescue
5210,2168,Hitler's War
5211,220700,Cobra Paw
5212,322561,Dice Throne: Season One ReRolled – Barbarian v. Moon Elf
5213,1233,Facts in Five
5214,1203,Witch Trial
5215,34169,Potion-Making: Practice
5216,187679,The Horus Heresy: Betrayal at Calth
5217,180942,A Touch of Evil: Dark Gothic – Colonial Horror
5218,2371,Extra!
5219,90,Star Wars: Episode 1 – Clash of the Lightsabers
5220,269069,Pearls
5221,184919,Greedy Greedy Goblins
5222,8059,Ideology: The War of Ideas
5223,290618,Wishland
5224,146579,Quilt Show
5225,71593,Charon Inc.
5226,129974,"Warhammer 40,000: Dark Vengeance"
5227,309752,The Field of the Cloth of Gold
5228,143882,ebbes
5229,178209,Adventure Time Fluxx
5230,220784,The Legend of the Cherry Tree that Blossoms Every Ten Years
5231,274861,Venice
5232,230765,Side Effects
5233,1070,Shadows in the Forest
5234,235451,GROWL
5235,4102,Europa Universalis
5236,194062,Master of the Galaxy
5237,333539,The Siege of Runedar
5238,74,Apples to Apples
5239,199047,Cobras
5240,139433,Fields of Fire 2
5241,216710,Wings of Glory: WW2 Battle of Britain Starter Set
5242,163081,Galaxy of Trian
5243,183420,Kung Fu Zoo
5244,3279,Magi-Nation Duel
5245,300523,Biblios: Quill and Parchment
5246,175088,Pharaoh's Gulo Gulo
5247,20646,1824: Austria-Hungary
5248,127282,Al Rashid
5249,39383,Frontline: D-Day
5250,203655,Timeline: Polska
5251,160044,"Warhammer 40,000 (Seventh Edition)"
5252,1668,Modern Naval Battles
5253,246742,Château Aventure
5254,158886,Stonewall's Sword: The Battle of Cedar Mountain
5255,323898,Doom Machine
5256,256159,Guardians
5257,124545,Town Center
5258,154892,Loonacy
5259,217609,The Wars of Marcus Aurelius
5260,228183,Star Scrappers: Cave-in
5261,173460,Dark Dealings
5262,34639,The Dungeon of D
5263,280501,Three-Dragon Ante: Legendary Edition
5264,172560,Piratoons
5265,223602,Klondike Rush
5266,193693,Agamemnon
5267,291874,Dwergar
5268,148767,Brandon the Brave
5269,23779,Enemy Chocolatier
5270,147370,Robot Turtles
5271,137238,Time 'n' Space
5272,122890,Mercante
5273,316,Chase
5274,272541,Marvel Fluxx
5275,59936,Battle Merchants
5276,283748,Dragonscales
5277,88253,Unconditional Surrender! Case Blue
5278,161578,[redacted]
5279,2638,"Clash of Giants: Campaigns of Tannenberg and the Marne, 1914"
5280,153639,Zeppelin Attack!
5281,204879,Planet Defenders
5282,206844,Fold-it
5283,295949,Adventure Games: The Grand Hotel Abaddon
5284,224149,Deadball
5285,151835,Qwixx Card Game
5286,210663,Tribes: Early Civilization
5287,379,Express
5288,163377,Rolling Japan
5289,19624,Freya's Folly
5290,67593,Die Säulen der Erde: das Kartenspiel
5291,178212,Treasure Mountain
5292,980,Al Cabohne
5293,319135,Nightmare Horror Adventures: Welcome to Crafton Mansion
5294,252776,Muse: Awakenings
5295,288775,Fairy Trails
5296,41833,Creationary
5297,202942,Sicily II
5298,41658,Adios Amigos
5299,197760,Ghost Blitz: Spooky Doo
5300,26459,PQ-17: Arctic Naval Operations 1941-1943
5301,1796,Pampas Railroads
5302,181393,Brass Empire
5303,167828,Roll Through the Ages: The Iron Age with Mediterranean Expansion
5304,159141,Code of Nine
5305,90568,Democracy under Siege
5306,282006,50 Clues: The Pendulum of the Dead
5307,71668,After Pablo
5308,5233,The Great Battles of Alexander
5309,220508,Blue Water Navy: The War at Sea
5310,102897,Farmageddon
5311,450,Octi
5312,308621,Twisted Fables
5313,2667,What Were You Thinking?
5314,174518,Ylandyss
5315,198087,Arquebus: Men of Iron Volume IV – The Battles for Northern Italy 1495-1544
5316,339031,The Goonies: Never Say Die
5317,169697,Heldentaufe
5318,16373,Techno Witches
5319,110870,Cavemen: The Quest for Fire
5320,230358,Penny Papers Adventures: The Temple of Apikhabou
5321,139147,Romolo o Remo?
5322,326624,Warhammer Underworlds: Direchasm
5323,216864,Card City XL
5324,224271,Yogi
5325,24396,War on Terror
5326,130592,Clue
5327,164354,Kryptos
5328,39941,Legion of Honor
5329,2063,The Great Khan Game
5330,210908,Rail Pass
5331,311465,Roll & Raid
5332,38429,Cornerstone
5333,282918,Garum
5334,152847,Shinobi WAT-AAH!
5335,157653,Illusions of Glory: The Great War on the Eastern Front
5336,269489,The Mission: Early Christianity from the Crucifixion to the Crusades
5337,36597,Serpents of the Seas
5338,4388,"Rome: Imperium, Circus Maximus, Hannibal vs Rome"
5339,3992,Advanced Tobruk
5340,267333,Goetia: Nine Kings of Solomon
5341,221369,Teen Titans GO! Deck-Building Game
5342,147363,Yu-Gi-Oh! Dice Masters
5343,57141,"Codeword Cromwell: The German Invasion of England, 8 June 1940"
5344,324242,Sheepy Time
5345,4,Tal der Könige
5346,4154,Yu-Gi-Oh! Trading Card Game
5347,206715,Ultimate Werewolf Legacy
5348,1412,Trendy
5349,82402,Friesematenten
5350,286081,Herrlof
5351,25314,Bowling Solitaire
5352,209951,Thunder in the East
5353,19765,Deduce or Die
5354,176817,Assassinorum: Execution Force
5355,250488,This Guilty Land
5356,171278,Victory Roads
5357,3852,Star Trek Customizable Card Game
5358,12898,La Bataille d'Auerstædt
5359,214204,ARGH
5360,281260,Veilwraith: A Veil Odyssey Game
5361,103368,Epigo
5362,163399,Infinity: Operation Icestorm
5363,235017,Santa's Workshop
5364,231450,Lucky's Misadventures
5365,308970,A Touch of Evil: 10 Year Anniversary Edition
5366,75333,Target Earth
5367,172362,Kenjin
5368,4014,Dawn Patrol: Role Playing Game of WW I Air Combat
5369,189869,The Butterfly Garden
5370,161108,Fleet Commander: 1 – Ignition
5371,5869,Mordred
5372,18932,Siena
5373,144492,Packet Row
5374,4610,Lord of the Rings: The Duel
5375,1149,Dragon Strike
5376,281132,Cover Your Kingdom
5377,260410,Horizon Zero Dawn: The Board Game
5378,30216,The Great War in Europe: Deluxe Edition
5379,5985,Miscellaneous Game Accessory
5380,148231,Corto
5381,103877,Casa Grande
5382,288385,Masters of the Night
5383,66613,Titania
5384,127920,Kanzume Goddess
5385,25008,Italia
5386,90474,Gold!
5387,129293,Gauntlet of Fools
5388,38986,18NEB
5389,2114,"Duck, Duck, Bruce"
5390,5243,Montage
5391,193551,Mutant Crops
5392,176980,Helionox: The Last Sunset
5393,257321,Gen7: A Crossroads Game
5394,218179,Princess Jing
5395,260645,1565: St. Elmo's Pay – The Great Siege of Malta
5396,247313,Woodlands
5397,40935,Zoowaboo
5398,2536,Vabanque
5399,322703,Death Valley
5400,2891,Starfire
5401,217531,Wizards Wanted
5402,305752,Gate
5403,326485,Cthulhu Wars: Duel
5404,218948,Apocalypse Road
5405,285232,Gladius
5406,62814,Tumblin-Dice Medium
5407,820,Axiom
5408,192656,Nightmarium
5409,142557,Rory's Story Cubes: Enchanted
5410,221848,Normandy: The Beginning of the End
5411,158100,Speed Cups²
5412,216497,聖杯サクセション (Throne and the Grail)
5413,2076,Gulf Strike
5414,191998,Lost Legacy: Fourth Chronicle – The Werewolf & Undying Heart
5415,4255,Ney vs. Wellington: The Battle of Quatre Bras
5416,93287,Final Fantasy Trading Card Game
5417,236304,Cerebria: The Card Game
5418,284825,Florenza Dice Game
5419,222531,ELO Darkness
5420,176435,Thrash'n Roll
5421,210342,Timeline: British History
5422,274349,Pakal
5423,234578,Waters of Nereus
5424,207242,Pentaquark
5425,323156,Stroganov
5426,193213,Millions of Dollars
5427,3710,MBT
5428,276633,Rossio
5429,22485,Terra Prime
5430,255902,Napoleon 1807
5431,11159,Dungeoneer: Haunted Woods of Malthorin
5432,184704,Dragonsgate College
5433,321108,Riverside
5434,220778,Sticky Chameleons
5435,100169,Hero of Weehawken
5436,4522,The Ladybug's Costume Party
5437,181290,KUMO Hogosha
5438,42560,The Hell of Stalingrad
5439,5478,Crazy Circus
5440,43691,Delve: The Dice Game
5441,1823,1829
5442,228553,Catacombs Conquest
5443,166988,Wizards of the Wild
5444,9342,Fifth Avenue
5445,7251,The Speed of Heat
5446,228766,A4 Quest
5447,197101,Of Dreams & Shadows
5448,90190,The Secret of Monte Cristo
5449,2678,Voyage of the B.S.M. Pandora
5450,252212,Tales of Evil
5451,37589,Clue: Discover the Secrets
5452,236931,Battle Hymn Vol. 1: Gettysburg and Pea Ridge
5453,27965,"The Tide at Sunrise: The Russo-Japanese War, 1904-1905"
5454,48,Krieg und Frieden
5455,5614,Achtung: Spitfire!
5456,623,Swashbuckler: A Game of Swordplay and Derring-do
5457,254017,Lindisfarne
5458,122943,Scripts and Scribes: The Dice Game
5459,282493,TINYforming Mars
5460,286830,Tajuto
5461,318474,Who Goes There? 2nd Edition
5462,181236,Bastion
5463,228570,Raging Bulls
5464,172073,MammuZ
5465,18794,SuperGang
5466,98443,Dark Horse
5467,214989,Age of Towers
5468,245389,Word Slam Family
5469,245214,Saboteur: The Lost Mines
5470,198985,Day Night Z
5471,16443,Dungeoneer: Dragons of the Forsaken Desert
5472,261321,Ascension: Deliverance
5473,69136,"Bloody April, 1917: Air War Over Arras, France"
5474,232045,Shaky Manor
5475,52568,Mali Powstańcy: Warszawa 1944
5476,181265,BrilliAnts
5477,55763,Mister X
5478,322588,Origins: First Builders
5479,6202,The Rise of the Roman Republic
5480,210152,Bushido
5481,235982,RWBY: Combat Ready
5482,120265,"Supply Lines of the American Revolution: The Northern Theater, 1775-1777"
5483,66437,Souvlaki Wars
5484,248763,Magic: The Gathering – Heroes of Dominaria Board Game
5485,43526,Germantown
5486,134524,Lion Rampant: Medieval Wargaming Rules
5487,230591,Favelas
5488,27766,Die Siedler von Catan: Junior
5489,8069,Clue FX
5490,143782,Global Mogul
5491,180205,Trans-Siberian Railroad
5492,238090,Speakeasy Blues
5493,62922,None But Heroes
5494,18723,"Aye, Dark Overlord! The Red Box"
5495,241334,Dwar7s Winter
5496,171136,Pingo Pingo
5497,2379,Guesstures
5498,306697,Smash Up: Marvel
5499,13403,Three Battles of Manassas
5500,366,Viva Pamplona!
5501,145103,7 Days of Westerplatte
5502,98762,Test of Fire: Bull Run 1861
5503,274128,Epic Spell Wars of the Battle Wizards: Annihilageddon Deck-Building Game
5504,230430,Unlock!: Escape Adventures – Temple of Ra
5505,183797,Timeline: Star Wars
5506,112192,Sugar Gliders
5507,296483,The Great Race
5508,269456,"Interceptor Ace: Daylight Air Defense Over Germany, 1943-44"
5509,3003,Crash Tackle Rugby Board Game
5510,26148,Affentennis
5511,158168,NHL Power Play Team-Building Card Game
5512,562,Silberzwerg
5513,63,Samurai: Game of Politics and Warfare in Feudal Japan
5514,145599,Journey: Wrath of Demons
5515,146035,Eggs of Ostrich
5516,35634,Samurai: The Card Game
5517,308,Santa Fe
5518,515,6-Tage Rennen
5519,14403,"Warhammer 40,000: Battle for Macragge"
5520,272085,Bloom
5521,164031,Munchkin Steampunk
5522,161965,Johari
5523,4454,Statis Pro Football
5524,147768,Five Cucumbers
5525,307963,Durian
5526,145393,Gem Rush
5527,174611,Ion: A Compound Building Game
5528,171544,Think Str8!
5529,87,Victory: World War II
5530,285554,Fire!
5531,212370,Omen: Edge of the Aegean
5532,103061,Carnac
5533,187104,4 Gods
5534,151446,La Fallera Calavera
5535,5222,Old Town
5536,15474,Zombiaki
5537,4884,The Legend Begins
5538,133437,Dead Panic
5539,27298,Owner's Choice
5540,162315,Mouse Guard: Swords & Strongholds
5541,34747,Jena 20
5542,301665,DC Deck-Building Game: Dark Nights – Metal
5543,33759,Omega Centauri
5544,153991,Salvation Road
5545,2224,Circus Imperium
5546,237009,Urbino
5547,126000,Letnisko
5548,192858,"Mrs Thatcher's War: The Falklands, 1982"
5549,951,Football Strategy
5550,153238,Ivor the Engine
5551,146818,Cappuccino
5552,230315,The Sanctuary: Endangered Species
5553,232924,"Charlemagne, Master of Europe"
5554,217553,Go Go Gelato!
5555,12282,"Grand Illusion: Mirage of Glory, 1914"
5556,157912,Rise to Power
5557,153004,Lemminge
5558,8935,Shazamm!
5559,142558,Rory's Story Cubes: Prehistoria
5560,3563,The Lord of the Rings: The Fellowship of the Ring
5561,286657,Beasty Bar 3: Born to Be Wild
5562,159910,The King of Frontier
5563,302926,Silver Coin
5564,459,Ausgebremst
5565,271524,TIME Stories Revolution: A Midsummer Night
5566,5255,Gorkamorka
5567,245444,Holding On: The Troubled Life of Billy Kerr
5568,129615,DOG Royal
5569,30024,Kachina
5570,175755,The Lord of the Rings: Journey to Mordor
5571,199076,Warmachine Prime Mk III
5572,322543,Don't Get Got!: Shut Up & Sit Down Special Edition
5573,283289,ClipCut Parks
5574,8096,Logistico
5575,6191,Xe Queo!
5576,38873,Cambria
5577,5393,Wheedle
5578,297204,Traintopia
5579,227995,"Raiders of the Deep: U-boats of the Great War, 1914-18"
5580,110286,Zong Shi
5581,8325,The Desert Fox: Rommel's Campaign for North Africa April 1941-December 1942
5582,85105,Travel Blog
5583,191073,Vampire Queen
5584,136587,Ninja Dice
5585,255516,Brave Little Belgium
5586,30958,Check Your 6!
5587,19187,Dungeoneer: Realm of the Ice Witch
5588,236484,Facecards
5589,166372,Artificium
5590,198455,Mystic ScROLLS
5591,95386,Tem-Purr-A
5592,234468,Minute Realms
5593,172207,Unspeakable Words: Deluxe Edition
5594,352,Trumpet
5595,201406,OrganATTACK!
5596,31621,Gangster
5597,189062,Red Flags
5598,213503,The Brigade
5599,29678,Munchkin Quest
5600,30878,Power & Weakness
5601,46323,Warlords of Europe
5602,11104,Who's the Ass?
5603,11161,Dungeoneer: Den of the Wererats
5604,303006,Harry Potter: House Cup Competition
5605,41612,Struggle for the Galactic Empire
5606,21436,18FL
5607,259857,Jurassic Parts
5608,199881,Space Cantina
5609,276499,Ratzzia
5610,181404,Taverna
5611,258244,Discover: Lands Unknown
5612,4086,"Napoleon at Bay: The Campaign in France, 1814"
5613,151275,Ophir
5614,153905,Warband: Against the Darkness
5615,11733,Briscola
5616,107635,Kairo
5617,266177,Tsuro: Phoenix Rising
5618,202207,Virulence: An Infectious Card Game
5619,188325,'65: Squad-Level Combat in the Jungles of Vietnam
5620,254239,Quatre Bras 1815: Last Eagles
5621,118703,20th Century Limited
5622,148531,Polterfass
5623,246530,Star Trek: The Next Generation Fluxx
5624,36739,Black Sheep
5625,4769,Great War at Sea: The Mediterranean
5626,337765,Brian Boru: High King of Ireland
5627,135215,Lords of War: Orcs versus Dwarves
5628,10789,Pitch
5629,5711,Squad Seven
5630,218310,Trickster: Champions of Time
5631,292029,Funkoverse Strategy Game: Golden Girls 100
5632,139443,Superfight
5633,241025,Penny Papers Adventures: Skull Island
5634,123844,City Hall
5635,144728,Adventure Time Card Wars: Finn vs. Jake
5636,279900,Afternova
5637,239826,Dice Fishing: Roll and Catch
5638,126242,Hot Rod Creeps
5639,274432,Kauchuk
5640,40234,Einauge sei wachsam!
5641,5306,Harry's Grand Slam Baseball Game
5642,28302,Oware
5643,158837,27th Passenger: A Hunt on Rails
5644,29140,Tumblin-Dice Jr.
5645,8316,Over the Reich
5646,35964,duck! duck! Go!
5647,155042,Steam Donkey
5648,153480,Scharfe Schoten
5649,285895,Islands in the Mist
5650,154479,Piña Pirata
5651,65313,Napoleon's War:  The 100 Days
5652,13597,Big Two
5653,129382,Ark & Noah
5654,207010,Paramedics: Clear!
5655,195226,Napoleon Saga: Waterloo
5656,66125,Le Donjon de Naheulbeuk
5657,8017,Feurio!
5658,296986,Sherlock: Entre tumbas
5659,35476,Barbarossa: Crimea
5660,85800,Octopus's Garden
5661,4346,"Cedar Mountain: Prelude to Bull Run, August 9, 1862"
5662,76436,Bismarck (Second Edition)
5663,180179,Siggil
5664,20077,Kutuzov
5665,99459,Banjooli Xeet
5666,16805,Road to Berlin: Platoon Level Combat in World War II – A Panzer Grenadier Game
5667,125315,FlowerFall
5668,165346,Mint Tin Pirates
5669,265381,DANY
5670,190232,Plan Orange: Pacific War 1932 – 1935
5671,235944,Schummel Hummel
5672,124047,Pirate Dice: Voyage on the Rolling Seas
5673,158237,1914: Glory's End / When Eagles Fight
5674,4226,Victory at Midway
5675,10662,Victoria Cross: The Battle of Rorke's Drift
5676,65334,Flash Duel
5677,84834,Heights of Courage: The Battle for the Golan Heights
5678,260316,Art Decko
5679,669,Plague & Pestilence
5680,254189,Snow White and the Seven Dwarfs: A Gemstone Mining Game
5681,89342,Tomorrow
5682,499,Arbos
5683,6508,Tom Tube
5684,226089,Alicematic Heroes
5685,191790,"Empires in America: The French and Indian War, 1754-1763 (Second Edition)"
5686,280812,Neta-Tanka
5687,41934,World at War: The Untold Stories
5688,207230,"Thunder in the Ozarks: Battle for Pea Ridge, March 1862"
5689,170146,Dark Seas
5690,163175,Yashima: Legend of the Kami Masters
5691,223996,"Minuit, Meurtre en Mer"
5692,255034,Papua
5693,67199,The Coming Storm: Quadrigame of the Fourth Coalition October 1806 - June 1807
5694,294275,Way of the Samurai
5695,201478,Problem Picnic: Attack of the Ants
5696,26156,Ausgerechnet Uppsala
5697,5686,Stargrunt II
5698,160012,In a Bind
5699,7218,18VA
5700,181325,Completto
5701,280575,Yin Yang
5702,279911,Escape Room in a Box: Flashback
5703,256478,Flotsam Fight
5704,284982,Drako: Knights & Trolls
5705,4368,In their Quiet Fields II
5706,331571,My Gold Mine
5707,244333,Once Upon a Castle
5708,40491,Verflixxt! kompakt
5709,265260,Revolution of 1828
5710,194019,Guilds
5711,138026,Critical Mass: Raijin vs Archon
5712,12071,Second Season Pro Football Game
5713,61028,D-Day Dice: Free Trial Version
5714,130911,Batman: Gotham City Strategy Game
5715,3711,Flight Leader
5716,258389,Futuropia
5717,246960,Axis & Allies & Zombies
5718,187289,"Here, Kitty, Kitty!"
5719,158915,GEM
5720,56995,The Twelve Doctors: Doctor Who Card Game
5721,1509,Dogfight
5722,29379,"Ici, c'est la France! The Algerian War of Independence 1954 - 1962"
5723,2396,Ur: 1830 BC
5724,172662,Seven7s
5725,2254,Title Bout
5726,113931,Rock'n Roll Manager
5727,232403,Haunt the House
5728,260218,1st & Roll
5729,112991,Munchkin Conan
5730,280304,ARTBOX
5731,311,Time Agent
5732,173574,1836Jr
5733,36986,All Things Zombie: The Boardgame
5734,144525,Dungeon Twister: The Card Game
5735,209289,The Treasure of Isla Tortuga
5736,34701,Thor
5737,31449,Army of Frogs
5738,332075,Warhammer Quest: Cursed City
5739,226146,Tower of Madness
5740,204886,Suspicion
5741,16933,Super Munchkin
5742,22465,On the Dot
5743,5635,Second World War at Sea: Bomb Alley
5744,2759,Havannah
5745,161761,King's Gold
5746,104805,Animal Upon Animal: Small and Yet Great!
5747,147568,Risk: The Walking Dead – Survival Edition
5748,25695,Chopstick Dexterity MegaChallenge 3000
5749,181807,Dragon Rampant: Fantasy Wargaming Rules
5750,265752,Exceed: Street Fighter – Ryu Box
5751,298701,Decktective: The Gaze of the Ghost
5752,171541,Flying Kiwis
5753,8192,Railroad Dice
5754,129348,FAB: Golan '73
5755,34334,Waterloo 20
5756,4106,Moderne Zeiten
5757,9804,Gettysburg: Badges of Courage
5758,237174,"So Long, My World"
5759,145,Metropolis
5760,56320,Spearpoint 1943
5761,747,Bitter Woods: The Battle of the Bulge
5762,17465,Cowboys: The Way of the Gun
5763,38387,Los Banditos
5764,170223,Centauri Saga
5765,154895,Wizard's Academy
5766,2464,Swords & Sorcery: Quest and Conquest in the Age of Magic
5767,39939,"The Battle of Fontenoy: 11 May, 1745"
5768,206471,Eternity
5769,91666,Crossboule
5770,458,Sherlock Holmes: The Card Game
5771,8887,Battle for Stalingrad
5772,65990,Don Quixote
5773,210101,Incorporated
5774,1313,1826: Railroading in France and Belgium from 1826
5775,185378,"Exceed: Red Horizon – Kaden, Eva, Miska, and Lily"
5776,9615,Station Master
5777,38275,Robotory
5778,7824,Break the Safe
5779,8222,Spank the Monkey
5780,131493,Secret Code 13+4
5781,257160,Thieves Den
5782,310100,Nemesis: Lockdown
5783,34871,Ventura
5784,1072,Wat'n dat!?
5785,322563,Dice Throne: Season One ReRolled – Pyromancer v. Shadow Thief
5786,6431,Air & Armor
5787,104640,Robin Hood
5788,168700,Kigi
5789,174182,Force of Will
5790,43365,Kansas Pacific
5791,25605,Walhalla
5792,206169,Slide Blast
5793,299946,Eiyo
5794,137406,Templar: The Secret Treasures
5795,38805,Rebel Raiders on the High Seas
5796,324639,The Road
5797,145475,Hobbit Tales from the Green Dragon Inn
5798,191296,RUMBLESLAM
5799,225610,Smolensk: Barbarossa Derailed
5801,30483,Antler Island
5802,299266,Funkoverse Strategy Game: Jurassic Park 100
5803,103814,Streams
5804,12055,Streets of Stalingrad (Third Edition)
5805,256438,Snow Time
5806,32129,Taktika
5807,6607,Munchkin Fu
5808,1098,Judge Dredd
5809,267661,Crossing the Line: Aachen 1944
5810,194298,Expedition: The Roleplaying Card Game
5811,243994,Swordcrafters
5812,193212,Chariot Race
5813,168537,Pandemonium
5814,223726,Destination X
5815,126021,Dropzone Commander
5816,245710,Blossoms
5817,7263,Nertz
5818,271528,Bees: The Secret Kingdom
5819,174298,Napoleon's Last Gamble: Battles of the Hundred Days
5820,193485,Dastardly Dirigibles
5821,227888,"Warhammer 40,000: Dark Imperium"
5822,2324,Last Frontier: The Vesuvius Incident
5823,176,Give Me the Brain!
5824,223950,Fantasy Defense
5825,6117,Nobody but Us Chickens
5826,156007,Mound Builders
5827,1475,Careers
5828,262042,Gardens of Babylon
5829,181370,Mint Tin Mini Apocalypse
5830,300367,Boomerang: Europe
5831,167292,Bellz!
5832,307656,Seastead
5833,15209,Linja
5834,40258,Buffalo Wings
5835,254936,Frontier Wars
5836,39332,Tasso
5837,170202,Floating Market
5838,8798,Winter War: The Russo-Finnish Conflict
5839,142085,Promised Land: 1250-587 BC
5840,227110,Dungeon of Mandom VIII
5841,21709,Jericho
5842,159209,Bucket King 3D
5843,350,Hattrick
5844,75828,The Thing
5845,5791,Maelstrom
5846,201920,Pocket Madness
5847,48979,Wazabi
5848,225759,Armageddon War: Platoon Level Combat in the End War
5849,230751,Carcassonne für 2
5850,14860,Clash for a Continent:  Battles of the American Revolution and French & Indian War
5851,5699,"Afrika: The Northern African Campaign, 1940-1942"
5852,99219,Swish
5853,160606,Day of Days: The Invasion of Normandy 1944
5854,248928,The White Tribe: Rhodesia's War 1966-1980
5855,212551,Qwixx: Das Duell
5856,853,...und tschüss!
5857,256964,Dark Rituals: Malleus Maleficarum
5858,235362,Santa Cruz 1797
5859,225317,Halloween
5860,23917,Not War But Murder
5861,252479,Penny Lane
5862,120269,Red White & Blue Racin': Stock Car Action Game
5863,258466,The Great City of Rome
5864,33088,Chabyrinthe
5865,2072,Panzer Command: The Gateway to Stalingrad
5866,299171,The Key: Theft at Cliffrock Villa
5867,35438,Moto Grand Prix
5868,197269,Guns & Steel: Renaissance
5869,249106,SPQF
5870,195981,BEEEEES!
5871,1835,Scrutineyes
5872,121409,1969
5873,248075,Epic Spell Wars of the Battle Wizards: Panic at the Pleasure Palace
5874,40235,Bridge Troll
5875,206266,Vikingar: The Conquest of Worlds
5876,637,The Stock Car Championship Racing Card Game
5877,10623,Gringo!: The Mexican War 1846-48
5878,124490,Aztlán
5879,11437,La Bataille de Lützen
5880,46422,Nostra City
5881,322785,Suspects
5882,261529,The Boldest
5883,258437,Bukiet
5884,255456,Beneath the Med: Regia Marina at Sea 1940-1943
5885,1803,Zopp
5886,4862,Outburst!
5887,2542,Gargon
5888,299268,Funkoverse Strategy Game: Jurassic Park 101
5889,177014,Giga-Robo!
5890,53624,Empires in America: The French and Indian War
5891,261262,Blöde Kuh
5892,36,Federation & Empire
5893,128011,Extra! Extra!
5894,17922,Anno Domini: Deutschland
5895,193083,Kribbeln
5896,2860,Piecepack
5897,199309,Pathogenesis
5898,220975,History Maker Golf
5899,194078,Operation Mercury: The Invasion of Crete
5900,262498,Puzzle Dungeon
5901,174192,Daxu
5902,2780,Tarock
5903,307832,The Alpha
5904,33077,Breakthrough: Cambrai
5905,8284,Assault: Tactical Combat in Europe – 1985
5906,17526,Hecatomb
5907,277131,Age of Dirt: A Game of Uncivilization
5908,248188,Heroes of Stalingrad
5909,180921,Lutèce
5910,30324,Ca$h 'n Gun$: Live
5911,232974,Paco Ŝako
5912,4667,Eagles: Waterloo
5914,1702,Klondike
5915,58329,Langfinger
5916,13347,Plunder
5917,2665,Russian Civil War 1918-1922
5918,27940,RattleSnake
5919,12899,La Bataille de Preussisch-Eylau
5920,35477,Dead of Winter: The Battle of Stones River (Second Edition)
5921,283871,Spies & Lies: A Stratego Story
5922,278824,Rollecate
5923,197455,Dice Heist
5924,8957,Renegade Legion: Centurion – Blood & Steel
5925,332015,Fast & Furious: Highway Heist
5926,262388,Qwantum
5927,219621,Walk the Plank: Deluxe Edition
5928,4275,Pea Ridge: The Gettysburg of the West March 7-8 1862
5929,3226,Bowl Bound
5930,181867,3 sind eine zu viel!
5931,217547,Can't Stop Express
5932,1711,Richthofen's War
5933,1583,"Barbarossa: Army Group Center, 1941"
5934,286439,Import / Export: Definitive Edition
5935,12488,WARS Trading Card Game
5936,156482,Unknown
5937,145493,The King's Armory
5938,231309,Magic: The Gathering – Explorers of Ixalan
5939,311322,Herd Mentality
5940,230898,¡Adiós Calavera!
5941,1302,Cosmic Wimpout
5942,142556,Rory's Story Cubes: Clues
5943,138963,Arkham Investigator
5944,147240,Catan: Family Edition
5945,8066,CrossFire: Rules and Organizations for Company Level WW II Gaming
5946,2611,The HellGame
5947,315631,Santorini: New York
5948,194233,Cartoon Network Crossover Crisis Deck-Building Game
5949,40243,Roads to Stalingrad: Campaign Commander Series
5950,1202,The Sorcerer's Cave
5951,283768,BattleTech: Beginner Box
5952,158356,Minuscule
5953,427,Grass
5954,192906,Heir to the Pharaoh
5955,227693,Tiny Park
5956,280203,Poule Poule
5957,67,Conquest
5958,224403,Carthage
5959,165563,Prohis
5960,720,Fast Food Franchise
5961,124390,"Goblins Drool, Fairies Rule!"
5962,133534,Sigismundus Augustus: Dei gratia rex Poloniae
5963,166859,Web of Spies
5964,359,Bucket Brigade
5965,318183,Prehistories
5966,312767,Lizard Wizard
5967,227212,For Glory
5968,3692,Firepower
5969,139572,Karesansui
5970,56128,Zombiaki II: Attack on Moscow
5971,144988,Lords of War:  Elves versus Lizardmen
5972,17533,The New Easy to Master Dungeons & Dragons
5973,99573,Lock 'n Load Tactical: Heroes of the Pacific
5974,27817,Marne 1918: Friedensturm
5975,6226,Eastern Front Tank Leader
5976,206448,Noxford
5977,29017,Dschungelschatz
5978,5281,Octiles
5979,2287,"Elves, Dwarfs & Dungeonbowl"
5980,159446,Panthalos
5981,1533,Ghost Chase
5982,63395,Chocolatl
5983,203191,The Stonebound Saga
5984,174219,Time's Up! Kids
5985,265917,Winterborne
5986,260234,Middle-Earth Strategy Battle Game: Rules Manual
5987,195484,Ominoes
5988,40,Borderlands
5989,131241,Oilfield
5990,828,Wizards
5991,217471,Teenage Mutant Ninja Turtles Dice Masters: Heroes in a Half Shell
5992,178655,Panzer Battles: 11th Panzer on the Chir River
5993,131261,Risk: StarCraft Collector's Edition
5994,5504,Napoleon's Battles
5995,192296,The Pirate Republic
5996,12131,42
5997,221372,Rick and Morty: Close Rick-Counters of the Rick Kind Deck-Building Game
5998,66798,Heckmeck Barbecue
5999,11705,"Lightning: Midway – June 4th to June 6th, 1942"
6000,204470,The Stygian Society
6002,96,Broadsides & Boarding Parties
6003,2960,Camden
6004,7138,The Killing Ground
6005,170537,Swords and Bagpipes
6006,163047,Yomi: Round 1
6007,99130,Dawn of the Zeds
6008,566,Wongar
6009,147624,Mount Everest
6010,246366,Prowler's Passage
6011,19803,Martian Chess
6012,188018,Nine Tiles
6013,108637,Wilderness
6014,185380,"Exceed: Red Horizon – Satoshi, Mei Lien, Morathi, and Baelkhor"
6015,228412,Dark Venture
6016,121657,Axis & Allies Air Force Miniatures: Angels 20
6017,4085,Leningrad
6018,240892,8Bit Box
6019,200280,Dragon Brew
6020,103670,Dust Warfare: Core Rulebook
6021,201861,The Shared Dream
6022,86167,El Alamein
6023,298619,15 Days
6024,4839,Berlin '85: The Enemy at the Gates
6025,22479,HorrorClix
6026,23348,Easter Island
6027,282007,50 Clues: White Sleep
6028,296985,Sherlock: El mayordomo
6029,15167,King Arthur: The Card Game
6030,139897,Belle of the Ball
6031,64,Joan of Arc
6032,160908,Plus Ultra: The Court of the Emperor Charles V
6033,27028,Anima Tactics
6034,164655,Don't Tread on Me: The American Revolution Solitaire Board Game
6035,188181,Avignon: A Clash of Popes
6036,252163,Shardhunters
6037,118337,Urbanization
6038,318359,Groundhog Day: The Game
6039,162152,Ciúb
6040,1520,Monad
6041,40941,Hide the Kids!
6042,210,Don Pepe
6043,169146,Stone Garden
6044,263360,Shy Monsters
6045,162114,Hamsterbacke
6046,38778,Heads of State
6047,4642,Sports Illustrated Baseball
6048,300369,Boomerang: USA
6049,74408,Warhammer: The Island of Blood
6050,145205,L'Aéropostale
6051,195296,Scuttle!
6052,2944,Halli Galli
6053,17536,Lobositz: First Battle of the Seven Years War
6054,250781,Shikoku
6055,174893,TROLL
6056,298690,Diáspora
6057,302413,Steamwatchers
6058,121993,We Will Wok You
6059,327793,30 Monedas
6060,23421,1832: The South
6061,18057,Anno Domini: Natur
6062,17863,The Western Front: 1914 to 1918
6063,4643,Fire and Ice
6064,113,Mit List und Tücke
6065,125658,Level 7 [Escape]
6066,1519,Kult
6067,286145,Walking in Provence
6068,258207,Milito
6069,11122,Proud Monster: The Barbarossa Campaign
6070,202443,Barker's Row
6071,244820,Posthuman Saga
6072,244170,Loup Garou
6073,212487,AFFLICTION: Salem 1692
6074,249233,Filler
6075,33785,Elsenborn Ridge: Tactical Combat During the Battle of the Bulge – A Panzer Grenadier Game
6076,12134,This Hallowed Ground
6077,228943,Barbaria
6078,171037,Doctor Panic
6079,274363,Trial of the Temples
6080,145501,Fun Farm
6081,490,Warangel
6082,138104,Warmachine: High Command
6083,249582,The Dark Summer: Normandy 1944
6084,158982,Blue Max: World War I Air Combat
6085,12318,Typo
6086,68199,Catchup
6087,110868,Locke & Key: The Game
6088,5772,What's It to Ya?
6089,26458,Chandragupta
6090,324345,キャットインザボックス (Cat in the box)
6091,40816,Magestorm
6092,313841,Lunar Base
6093,162378,Holiday Fluxx
6094,186475,Tofu Kingdom
6095,260201,Manitoba
6096,4244,Highway to the Reich: Operation Market-Garden 17-26 September 1944 – 2nd Edition
6097,219430,Math Fluxx
6098,237828,Anno Domini 1666
6099,234438,Tyler Sigman's Crows
6100,248878,FlickFleet
6101,173804,Gruff
6102,275557,The Last Bottle of Rum
6103,29383,GD '42: Grossdeutschland
6104,265684,Subtext
6105,247733,KOI
6106,14039,Flix Mix
6107,262520,Chachapoya
6108,185381,"Exceed: Red Horizon – Alice, Zoey, Gabrek, and Ulrik"
6109,255639,Mesozooic
6110,169530,Resistor_
6111,231666,Fast Forward: FLEE
6112,42731,Lock 'n Load: Heroes of the Gap
6113,4200,"Black Wednesday: The Battle of Krasni Bor, 10-11 Feb 1943"
6114,201037,Ghostbusters: Protect the Barrier Game
6115,108377,Space Station
6116,322562,Dice Throne: Season One ReRolled – Monk v. Paladin
6117,241106,Masque of the Red Death
6118,272599,Deadly Doodles
6119,312,Landlord!
6120,194081,Deathwatch: Overkill
6121,56294,Jungle Speed: Rabbids
6122,259830,Hedgehog Roll
6123,303159,Deep Vents
6124,335869,A Little Wordy
6125,262621,The Soo Line
6126,88871,"Roads to Moscow: Battles of Mozhaysk and Mtsensk, 1941"
6127,128425,Asteriated Grail
6128,66076,Industry
6129,105024,Israeli Air Force Leader
6130,259345,Snail Sprint!
6131,280,Neue Spiele im alten Rom
6132,156786,Munchkin Panic
6133,114684,Villages
6134,2520,Renegade Legion: Interceptor
6135,2613,Intruder
6136,240822,Troika
6137,174400,BattleCON: Wanderers of Indines
6138,14258,Blood Feud in New York
6139,251433,Yokai Septet
6140,67823,Piou Piou
6141,307386,Set a Watch: Swords of the Coin
6142,202490,Chickapig
6143,232417,Druids
6144,102690,Villagers & Villains
6145,135840,Napoleon at Leipzig (Fifth Edition)
6146,331647,Mazescape Labyrinthos
6147,23928,Glory III
6148,41875,Trader
6149,38980,Mecanisburgo
6150,46669,1914: Offensive à outrance
6151,194392,Moscow '41
6152,288539,The Jaws of Victory: Battle of Korsun-Cherkassy Pocket – January/February 1944
6153,7483,Schatz der Drachen
6154,145424,Café Melange
6155,158970,Nautilus Industries
6156,158564,Billionaire Banshee
6157,324853,Exit: The Game – Kidnapped in Fortune City
6158,180193,Expo 1906
6159,1695,The Legend of Robin Hood
6160,257706,Zoo-ography
6161,227171,The Masters' Trials: Wrath of Magmaroth
6162,207487,Freak Shop
6163,277,Res Publica
6164,97683,South African Railroads
6165,171339,Entropy
6166,42651,Airborne in My Pocket
6167,157322,Dice Brewing
6168,166418,Darkrock Ventures
6169,136284,Uluru: Neuer Tumult am Ayers Rock
6170,269418,On the Rocks
6171,67148,Ultimate Werewolf: Compact Edition
6172,6861,Red Badge of Courage
6173,137872,EONS
6174,60815,Black Powder: Second Edition
6175,181328,Cornwall
6176,253470,Greedy Kingdoms
6177,574,Devil Take the Hindmost
6178,252576,DC Comics Deck-Building Game: Rivals – Green Lantern vs Sinestro
6179,220547,Sparkle*Kitty
6180,317432,Exit: The Game – The Cursed Labyrinth
6181,40550,Star Trek Customizable Card Game (Second Edition)
6182,318195,Biss 20
6183,174093,Maze Racers
6184,179259,Garbage Day!
6185,273284,Atelier: The Painter's Studio
6186,283718,Deckscape: The Curse of the Sphinx
6187,127134,Baobab
6188,198412,Twelve Heroes
6189,278297,Choose Your Own Adventure: War with the Evil Power Master
6190,65272,Cyrano
6191,74102,Der Pate
6192,37906,Firestorm Armada
6193,292363,Die of the Dead
6194,4228,1918: Storm in the West
6195,77011,For Crown & Kingdom
6196,255658,Talisman: Legendary Tales
6197,340790,1923 Cotton Club
6198,70532,Tonkin: The First Indochina War (Second Edition)
6199,54221,Push Fight
6200,135888,Titanium Wars
6202,322014,All-Star Draft
6203,253679,Festo!
6204,221233,Star Cartel
6205,254193,Fantastic Beasts: Perilous Pursuit
6206,129204,Blocks in the East
6207,265754,Exceed: Street Fighter – M. Bison Box
6208,869,Bongo!
6209,195454,Nut
6210,36297,No Question of Surrender: The Battle for Bir Hacheim
6211,170041,Splash!
6212,99078,Divided Republic
6213,1525,Dixie: Bull Run
6214,2090,Stalingrad Pocket
6215,19727,The Great Space Race
6216,476,Mr. President
6217,24410,Treasures & Traps
6218,14007,"The Siege of Alesia: Gaul, 52 B.C."
6219,186767,Shahrazad
6220,1463,Girl Genius: The Works
6221,205831,Dreams
6222,245994,The Dead Eye
6223,258693,Radetzky: Milano 1848
6224,11886,Texas Glory
6225,105023,Fleet Commander: Nimitz – The WWII Pacific Ocean Solitaire Strategy Game
6226,150294,COGZ
6227,3242,Clash of the Gladiators
6228,205774,Steel Arena: Friday Night Robot Fight
6229,315059,Dream Crush
6230,26162,Claim It!
6231,207919,Hounded
6232,230262,Time's Up! Party Edition
6233,5251,Camelot
6234,319107,Sebastian Fitzek Killercruise
6235,473,Olé!
6236,166569,House of Borgia
6237,175636,Dragon Keepers
6238,254894,Catalyst
6239,174064,Stratego Waterloo
6240,29411,Castle Knights
6241,76883,Khan
6242,909,Saturn
6243,8495,De Bellis Multitudinis: Wargames Rules for Ancient and Medieval Battles – 3000 BC to 1500 AD
6244,34098,Guelphs and Ghibellines
6245,260298,The Table Is Lava
6246,155495,KUNE v LAKIA: A Chronicle Of A Royal Lapine Divorce Foretold
6247,29199,Victoria Cross II: Battle of Isandlwana & Rorke's Drift
6248,71272,Hornet
6249,119804,Empire Express
6250,259435,Middle-earth Strategy Battle Game: The Lord of the Rings – Battle of Pelennor Fields
6251,661,Where's Bob's Hat?
6252,2252,King of the Tabletop
6253,177877,SiXeS
6254,121958,Sky Traders
6255,256390,Architectura
6256,44890,"Picket Duty: Kamikaze Attacks against U.S. Destroyers – Okinawa, 1945"
6257,106113,Manoeuvre: Distant Lands
6258,133747,Bauhaus
6259,12567,Russia Besieged
6260,183264,Spookies
6261,106753,Ooga Booga
6262,5476,A Gleam of Bayonets: The Battle of Antietam
6263,22948,Munchkin Impossible
6264,138614,Relic Expedition
6265,236370,Blood Red Skies: Battle of Britain
6266,142503,One Night Werewolf
6267,155636,Level 7 [Invasion]
6268,288828,Opale
6269,188343,Brides & Bribes
6270,841,Razzia
6271,7176,Battle of the Bulge: Platoon Level Combat in World War II – A Panzer Grenadier Game
6272,275972,Star Trek: Alliance – Dominion War Campaign
6273,150012,No Retreat!: Polish & French Fronts
6274,135,Kontor
6275,229599,Time Arena
6276,12747,Scarabeo
6277,1449,Kings Cribbage
6278,344768,Mobile Markets: A Smartphone Inc. Game
6279,274,Guerilla
6280,184561,Lock 'n Load Tactical: Heroes of the Nam
6281,165404,Dragonscroll
6282,76247,Eaten by Zombies!
6283,154125,Pocket Battles: Confederacy vs Union
6284,3595,Squint
6285,156719,Dino Race
6286,291511,Medici: The Dice Game
6287,223449,Konja
6288,16362,Hula Hippos
6289,192827,RUM
6290,135508,The Mushroom Eaters
6291,42105,Mixmo
6292,43249,The BoardGameGeek Game
6293,224303,Pocket Landship: Free Trial Version
6294,227605,For-Ex
6295,113567,Mediterranean Empires
6296,9132,18C2C: Manifest Destiny
6297,20889,Great War at Sea: Jutland
6298,35293,Im Reich der Wüstensöhne
6299,224907,Super Mario: Level Up! Board Game
6300,168232,Project Dreamscape
6301,276169,For What Remains: Streets of Ruin
6302,23263,Clue DVD Game
6303,7844,"Operation Typhoon: The German Assault on Moscow, 1941"
6304,8939,Der wahre Walter
6305,7634,Western Desert
6306,281657,Malifaux (Third Edition)
6307,313008,Apollo: A Game Inspired by NASA Moon Missions
6308,153498,Kamisado Max
6309,99808,Pizza Theory
6310,42396,The Eagle and The Star
6311,241796,Nut So Fast
6312,319604,Ricochet: A la poursuite du Comte courant
6313,232201,Planetoid
6314,10682,Atlas & Zeus
6315,31853,Black Box +
6316,166976,Consentacle
6317,137,Pass the Bomb
6318,988,Zapp Zerapp
6319,230275,Who Should We Eat?
6320,270269,Ninja Academy
6321,7755,Victory in Normandy
6322,1329,Hyle
6323,4928,Clue: 50th Anniversary Edition
6324,27306,Venedig
6325,284665,Board Royale: The Island
6326,17030,Anno Domini: Lifestyle
6327,229453,CV Pocket
6328,220730,The Scarlet Pimpernel
6329,292030,Funkoverse Strategy Game: Rick & Morty 100
6330,38364,Days of Steam
6331,158973,Albion's Legacy
6332,31821,GOITA
6333,226256,Password Express
6334,89695,RoboDerby: Express
6335,41100,King Philip's War
6336,41493,Yamslam
6337,184170,DiceWar: Light of Dragons
6338,128204,Ars Victor
6339,917,Rack-O
6340,140279,Clacks: A Discworld Board Game
6341,1371,Mustangs
6342,181385,Retro Loonacy
6343,3177,Battle for Armageddon
6344,286109,Hierarchy
6345,257707,Unlock!: Escape Adventures – In Pursuit of Cabrakan
6346,4532,Thud
6347,108665,Zpocalypse
6348,39635,Prolix
6349,2268,Lost Patrol
6350,150580,Spexxx
6351,41033,"Case Yellow, 1940: The German Blitzkrieg in the West"
6352,316857,Plantopia: The Card Game
6353,57759,Filipino Fruit Market
6354,210008,Off the Rails
6355,15274,La Bataille de la Moscowa
6356,160853,Stuff and Nonsense
6357,289,Chariot Lords
6359,55833,Tarantel Tango
6360,165347,Mint Tin Aliens
6361,130134,Burning Suns
6362,219638,Donner Dinner Party
6363,7109,Fifth Corps: The Soviet Breakthrough at Fulda
6364,67693,Offerings
6365,6642,Western Front Tank Leader
6366,141419,Koi Pond: A Coy Card Game
6367,143680,Nightfall: Eastern Skies
6368,341048,Free Ride
6369,23827,Millionen von Schwalben
6370,3341,Burn Rate
6371,99097,Food Fight
6372,11432,Harpoon 4: Modern Tactical Naval Warfare
6373,262939,Far Away
6374,133518,"Blue Cross, White Ensign"
6375,265755,Exceed: Street Fighter – Chun-Li Box
6376,12188,Garden Competition
6377,321539,A Game of Cat & Mouth
6378,276856,Ruination
6379,183150,Morocco
6380,156457,Gloobz
6381,154394,Sheepshead
6382,157779,Barragoon
6383,240827,Dragons
6384,2919,Search for the Emperor's Treasure
6385,302510,Mining Colony
6386,144150,Four Tribes
6387,131581,Soccero (Second Edition)
6388,146548,Imaginarium
6389,62030,Río de la Plata
6390,1380,Jockey
6391,147171,Soccer City
6392,119464,Tier auf Tier: Jetzt geht's rund!
6393,229240,Ancestree
6394,217544,Vanguard of War
6395,18747,"Onward, Christian Soldiers: The Crusades"
6396,142924,Mayday!Mayday!
6397,118293,Mondo Sapiens
6398,94731,Heroica: Fortaan
6399,260786,Unstable Unicorns: Chaos
6400,279497,The Ratcatcher: The Solo Adventure Game
6401,7453,Hube's Pocket
6402,180204,1857
6403,79068,Wrong Chemistry
6404,218863,TA‐KE
6405,262994,Valda
6406,150010,Tiger Leader
6407,4485,Hotel Life
6408,156976,Planes
6409,15722,Belote
6410,5928,Harpoon (Third Edition)
6411,6767,Attack Vector: Tactical
6412,507,Cartel
6413,256980,The Color Monster
6414,440,Zoff in Buffalo
6415,309862,Gudetama: The Tricky Egg Card Game
6416,192508,The Goonies: Adventure Card Game
6417,1633,Spies!
6418,161782,Kremlin (Third Edition)
6419,244452,Wisdom of Solomon
6420,282131,Monster Baby Rescue!
6421,240759,War of the Buttons
6422,176963,Dadaocheng
6423,68188,Levée en Masse: The Wars of the French Revolution
6424,149794,Clash of Giants: Civil War
6425,1713,Maharaja
6426,178153,100 Swords: The Red Dragon's Dungeon
6427,280566,Adventure Mart
6428,37257,The Uncharted Seas
6429,232090,Doodle Rush
6430,75782,The Phantom League
6431,184287,Frantic
6432,3836,Legend of the Burning Sands
6433,283867,Offshore
6434,208804,The Captain Is Dead: Lockdown
6435,4831,NFL Strategy
6436,293207,Eila and Something Shiny
6437,344697,"Warhammer 40,000: Kill Team"
6438,18931,Emira
6439,169366,Waterloo 200
6440,172358,Master Fox
6441,147206,Copper Country
6442,29198,Inn-Fighting
6443,151251,Castle Crush!
6444,150014,Pixel Glory
6445,174926,Wizards of the Wild: Deluxe Edition
6446,212581,Mega Man Pixel Tactics: Proto Man Red
6447,199357,By Order of the Queen
6448,38471,Corps Command: Dawn's Early Light
6449,86415,Cornerstone Essential
6450,265785,Rune
6451,154804,Naruto Shippuden Deck-Building Game
6452,2422,Bismarck
6453,286171,Gates of Delirium
6454,276924,Time Chase
6455,152846,The Convicted
6456,7215,"To the Green Fields Beyond: The Battle of Cambrai, 1917"
6457,102835,Lost Temple
6458,255293,One Night Ultimate Super Villains
6459,314589,Night Parade of a Hundred Yokai
6460,234900,Frutticola
6461,1145,City of Chaos
6462,250865,Grifters: Nexus
6463,137141,Batman Miniature Game
6464,177248,Saga of the Northmen
6465,229543,Sakura
6466,12608,Chess960
6467,128938,Pack of Heroes
6468,234452,Guess Club
6469,793,Yahtzee Deluxe Poker
6470,59335,Wherewolf
6471,178839,Foodfighters
6472,284639,Gatefall
6473,183836,Ferox
6474,308493,Relics of Rajavihara
6475,26138,Dungeon Twister Collectors Box
6476,5941,Mermaid Rain
6477,5394,"Kolin: Frederick's First Defeat – June 18, 1757"
6478,12141,This Terrible Sound
6479,204003,Battle of Britain
6480,4318,"Cannes: Stars, Scripts and Screens"
6481,155802,Korrigans
6482,319114,Krazy Pix
6483,2574,Classic Warlord
6484,128137,Damage Report
6485,1965,Mertwig's Maze
6486,13016,"White Death: Velikiye Luki, The Stalingrad of the North"
6487,28436,Deutschland: Finden Sie Minden
6488,7719,Arena Maximus
6489,85572,"The Last Success: Quadrigame of the War Against Austria, April - July 1809"
6490,31542,Field of Glory: Ancient and Medieval Wargaming Rules
6491,79282,Era of Inventions
6492,3365,Gumshoe
6493,283641,Ducks in Tow
6494,140524,The Daedalus Sentence
6495,286363,SPELL
6496,33172,Monastery
6497,2938,Zatre
6498,233361,Doctor Who: Solitaire Story Game (Second Edition)
6499,323262,Velonimo
6500,223777,Planet of the Apes
6501,192116,Cthulhu: A Deck Building Game
6502,180816,Munchkin The Nightmare Before Christmas
6503,180937,Nut Job
6504,3339,Diceland: Deep White Sea
6505,246531,Star Trek Fluxx
6506,29456,Infernal Contraption
6507,144789,The Sheep Race
6508,181235,Sator Arepo Tenet Opera Rotas: Malleus Maleficarum
6509,269420,Ragemore
6510,147104,Wooolf!!
6511,232345,Cahoots
6512,324150,Reign of Witches
6513,137480,Gold am Orinoko
6514,404,Worm Up!
6515,1358,Field Command
6516,315196,Dungeons & Dragons: Adventure Begins
6517,20082,Pecunia non olet: Geld stinkt nicht
6518,76207,Blockade Runner
6519,36480,Crown of Roses
6520,236650,1985: Under an Iron Sky
6521,4201,GD '40
6522,199908,Spires
6523,6752,Attack!
6524,278402,Counter Attack
6525,256685,Pandemain: Traditional Farmers' Bread
6526,5042,Flashpoint: Golan – The Fifth Arab-Israeli War
6527,307862,Dollars to Donuts
6528,179547,Victus: Barcelona 1714
6529,205420,Gooseberry
6530,18115,Four Lost Battles
6531,154939,MERCS: Recon – Counter Threat
6532,9386,IceTowers
6533,4657,Replay Baseball
6534,183643,Jeju Island
6535,188225,RONE
6536,130705,Super Big Boggle
6537,177725,They Come Unseen
6538,233502,Katarenga
6539,2853,Liftoff!
6540,182047,Austerity
6541,10679,A Fearful Slaughter: The Battle of Shiloh
6542,197408,Phalanxx
6543,9855,Strat-O-Matic Pro Basketball
6544,232139,Autumn For Barbarossa
6545,8711,Landships! Tactical Weapons Innovations 1914-1918
6546,13223,The Best of Chronology
6547,263177,The Battle of Five Armies Collector's Edition
6548,254681,Gorilla Marketing
6549,140612,The Hobbit: An Unexpected Journey
6550,28037,Wool Rules
6551,320879,Dual Gauge
6552,149793,Twin Peaks
6553,6495,Iron Tide: Panzers in the Ardennes
6554,1726,Alexander the Great
6555,277662,Coralia
6556,33911,Bacchus' Banquet
6557,129010,Jungle Ascent
6558,198630,Hold the Line: The American Revolution
6559,43530,Party Alias
6560,94365,Sultans of Karaya
6561,282246,Camp Pinetop
6562,258154,Fluttering Souls
6563,3110,Dragon Rage
6564,23935,Oshi
6565,13728,Naval Battles
6566,20228,Big Kini
6567,363,Cat Blues
6568,127981,Dungeon Heroes
6569,78,"WestFront: The War in Europe, 1943-45"
6570,136245,Ka-Boom
6571,134626,Golden Horn: Von Venedig nach Konstantinopel
6572,37184,Dungeons & Dragons Miniatures Game (Second Edition)
6573,254992,Battle of the Bards
6574,220193,Chemistry Fluxx
6575,31575,The Eye of Judgment
6576,10523,Victory & Honor
6577,145722,Eat Me If You Can!
6578,188885,Grasse
6579,18400,Battle Beyond Space
6580,129091,Trainmaker
6581,7338,Epaminondas
6582,840,Corsairs
6583,178099,1500 m
6584,182635,Mr Lister's Quiz Shootout
6585,174260,Waste Knights
6586,33155,Burrows
6587,24511,Simply Catan
6588,5687,Dirtside II
6589,248375,SAGA Rulebook (2nd Edition)
6590,172309,Monster Trick
6591,1515,Upwords
6592,144607,Bitter Woods: Designer Edition
6593,2610,Kardinal & König: Das Kartenspiel
6594,87200,Dragon Valley
6595,293309,Kraken Attack!
6596,137744,Tessen
6597,4613,1854
6598,164027,Uruk II: Die Entwicklung geht weiter
6599,138338,Continental Divide
6600,286735,Muffin Time
6601,146207,Dead Man's Hand
6602,15235,Legends of the Old West
6603,244806,Nouvelle-France
6604,21704,Fiji
6605,307170,El Valle Secreto
6606,233932,Mountaineers
6607,246532,Rick and Morty: The Pickle Rick Game
6608,249833,Monopoly Gamer: Mario Kart
6609,112598,Monster Factory
6610,178754,Z War One: Damnation
6611,266266,Murder Mystery Party Case Files: Death in Antarctica
6612,189056,Tales & Games: The Pied Piper
6613,67361,Rails of New England
6614,246696,Monster Match
6615,15878,Rummy
6616,313129,18MS: The Railroads Come to Mississippi
6617,156878,tummple!
6618,176589,Cat Box
6619,260799,Trans Europa & Trans Amerika
6620,318098,Silver Dagger
6621,282227,One Small Step
6622,175763,Behind the Throne
6623,61269,Drakon (Second Edition)
6624,165959,Jolly Roger: The Game of Piracy & Mutiny
6625,20761,Ausgerechnet Buxtehude
6626,90942,Mixtour
6627,223619,Shadow War: Armageddon
6628,116046,18NY
6629,121806,Race to the Treasure!
6630,12248,Alexander the Great
6631,184372,Justice League: Hero Dice – Superman
6632,181120,Pocket Invaders
6633,214747,Mega Man Pixel Tactics: Bass Orange Edition
6634,198408,Gekido: Bot Battles
6635,149130,Monster Fluxx
6636,8320,Sicily: The Race for Messina
6637,5035,"PanzerArmee Afrika: Rommel in the Desert, April 1941 - November 1942"
6638,223167,Secret Unknown Stuff: Escape from Dulce
6639,158742,Yardmaster Express
6640,602,Career Poker
6641,614,Rubik's Race
6642,4207,Kharkov: The Soviet Spring Offensive
6643,221371,DC Spyfall
6644,170909,Caçadores da Galáxia
6645,18401,Wacht Am Rhein
6646,279348,Cutthroat Caverns: Anniversary Edition
6647,87904,Trivial Pursuit: Master Edition
6648,173759,Cauldron
6649,264925,Nocturion
6650,228399,Okko Chronicles: Cycle of Water – Quest into Darkness
6651,66608,Two by Two
6652,253607,1822CA
6653,264991,Par Odin
6654,280834,For Science!
6655,20266,"Bitter End: Attack to Budapest, 1945"
6656,292489,The Rival Networks
6657,212839,Heroes Welcome
6658,284998,Reigns: The Council
6659,260785,Unstable Unicorns: Control
6660,514,True Colors
6661,152851,Tales & Games: The Grasshopper & the Ant
6662,282765,Mint Cooperative
6663,131332,Berserk: War of the Realms
6664,2298,"Kasserine: Rommel's Battle for Tunisia, 1943"
6665,112381,Abaddon
6666,122691,Magnum Opus
6667,87120,Vintage
6668,223312,Little Big Fish
6669,176564,Scoundrel Society
6670,91739,Somme 1918: Bloody Spring
6671,271837,Freeman's Farm 1777
6672,271693,Wodny szlak
6673,8812,No Better Place to Die: The Battle of Murfreesboro
6674,138105,Hordes: High Command
6675,256998,Robin Wood
6676,131183,Wings of Glory: WW2 Rules and Accessories Pack
6677,99655,Swinging Jivecat Voodoo Lounge
6678,184371,Justice League: Hero Dice – Batman
6680,66665,Recicle: Tempos de Crise
6681,22544,Epic Dungeoneer: Call of the Lich Lord
6682,103235,Singapore
6683,161383,LIE
6684,15410,Walk the Dogs
6685,281514,Escape from the Asylum
6686,341233,Almadi
6687,219717,18USA
6688,34375,Go Nuts!
6689,230746,Bronze
6690,19969,Truco
6691,14038,Anachronism
6692,10908,Minotaur Lords
6693,260561,WARIGIN
6694,6928,Typhoon!
6695,266802,Escape Room: The Game – Jumanji
6696,198611,Mondrian: The Dice Game
6697,128218,Helvetia Cup
6698,62226,Iron and Oak
6699,5698,The Emperor Returns
6700,279204,The North
6701,184145,Flash Duel: Revised Second Edition
6702,246700,Hard City
6703,296987,Sherlock: ¿Quién es Vincent Leblanc?
6704,91010,Phantom Fury
6705,2471,Zombies!!!
6706,267377,WWII Commander: Battle of the Bulge
6707,104575,Steam Torpedo: First Contact
6708,225316,Discovery: The Era of Voyage
6709,172542,Push a Monster
6710,11385,Stratego: Lord of the Rings Trilogy Edition
6711,39345,Karelia '44: The Last Campaign of the Continuation War
6712,205826,Kilt Castle
6713,867,Morisi
6714,265113,ESCAPE Dysturbia: Mörderischer Maskenball
6715,252432,Zoo Break
6716,128537,Gentlemen Thieves
6717,1814,Dilbert: Corporate Shuffle
6718,223742,Colour Brain
6719,52,Mighty Empires
6720,306173,Lisbon Tram 28
6721,37441,Pala
6722,190462,Triumph of Chaos v.2 (Deluxe Edition)
6723,289601,Combo Color
6724,144506,Mysteries?
6725,165522,Rory's Story Cubes: Intergalactic
6726,267590,Deep State: New World Order
6727,129946,AttrAction
6728,3874,Ultimate Mastermind
6729,127188,Tweeeet
6730,10559,Why Did the Chicken...?
6731,12764,City and Guilds
6732,287507,Evil Dead 2: The Board Game
6733,163277,Cardline: Dinosaurs
6734,120447,Get Lucky
6735,211813,Holdfast: EastFront 1941-45
6736,2794,Spinball
6737,40483,Anima: Beyond Good and Evil
6738,26952,International Checkers
6739,37362,Robot Master
6740,144632,City Council
6741,8003,Warhammer Ancient Battles
6742,27710,Catan Dice Game
6743,246588,Crowbar! The Rangers at Pointe Du Hoc
6745,82272,Railroad Barons
6746,3637,Triplanetary
6747,82424,Bangkok Klongs
6748,29055,Down in Flames: Locked-On
6749,276760,Escape Room: The Game – 2 Players
6750,7239,Medieval
6751,2211,Proteus
6752,244241,Runika and the Six-sided Spellbooks
6753,188991,Alienation
6754,121615,Shadows over the Empire
6755,218200,Constellations
6756,205819,Black Hills
6757,268936,Llamas Unleashed
6758,751,Minos
6759,206928,The Architects of the Colosseum
6760,6627,Scream Machine
6761,3679,Ramparts
6762,217176,Crazy Race
6763,260788,Knapp Daneben!
6764,9354,Privacy
6765,204175,Batman: The Animated Series Dice Game
6766,166280,DragonFlame
6767,127432,Columba
6768,1383,Pool Party
6769,257435,Brick & Mortar
6770,39045,Heroes of the World
6771,39534,Paper Safari
6772,3411,Drive on Paris
6773,182218,Hoax (Second Edition)
6774,35599,Witchcraft
6775,9962,Chez Goth
6777,1591,Ploy
6778,1253,Limits
6779,226562,Immortals
6780,11967,The Seven Days of 1809: Napoleon and the Archduke Charles
6781,286667,Tutankhamun
6782,1782,Ancients
6783,34829,Ilium
6784,131121,Equinox
6785,10964,"April's Harvest: The Battle of Shiloh, April 6 & 7, 1862"
6786,108157,Kalimambo
6787,255332,Vault of Dragons
6788,176914,Gateway: Uprising
6789,249275,The Silver River
6791,316632,La Marche du Crabe
6792,18946,Just Desserts
6793,158812,Shadow Throne
6794,82610,Cranium Scribblish
6795,5829,Balkan Front
6796,235533,Beta Colony
6797,4288,"Panzer: A Tactical Game of Armored Combat on the Eastern Front, 1941-1945"
6798,24082,Voltage
6799,142432,Continental Express
6800,285853,Infinity Defiance
6801,17654,18GL
6802,12533,Entrapment
6803,326908,La Morada Maldita
6804,63778,Word on the Street Junior
6805,1257,Starbase Jeff
6806,238182,"Good Dog, Bad Zombie"
6807,287275,Orléans Stories
6808,210418,Tavern Masters
6809,277902,Goryo
6810,230667,Itchy Feet: the Travel Game
6811,199269,1572: The Lost Expedition
6812,376,DruidenWalzer
6813,203800,Dust 1947
6814,313730,Harsh Shadows
6815,1245,Isis & Osiris
6816,18606,Birds of Prey: Air Combat in the Jet Age
6817,58886,Alba Longa
6818,260170,Shake Up
6819,220141,Munchkin Shakespeare Deluxe
6820,14054,Akaba
6821,261624,Warfighter Shadow War: The Modern Night Combat Card Game
6822,247980,Walls of York
6823,9556,Snatch
6824,4292,The Sword and the Flame
6825,256728,Raiatea
6826,608,Siesta
6827,2368,Battlecars
6828,147635,Dungeon Crusade: Book I – Genesis of Evil
6829,16035,Cranium Whoonu
6830,276161,MOON
6831,41763,Le Passe-Trappe Grande
6832,123129,We Didn't Playtest This: Legacies
6833,11202,The First World War
6834,246759,You've Got Crabs
6835,8630,Advanced Space Crusade
6836,103469,Risk: Metal Gear Solid
6837,134,Cape Horn
6838,231624,Exploriana
6839,147883,Lost Legacy: Hyakunen Senso to Ryu no Miko
6840,316287,Quest
6841,5991,Lion of Ethiopia
6842,163354,Cypher
6843,234104,The Valley of Alchemists
6844,8782,"Narvik: The Campaign in Norway, 1940"
6845,753,Panzerkrieg: von Manstein & HeeresGruppe Süd
6846,11929,Go-Moku
6847,265031,Ice Team
6848,2133,Rage
6849,91817,City Square Off
6850,18333,Nature Fluxx
6851,11330,Jass
6852,231215,Merchants of Muziris
6853,210113,Tank Chess
6854,710,Snit's Revenge!
6855,214125,Legendary Creatures
6856,75957,Slither
6857,322039,The Key: Sabotage at Lucky Llama Land
6858,65814,Dweebies
6859,1157,Save Doctor Lucky
6860,36596,Ancient Battles Deluxe: From Guts to Gunpowder
6861,99479,Mare Balticum
6862,42448,We Didn't Playtest This Either
6863,206091,The Football Game
6864,37739,Sutter's Mill
6865,295574,Dice Masters
6866,29026,Ogre Miniatures
6867,299569,Kompromat
6868,300993,¡Extinción!
6869,21854,Los Mampfos
6870,536,Visionary
6871,11038,Fiasco
6872,1566,Simply Cosmic
6873,18121,Casino
6874,9202,Saga
6875,27802,Anno 1701: Das Kartenspiel
6876,175989,Pillars of Eternity: Lords of the Eastern Reach
6877,320992,The Specialists
6878,148264,"Operation Battleaxe:  Wavell vs. Rommel, 1941"
6879,294047,Superclub
6880,11436,La Bataille d'Orthez
6881,5034,Empire of the Rising Sun
6882,203321,This War Without an Enemy
6883,322696,An Otter Won
6884,180256,It's Mine
6885,207845,Treasure Lair
6886,205078,Barcelona: The Rose of Fire
6887,157521,Victory in Europe
6888,182544,Advanced Song of Blades and Heroes
6889,212376,Stroop
6890,253396,Miremarsh
6891,6253,"'Wacht am Rhein': The Battle of the Bulge, 16 Dec 44 – 2 Jan 45"
6892,236125,Nights of Fire: Battle for Budapest
6893,2904,John Prados' Third Reich
6894,8790,Activity
6895,96345,Black Stories: Funny Death Edition
6896,1794,Risk: Édition Napoléon
6897,5410,La Grande Guerre 14-18
6898,179661,KINMO
6899,140997,Romans Go Home!
6900,152172,Nova Aetas
6901,191038,West of Africa
6902,85147,Wings of the Motherland
6903,248182,Solar City
6904,284121,Uprising: Curse of the Last Emperor
6905,309917,Hidden Games Crime Scene: The Midnight Crown
6906,17395,Prussia's Glory II: Four Battles of the Seven Years War
6907,9296,Warzone
6908,260694,Catacombs Cubes
6909,147030,World of Tanks: Rush
6910,27490,Bloom
6911,303053,Last Defense!
6912,233996,The Primary
6913,137933,Dicht dran
6914,256838,Nessos
6915,242482,Blight Chronicles: Agent Decker
6916,3071,Blood Bowl
6917,29351,Durak
6918,38858,Strada Romana
6919,166109,Meteor
6920,4980,Cityscape
6921,8139,The Lord of the Rings: Combat Hex Tradeable Miniatures Game
6922,323614,Castle Party
6923,341165,Dune: A Game of Conquest and Diplomacy
6924,203042,Microworld
6925,5965,October War: Doctrine and Tactics in the Yom Kippur Conflict
6926,284446,Wonder Tales
6927,197285,Merchants & Marauders: Broadsides
6928,39940,Prague: The Empty Triumph
6929,40370,Islas Canarias
6930,72285,Totemo
6931,131232,Mafia City
6932,148507,IUNU
6933,63743,The World Cup Card Game 2010
6934,2123,Shadowrun: The Trading Card Game
6935,158971,Lighthouse Run
6936,237629,Cortex Challenge 2
6937,184563,Lock 'n Load Tactical: Heroes of the Motherland
6938,139747,Arena Rex
6939,202296,Wizardry to the Power of Three
6940,184085,Perfect Alibi
6941,308416,Tapeworm
6942,67309,Hey Waiter!
6943,75360,Texas & Pacific
6944,155322,Hearts of AttrAction
6945,24771,Null & Nichtig
6946,41837,Force on Force: Modern Wargaming Rules
6947,251350,Gem Rush (Second Edition)
6948,102681,21 Mutinies: Arrr! Edition
6949,148740,Scotland Yard Master
6950,6551,Crimson Skies
6951,140314,High Heavens
6952,18975,Hunting Party
6953,164205,King's Pouch
6954,165628,HINT
6955,223518,Scott Pilgrim's Precious Little Card Game
6956,112694,Hockey Blast Pro Hockey Game
6957,5171,War Without Mercy
6958,73650,Porto Carthago
6959,280131,Moon Base
6960,238412,Heropath: Dragon Roar
6961,14940,Figure It
6962,301,Campanile
6963,2543,Pompeji
6964,119899,Gunrunners
6965,3572,Invasion: America – Death Throes of the Superpower
6966,39169,"Warhammer 40,000: Codex"
6967,258561,Rap Godz
6968,37738,Master Builder
6970,2353,Muscat
6971,242325,Tricks and the Phantom
6972,170951,The Foreign King
6973,208700,Heroes of Normandie: The Tactical Card Game
6974,7451,Jarnac
6975,228452,Adamastor
6976,197707,Lost in R'lyeh
6977,187056,Siege of the Citadel
6978,175541,Cuisine a la Card
6979,136890,Hold the Line:  Frederick's War
6980,67285,Armorica
6981,224374,Russia Besieged: Deluxe Edition
6982,5559,Sky Galleons of Mars
6983,175023,Crows Overkill
6984,151456,Krosmaster: Arena – Duel Pack 1
6985,146963,Let Them Eat Shrimp!
6986,171419,My First Bohnanza
6987,93819,War of Honor
6988,199086,Festival of a Thousand Cats
6989,22604,The Halls of Montezuma
6991,192824,GYM
6992,175510,Soulfall
6993,38904,Wind River
6994,60029,A Week In Hell: The Battle of Hue
6995,6646,Excalibur
6996,35865,"Treasure, Ready, Go!"
6997,250725,Thrive
6998,245222,Squadro
6999,142334,Sushi Dice
7000,239845,Stuffed
7001,177857,Achaia
7002,219122,National Economy
7003,294294,Letterpress
7004,25182,24/7: The Game
7005,10164,Fliegen klatschen
7006,144468,Jungle Speed: Safari
7007,282438,Throne of Allegoria
7008,607,Honor of the Samurai
7009,227422,Whoosh: Bounty Hunters
7010,232078,Pot de Vin
7011,186723,Cave Evil: Warcults
7012,8232,Zauberschwert & Drachenei
7013,27451,Activity 2
7014,134283,1914: Serbien Muss Sterbien
7015,212450,Crossroads of Heroes
7016,154560,Adventure Time Card Wars: BMO vs. Lady Rainicorn
7017,94331,Legions of Darkness
7018,331059,Last Message
7019,24933,Cranium Pop 5
7020,16177,König Salomons Schatzkammer
7021,229782,Roland Wright: The Dice Game
7022,222853,Witches of the Revolution
7023,295402,Waterloo Campaign 1815
7024,21469,Spectral Rails
7025,6251,Arnhem: Defiant Stand
7026,144223,Blocky Mountains
7027,2301,The New Dungeon!
7028,200170,Myth: Dark Frontier
7029,40759,Cartagena: Die Meuterei
7030,210295,Lightseekers
7031,192777,Junta: Las Cartas
7032,94733,Heroica: Waldurk
7033,156737,The X-Files
7034,167650,"Last Battle: Ie Shima, 1945"
7035,42206,7 Ate 9
7036,149863,Castro
7037,2838,Loaded Questions
7038,192274,Bethel Woods
7039,283542,Latice Hawai'i
7040,129225,Nehemiah
7041,17971,War in the Desert
7042,2179,Musketeers
7043,148443,Talo
7044,59008,Canadian Crucible: Brigade Fortress at Norrey
7045,161620,"Omertà, el poder de la mafia"
7046,321596,P'achakuna
7047,3248,Citadel of Blood
7048,193327,The Golden Sails
7049,4113,Tigers in the Mist: Ardennes Offensive
7050,736,San Francisco
7051,341753,Tholos
7052,276337,Napoleon Returns 1815
7053,263,Manitou
7054,283584,GrandBois
7055,246862,Galaxy Hunters
7056,322616,Comic Hunters
7057,1489,Deadwood Studios USA
7058,284054,Smoothies
7059,231027,Bye-Bye Black Sheep
7060,22472,Prussia's Defiant Stand
7061,18781,Hornet Leader II
7062,8285,"Boots & Saddles, An Assault Series Module"
7063,9346,Daimyo
7064,205961,Travelin'
7065,172206,Bomarzo
7066,10707,Hacker: Deluxe Edition
7067,284082,Adventure Games: The Volcanic Island
7068,53103,Aladdin's Dragons
7069,284306,Star Scrappers: Orbital
7070,146880,Train Heist
7071,127839,"Mage Tower, A Tower Defense Card Game"
7072,187121,Far East War 1592
7073,170969,Gigamons
7074,292907,The Deadlies
7075,18824,WWE Raw Deal
7076,292811,American Bookshop
7077,2607,Totopoly
7078,170477,Dino Dude Ranch
7079,4287,Onslaught
7080,2135,On the Edge
7081,3149,Lost Valley of the Dinosaurs
7082,287783,The Last Hundred Yards Volume 2: Airborne Over Europe
7083,189829,Zombie Tower 3D
7084,3567,Roller Coaster Tycoon
7085,37383,1940: The Fall of France – A Panzer Grenadier Game
7086,144382,Canalis
7087,182982,Horse & Musket: Dawn of an Era
7088,324246,Journey to the Center of the Earth
7089,129492,Bee Alert
7090,259121,Less Than 60 Miles
7091,66080,"The Lost Cause: The American Civil War, 1861-1865"
7092,20044,The Lord of the Rings: The Mines of Moria
7093,306637,Resident Evil 3: The Board Game
7094,253087,Shadowrun: Sprawl Ops
7095,275032,Ghost Adventure
7096,62214,Aspern-Essling 1809
7097,329593,Settlement
7098,234673,1918: Brother Against Brother
7099,222462,Mint Julep
7100,234842,Chickwood Forest
7101,208411,Unreal Estate
7102,282008,50 Clues: The Fate of Leopold
7103,70916,Rockband Manager
7104,162591,Heroes
7105,300329,Harry Potter Strike Dice Game
7106,2742,Wings: World War One Plane to Plane Combat 1916-1918
7107,282033,Wing Leader: Victories 1940-1942 (Second Edition)
7108,204055,Warehouse 13: The Board Game
7109,163048,Yomi: Round 2
7110,201557,Odyseja
7111,342010,The Golden Ticket Game
7112,12875,Cranium Turbo Edition
7113,179217,Wonky
7114,27823,Battue: Storm of the Horse Lords
7115,125493,DrunkQuest
7116,42131,War of the Ring
7117,256801,Fast Forward: FORTUNE
7118,3316,Prussia's Glory: The Battles of Frederick the Great
7119,497,Vampire
7120,214758,N: The Napoleonic Wars
7121,246746,Samsara
7122,7576,Thingamajig
7123,56880,El Paso
7124,1831,North American Rails
7125,271044,UNDO: Cherry Blossom Festival
7126,208754,Wings of Glory: Tripods & Triplanes
7127,8553,Cannon
7128,256572,The Walking Dead: Here's Negan – The Board Game
7129,231824,Blank
7130,280162,"From Salerno to Rome: World War II – The Italian Campaign, 1943-1944"
7131,46362,High Noon Saloon
7132,8976,World War II: Pacific Theater of Operations
7133,215436,Codex: Card-Time Strategy – Starter Set
7134,8722,BAOR
7135,1163,"Ciao, Ciao..."
7136,161537,7 Steps
7137,197061,Fantahzee: Hordes & Heroes
7138,202582,Trellis
7139,153225,Pick-a-Seal
7140,259394,Storm Above the Reich
7141,200512,Pups
7142,1806,The Piggyback Brigade
7143,37794,Magnifico
7144,7365,"Wilson's Creek: The West's First Fight, August 10, 1861"
7145,6544,Battle for Moscow
7146,17530,Go Stop
7147,16444,The Battle of the Bulge
7148,1901,Star Fleet Battle Force
7149,41243,Down in Flames: WWII-Guns Blazing
7150,32171,El Club de los Martes
7151,104498,Pirates of Nassau
7152,161138,Dragon Run
7153,17397,Savannah
7154,75441,Master of Economy
7155,22377,Spartacus
7156,13875,Quoridor Kid
7158,111069,Karnag
7159,193062,Bidder Up!
7160,299179,Chancellorsville 1863
7161,234373,Kingdom Run
7162,257372,The Bears and the Bees
7163,229965,Rival Realms
7164,3656,Score Four
7165,268159,Warhammer: The Game of Fantasy Battles (6th Edition)
7166,301616,"Hood Strikes North: The Tennessee Campaign, Fall 1864"
7167,7975,Triumph & Glory: Battles of the Napoleonic Wars 1796-1809
7168,298764,The Great Barrier Reef Card Game
7169,3851,Dune CCG
7170,55679,Panzer General: Allied Assault
7171,7662,Bar-Lev: The Yom-Kippur War of 1973
7172,302991,Funkoverse Strategy Game: Back to the Future 100
7173,230968,Panic Island!
7174,246689,Munchkin Teenage Mutant Ninja Turtles
7175,195533,Haze Islands
7176,259393,Lunes
7177,26118,Pirates on the High Seas
7178,256538,Home Alone Game
7179,4289,88: A Tactical Game of Armored Combat on the North African Front
7180,300217,Merchants of the Dark Road
7181,308329,The Batman Who Laughs Rising
7182,938,Enchanted Forest
7183,197409,The Heroes of Kaskaria
7184,148213,Primer: The Gamer's Source for Battles from the Age of Reason
7185,224134,Munchkin Rick and Morty
7186,5482,Devil's Den
7187,72941,Beda Fomm
7188,161995,Hexemonia
7189,226322,That's a Question!
7190,2132,Guardians
7191,177538,The Sands of Time
7192,247143,Senshi
7193,63928,"Operation Jubilee: Dieppe, August 1942"
7194,51195,Adaptoid
7195,39210,Tier auf Tier: Das Duell
7196,280475,Element: Silver
7197,256742,Exceed: Seventh Cross – Church vs. Empire Box
7198,264212,Curators
7199,37061,Star Fleet Battles (Designer's Edition)
7200,3600,Fifth Frontier War
7201,133835,Dark Empire: Revolution
7202,216985,Nomads
7203,4934,Battling Tops
7204,9149,Zitternix
7205,182638,Harald
7206,163310,Supermarché
7207,313718,Hibachi
7208,3765,Babylon 5 Wars
7209,309000,Blue Skies
7210,155119,Mars Attacks: The Dice Game
7211,7831,Risorgimento 1859: the Second Italian War of Independence
7212,43845,18Ardennes
7213,68250,Objective: Kiev
7214,31554,Red Dragon Rising: The Coming War With China
7215,137626,The Road to Cheren
7216,194194,Pędzące Ślimaki
7217,317983,Anansi
7218,11396,Dragon Master
7219,3466,WarpWar
7220,256779,Exceed: Seventh Cross – Hunters vs. Demons Box
7221,319529,Spukstaben
7222,133689,"Fall Blau: Army Group South, June to December 1942"
7223,52825,De Kolonisten van de Lage Landen
7224,141735,Patronize
7225,303,Koalition
7226,108430,Fuentes de Onoro 1811
7227,4342,"Screaming Eagles in Holland: The 101st Airborne Division's Defense of Hell's Highway, 22-23 September, 1944"
7228,197705,Defense Grid: The Board Game
7229,172162,Da Luigi
7230,19665,Tara: Ireland's Royal Board Game
7231,148975,Dungeon Guilds
7232,10668,Panzer Grenadier: Desert Rats
7233,134637,Channel A
7234,209206,Hypergrid
7235,137500,Gothic Invasion
7236,71886,Na Grunwald: Rycerze króla Jagiełły
7237,31443,The Habit of Victory: From Warsaw to Eylau to Friedland
7238,982,Amoeba Wars
7239,145609,Stinker
7240,31968,Abalone Quattro
7241,246146,Most Wanted
7242,228944,Hermetica
7243,301441,Drawn to Adventure
7244,154902,Diner
7245,244795,Lost Cities: To Go
7246,155411,DreadBall Xtreme
7247,278373,Twisty Little Passages
7248,136416,Ab in die Tonne
7249,7753,When Eagles Fight
7250,5060,Caesar in Alexandria
7251,156853,Pirate Den
7252,248641,Monsterpocalypse Miniatures Game
7253,28944,Harzbahn 1873
7254,293835,Oltréé
7255,109,Wettstreit der Baumeister
7256,226170,Advanced Guildhall Fantasy: The Gathering
7257,170799,Lost Woods
7258,28705,Pizza Box Baseball
7259,167237,Andromeda
7260,7976,Fantasy Pub
7261,251660,Plunderbund
7262,234093,Rob 'n Run
7263,181319,Familiar's Trouble
7264,239951,Gretchinz!
7265,32149,Word Blur
7266,139629,Mythe
7267,277611,Kodama 3D
7268,142265,Prospectus
7269,58625,Storm Over Normandy
7270,15827,"Blitzkrieg Commander: Fast-Play Tabletop Wargame Rules for Combined-Arms Operations, 1936-45"
7271,2884,Pathfinder
7272,3712,Tac Air
7273,4425,Waterloo: Napoleon's Last Battle
7274,2192,Rivets
7275,203624,Mea Culpa
7276,16693,UNO H2O
7277,212958,Space Freaks
7278,1471,Gangsters
7279,191932,Exposed
7280,182178,Jester
7281,11091,Leuthen: Frederick's Greatest Victory
7282,222951,Mini WWII
7283,230553,Dragon Ball Super Card Game
7284,1014,Fief 2
7285,331652,Mazescape Ariadne
7286,187777,Endure the Stars
7287,204615,StarFall
7288,1508,Broadside
7289,274028,Handsome
7290,80933,Sandwich
7291,279975,An Attrition of Souls
7292,26468,Klaverjassen
7293,258242,Magnate: The First City
7294,129710,Card City
7295,29952,Quinamid
7296,9092,Avalam
7297,97094,Dark Minions
7298,3050,"Napoleon at Bay: Defend the Gates of Paris, 1814"
7299,5351,"Lost Victory: Manstein At Kharkov, Winter 1943"
7300,206943,Exit: The Game – The Secret of the Premiere
7301,218957,Café Fatal
7302,140638,The Walking Dead Board Game: The Best Defense
7303,26054,Black Stories 3
7304,233354,Chocolatiers
7305,223514,Coin & Crown
7306,256778,Exceed: Seventh Cross – Guardians vs. Myths Box
7307,245824,Cat Rescue
7308,280106,Britannia: Classic and Duel Edition
7309,186945,O.P. Arena
7310,313000,Sumatra
7311,2524,StarForce 'Alpha Centauri': Interstellar Conflict in the 25th Century
7312,67436,Harry Potter Hogwarts
7313,25409,Salamanca
7314,327076,Cartaventura: Lhassa
7315,337690,Escape Room: The Game – Puzzle Adventures: Secret of The Scientist
7316,160436,Lost Legacy: Binbo Tantei to Inbo no Shiro
7317,144479,Myths at War
7318,186986,Kung Fu Panda: The Board Game
7319,274178,"Poland Defiant: The German Invasion, September 1939"
7320,170415,Dungeon of Fortune
7321,13520,La Bataille d'Albuera: Espagnol
7322,198791,Temp Worker Assassins
7323,151310,The Hobbit: The Desolation of Smaug
7324,148764,Feuerdrachen
7325,152345,La Patrie en Danger 1814
7326,6608,Lord of the Rings Trivia Game
7327,35179,Globalissimo
7328,272260,Welkin
7329,93194,11
7330,232981,Tanto Cuore: Winter Romance
7331,252542,The Romans
7332,244082,Outback
7333,204734,Stick Stack
7334,215503,Conejos en el Huerto
7335,64675,Schweinebande
7336,223538,Fast Food Fear!
7337,140101,Fantasy Frontier
7338,329670,Pandemic: Hot Zone – Europe
7339,242589,NATO Air Commander
7340,4991,Apples to Apples Kids
7341,156843,Balance of Powers
7342,261165,Flip Over Frog
7343,294235,Crime Zoom: His Last Card
7344,301572,The Great Crisis of Frederick II
7345,284269,Taxi Derby
7346,6926,Viking Raiders
7347,295681,In Too Deep
7348,35801,Lungarno
7349,310612,Sherlock Far West: Pacto con el diablo
7350,1997,Zargo's Lords: Magic Duels for World Power
7351,1844,Battle of Britain
7352,40561,Curling Table Game
7353,142401,Dwarven Miner
7354,285071,Ugly Christmas Sweaters
7355,310610,Sherlock Far West: La Mina Maldita
7356,5485,Atlantic Wall: The Invasion of Europe
7357,549,Aerodrome
7358,189504,Love Letter: Star Wars
7359,108783,Dr. Shark
7360,299838,The Belgian Beers Race
7361,34819,Pengoloo
7363,150996,Lords of War: Templars versus Undead
7364,257349,Bugs on Rugs
7365,218314,3 Secrets
7366,56241,Coral Sea: Campaign Commander Series
7367,295221,With A Smile & A Gun
7368,101796,SUTAKKU
7369,178450,Side Quest
7370,24085,EVE: The Second Genesis
7371,249404,Itchy Monkey
7372,98122,Monster Trap
7373,113971,La Bataille de Dresde
7374,5041,IDF (Israeli Defense Force)
7375,330532,Hashi
7376,147505,Lords & Ladies
7377,2844,Throneworld
7378,275785,Die Hard: The Nakatomi Heist Board Game
7379,20590,Second World War at Sea: Bismarck
7380,13924,1829 Mainline
7381,10681,Apples to Apples Junior
7382,248761,Bat Cup
7383,369,5ive Straight
7384,2443,MotorChamp
7385,159470,Jungle Rumble
7386,5228,"Glory: The Battles of First & Second Manassas and Chickamauga, 1861-63"
7387,28678,Grand Conquest
7388,156750,Fleets: The Pleiad Conflict
7389,127438,Star Wars: Angriff der Klonkrieger
7390,41291,Ubongo Extreme: Fun-Size Edition
7391,286205,18NewEngland
7392,170825,Bad Medicine
7393,19878,Lucca Città
7394,158882,Elevenses for One
7395,1416,Meridian
7396,286925,Detective Stories: Case 3 – Still Lake
7397,197076,Nemesis: Burma 1944
7398,299908,Squire for Hire: Mystic Runes
7399,190017,100 Swords: The Blue Mammoth's Dungeon
7400,72799,Battle for Stalingrad
7401,264314,Crave
7402,4386,Fanorona
7403,282237,"Heist: One Team, One Mission"
7404,1518,Executive Decision
7405,5242,The Game of Y
7406,285047,SilenZe: Zombie City
7407,257667,Tag City
7408,63385,Anima: Twilight of the Gods
7409,209222,Drachenturm
7410,540,Sisimizi
7411,2997,Soldier Kings: The Seven Years War Worldwide
7412,220380,Blorg in the Midwest
7413,6584,Grave Robbers II: Skippy's Revenge
7414,799,The Hills Rise Wild!
7415,303734,Golems
7416,310611,Sherlock Far West: Disparos al amanecer
7417,232267,"Red Typhoon: The Soviet Winter Counter-Offensive, 1942"
7419,200359,Shadowscape
7420,158548,Isaribi
7421,9476,L'Armee' du Nord: the Belgian Campaign
7422,226312,Button Men: Beat People Up
7423,212382,Yangtze
7424,256568,Adventure Island
7425,196105,Speechless
7426,5826,"Victory in the West: Plan Yellow, The French Campaign 1940"
7427,2494,Hispania
7428,126426,A.D. 30
7429,22950,Play Nine
7430,29638,Hop Hop Hooray!
7431,202737,Are You Dumber Than a Box of Rocks?
7432,162384,Imperial Stars II
7433,39066,The Supreme Commander
7434,207442,Turbo Drift
7435,144228,FUBA
7436,24270,Hoyuk
7437,150533,Samurai Gardener
7438,138317,Trains and Stations
7439,281961,Pappy Winchester
7440,156474,MERCS: Recon – Assassination Protocol
7442,1784,Dark Cults
7443,9629,Gnostica
7444,97939,Lyssan
7445,298154,Rolling Stock Stars
7446,4291,"Armor: A Tactical Game of Armored Combat in Western Europe, 1944-1945"
7447,231854,Twin Stars: Adventure Series I
7448,21569,Adigma
7449,223151,Entropy: Worlds Collide
7450,226454,Miaui
7451,25242,Relikt
7452,287247,Aristocracy
7453,4362,Champion Hill
7454,18529,The Penguin Book of Card Games
7455,9288,Who? What? Where?
7456,238181,Kamigami Battles: Battle of the Nine Realms
7457,108705,Tuareg
7458,225977,Sheep 'n' Sheep
7459,83157,"Engine, Engine No. 9"
7460,192701,Final Touch
7461,198971,Underlings of Underwing
7462,205766,Mino & Tauri
7463,89951,Offboard
7464,220284,Zombie Dawn
7465,55911,Albion
7466,1827,Chainsaw Warrior
7467,105199,Space Mission
7468,191895,Toddles-Bobbles
7469,25537,Trötofant
7470,283924,Merchants of Dunhuang
7471,40213,Nile
7472,171431,The Maiden in the Forest
7473,314395,Pocket Detective №2
7474,287693,Anubixx
7475,176816,The Little Prince: Rising to the Stars
7476,59223,Diego Drachenzahn
7477,88140,Stomple
7478,180853,Zephyr: Winds of Change
7479,796,Shanghai Trader
7480,107861,Warriors & Traders
7481,3053,Bonaparte in Italy
7482,132416,Imperios Milenarios
7483,590,Mille Bornes
7484,3707,Red Storm Rising
7485,118553,Ubongo Trigo
7486,223327,Someone Has Died
7487,8250,Patton's 3rd Army: The Lorraine Campaign
7488,280041,Rolled West
7489,60245,Mummy's Treasure
7490,99132,2019: The ARCTIC
7491,142197,The Phantom Society
7492,1278,Dutch InterCity
7493,173452,Art of War: The Card Game
7494,24207,Burger Quiz
7495,265226,Mint Tin Mini Skulduggery
7496,242753,"Warhammer 40,000 Dice Masters: Battle for Ultramar Campaign Box"
7497,300085,Cupcake Academy
7498,48863,The BattleTech Compendium
7499,38703,EVE: Conquests
7500,107638,Master Merchant
7501,3706,Batik
7502,3163,Doom of the Eldar
7503,2256,The Magnificent Race
7504,185241,Victory & Glory: Napoleon
7505,310953,Pokémon Trading Card Game Battle Academy
7506,274690,Talisman: Batman – Super-Villains Edition
7507,100104,Rush Hour Scramble
7508,281094,Plunder: A Pirate's Life
7509,195353,"Pacific Fury: Guadalcanal, 1942"
7510,217428,Rory's Story Cubes: Fantasia
7511,3663,"Outreach: The Conquest of the Galaxy, 3000AD"
7512,202564,Cookie Box
7513,224678,Baseball Highlights: 2045 – Spring Training
7514,7114,Second World War at Sea: SOPAC
7515,284294,RatVille
7516,1709,Trireme
7517,88190,Hurtgen: Hell's Forest
7518,38870,Pensacola
7519,843,Circus Minimus
7520,11093,Zorndorf
7521,119407,Dixit Jinx
7522,129380,Mercurius
7523,42713,Arcane Legions
7524,201046,Dice of Crowns
7525,34284,Graffiti
7526,4270,The Far Seas
7527,5827,A Winter War
7528,204733,Really Bad Art
7529,266980,Steamopolis
7530,22378,Red Storm over the Reich
7531,13729,Flandern 1302
7532,181192,Munchkin Oz
7533,485,Galloping Pigs
7534,189030,De Slimste Mens ter Wereld: Het Bordspel
7535,317,The Mob
7536,10149,The Great War in Europe
7537,83092,303
7538,20074,Railroad Dice 2
7539,244169,Tears of a Goddess
7540,74596,Flash Point
7541,3133,Captain Park's Imaginary Polar Expedition
7542,286062,Haiclue
7543,73365,Papayoo
7544,88559,Bullfrog Goldfield
7545,836,New England Railways
7546,6929,Ranger
7547,19646,Cowabunga
7548,993,An den Ufern des Nils
7549,28828,Modern Naval Battles: Global Warfare
7550,71676,Back to the Future: The Card Game
7551,100473,String Railway: Transport
7552,5549,Das Wasser des Lebens
7553,37615,Looting London
7554,14017,Oceania
7555,2641,"Barbarian, Kingdom & Empire"
7556,223033,Approaching Dawn: The Witching Hour
7557,4009,Breitenfeld
7558,127275,Fairy Land
7559,260156,Ocean Crisis
7560,5142,Fighting Sail: Sea Combat in the Age of Canvas and Shot 1775-1815
7561,184560,Lock 'n Load Tactical: Heroes of the Falklands
7562,240584,Blend Coffee Lab.
7563,10986,"Borodino: Battle of the Moskova, 1812"
7564,160524,Soccer Blast Pro Soccer Game
7565,2994,Guderian's Blitzkrieg: The Drive on Moscow
7566,21503,S.P.Q.RisiKo!
7567,29030,Chicago Poker
7568,83068,1955: The War of Espionage
7569,93185,Tetris Link
7570,723,The Uncanny X-Men Alert Adventure Game
7571,1757,Yacht Race
7572,168582,Dragon Racer
7573,247578,Death Note: Confrontation
7574,13254,Second World War at Sea: Midway
7575,291828,Car Wars (Sixth Edition)
7576,139032,Upon a Fable
7577,202096,Marvel Dice Masters: Iron Man and War Machine Starter Set
7578,310031,Whale Riders: The Card Game
7579,153815,Ghosts Love Candy
7580,258636,Looterz: Rigor Mortis
7581,266141,Castello Methoni
7582,145478,HeartSwitch
7583,131393,Blocks in the West
7584,164110,Munchkin Gloom
7585,126025,Rise of the Zombies!
7586,250355,All Manor of Evil
7587,156061,Imperialism: Road to Domination
7588,139042,Días de Radio
7589,2157,Riddle of the Ring
7590,76322,Double Bananagrams
7591,17382,History of the Roman Empire
7592,81850,Trigger!
7593,21182,1850: The MidWest
7594,245085,Troll & Dragon
7595,13995,La Bataille d'Espagnol: Talavera
7596,153113,Slaughterball
7597,326400,Umbra Via
7598,7502,Leros
7599,27380,Origo
7600,11438,La Bataille de Corunna-Espagnol
7601,6540,Fear God and Dread Nought
7602,309207,City Builder: Ancient World
7603,232661,Ada Lovelace: Consulting Mathematician
7604,198671,The Lion Guard: Protect the Pride Lands
7605,315877,WWE Legends Royal Rumble Card Game
7606,158888,Race to Berlin
7607,6554,Lawless
7608,34276,Cassino '44: Gateway to Rome
7609,182385,Rome: Rise to Power
7610,247191,Ya Blew It!
7611,24935,Anima: Shadow of Omega
7612,313292,Funkoverse Strategy Game: Game of Thrones 100
7613,285627,Trapper Keeper Game
7614,142364,Palmyra
7615,187587,Emporion
7616,19464,Soccer Tactics World
7617,55131,Murus Gallicus
7618,148204,Pulp Alley
7619,23311,Carrousel
7620,230785,Dream Catchers
7621,191070,Dream Islands
7622,232353,Costume Party Detective
7623,234439,Karuba Junior
7624,18085,Anno Domini: Kirche & Staat
7625,177541,Terrible Monster
7626,7970,Arctic Storm: The Russo-Finnish Winter War 1939-40
7627,18615,Warmaster Ancients
7628,146144,A.E.G.I.S.: Combining Robot Strategy Game
7629,232119,Gravity Warfare
7630,116806,Napoleon Against Russia
7631,306494,Rolling Village!
7632,230064,Ninjitsu!
7633,224830,Chimera & More
7634,24491,Supernova
7635,314672,Stilicho: Last of the Romans
7636,301002,Dream Runners
7637,195232,Red Poppies Campaigns: The Battles for Ypres
7638,10376,"Ring of Fire: The Fourth Battle for Kharkov, August 1943"
7639,40667,Ring-O Flamingo
7640,1910,Venice Connection
7641,3818,Alias
7642,209886,Las Vegas: The Card Game
7643,179385,Rome: City of Marble
7644,220926,Rick and Morty: Anatomy Park – The Game
7645,150364,Dig Down Dwarf
7646,209926,Movable Type
7647,182541,Rory's Story Cubes: Batman
7648,27938,Tortuga
7649,159515,Operation F.A.U.S.T.
7650,237792,Rummikub Twist
7651,6569,Cronberg
7652,24996,Start Player: A Kinda Collectible Card Game
7653,2627,Poisson d'Avril
7654,292899,Tribune
7655,254634,"Pacific Tide: The United States Versus Japan, 1941-45"
7656,3766,Second Front
7657,130393,Broadhorns: Early Trade on the Mississippi
7658,130999,Diavolo
7659,12622,Hour of Glory: Stronghold Kit
7660,35662,Caesar XL
7661,7823,1837: Rail Building in the Austro-Hungarian Empire
7662,158793,Atlantic Wall: D-Day to Falaise
7663,6976,St-Lô: Normandy 1944 – The Breakout Begins
7664,120305,Farmerama
7665,155258,Guess the Mess!
7666,8208,Trial of Strength: War on the Eastern Front
7667,236974,The Battles of Mollwitz 1741 and Chotusitz 1742
7668,149169,Heavy Steam
7669,243971,Book It!: The Pro Wrestling Promoter Card Game
7670,59576,Weiß Schwarz
7671,209280,Family Plot
7672,271751,The Captain Is Dead: Dangerous Planet
7673,215213,Cutthroat Kingdoms
7674,37875,Iwo Jima: Rage Against the Marines
7675,10579,The War for the Union
7676,284832,Skytopia: In the Circle of Time
7677,29656,Athens & Sparta
7678,2978,Stratego 4
7679,83283,Volo
7680,23757,NHL Ice Breaker: The Card Hockey Board Game
7681,214898,Gloom in Space
7682,249095,Blooms
7683,2995,Sniper!
7684,158791,Dodekka
7685,3170,Horus Heresy (1993)
7686,6504,Ace of Aces: Wingleader
7687,26736,Ukraine '44
7688,216482,High Tide
7689,274234,18 Holes
7690,204601,Final Act
7691,378,Lancashire Railways
7692,130908,Desperados
7693,124356,Richelieu
7694,207202,Castle Dukes
7695,207117,Abandon Planet
7696,172158,Oath of the Brotherhood
7697,3945,Forbidden Bridge
7698,318328,Picnic
7699,30057,Burger Joint
7700,281664,No Return
7701,2728,The Generals
7702,299178,Small Railroad Empires
7703,22029,"I Ain't Been Shot, Mum"
7704,183447,Dice Drivin'
7705,258131,1759 Siege of Quebec
7706,179280,Trivial Pursuit: Harry Potter – Volume 1
7707,289397,Crazy Taco
7708,249868,What A Tanker!
7709,85609,Almeida et Bussaco 1810
7711,199646,Mobster Metropolis
7712,293925,2GM Pacific
7713,4278,Battle Over Britain
7714,38837,The Pocket at Falaise
7715,276296,Finger Guns at High Noon
7716,26203,Star Fleet Battles Silver Anniversary Master Rulebook
7717,94724,The Big Idea
7718,86128,Barons
7719,342207,echoes: The Dancer
7720,32146,Trailer Park Wars
7721,287952,Unstable Unicorns: NSFW Base Game
7722,175177,Ogre: Objective 218
7723,5235,Samurai Blades: The Game of Man-to-Man Combat in Feudal Japan
7724,150485,Cat Tower
7725,94734,Heroica: Nathuz
7726,163771,The Siblings Trouble
7727,158883,Norsaga
7728,1879,Arena: Morituri te salutant
7729,5718,Cranium Cariboo
7730,161921,Dolmen
7731,2091,Legions of Steel
7732,23931,Gene Pool
7733,201054,What's Up
7734,193164,Macroscope
7735,236475,Best of Werewolves of Miller's Hollow
7736,26147,Split Personality
7737,6352,Lord of the Rings
7738,66116,Snapshot
7739,282297,Aqua Mirabilis
7740,3237,Against the Reich
7741,232956,Omen: Fires in the East
7742,6266,Sherlock Holmes: West End Adventures
7743,23878,Star Wars: Stolen Plans Card Game
7744,270972,Ringmaster: Welcome to the Big Top
7745,136146,Hell's Gate
7746,1254,Crack the Case
7747,4241,Soldiers: Tactical Combat in 1914-15
7748,156108,Regular Show Fluxx
7749,30179,Inside
7750,76810,Last Call: The Bartender Game
7751,209450,Länder toppen!
7752,93001,IceDice
7753,265681,Montmartre
7754,198003,Dark Deeds
7755,9135,Advanced European Theater of Operations
7756,203087,Nine Years: The War of the Grand Alliance 1688-1697
7757,5939,Stonewall: The Battle of Kernstown
7758,191991,Martial Art
7759,203560,Fall of Magic
7760,186793,Barnyard Roundup
7761,309857,Funkoverse Strategy Game: Tim Burton's The Nightmare Before Christmas 100
7762,54372,Erosion
7763,114261,Malta Besieged: 1940-1942
7764,21955,Treehouse
7765,245629,Atlantica
7766,198775,Yesss!
7767,225976,Emperor's Choice
7768,159566,Unicorn Glitterluck: Cloud Crystals
7769,8954,The Battles of Waterloo
7770,93537,Giza: The Great Pyramid
7771,268252,Colorful
7772,1144,The Warlock of Firetop Mountain
7773,9833,Au fil de l'épée
7774,3385,Stratego: Star Wars
7775,146943,Warlock
7776,287222,Juices
7777,18961,Paranoia Mandatory Bonus Fun! Card Game
7778,57803,Forlorn: Hope
7779,151683,Ars Universalis
7780,2478,Quirks
7781,31612,Sultan
7782,38764,Shuuro
7783,260239,Dicium
7784,192286,SOL
7785,318559,Twinkle
7786,267402,War and Peace: Game of the Napoleonic Wars
7787,269847,Dracula's Feast: New Blood
7788,209672,Pecunia non olet (Second Edition)
7789,274300,Dragon Market
7790,180345,Zena 1814
7791,260934,Ignite
7792,211,Times to Remember
7793,43245,Caesar's Gallic War
7794,346482,Voll verplant
7795,286980,School of Sorcery
7796,24157,Order of the Stick Adventure Game: The Dungeon of Dorukan
7797,44614,Who Would Win
7798,281982,Karekare
7799,1160,Boom Town
7800,256085,Spyfall: Time Travel
7801,85245,Magician's Kitchen
7802,144709,Sukimono
7803,1912,World Cup Tournament Football
7804,232509,Feelinks
7805,26745,"PanzerBlitz: Hill of Death – The Battle for Hill 112, Normandy 1944"
7806,182605,Skyliners
7807,135530,Gettysburg 150
7808,220331,Saipan: The Bloody Rock
7809,203462,Tales & Games: Aladdin & the Magic Lamp
7810,193725,Blood & Plunder
7811,116877,Heroica: Ilrion
7812,281248,Cape May
7813,7748,The Italian Front: 1915-1918
7814,163432,Tides of Infamy
7815,274075,The Quest Kids
7816,154498,Till Dawn
7817,220224,Maniacal
7818,156097,Snake Oil: Elixir
7819,225062,Anomia X
7820,93400,Paperclip Railways
7821,208256,Munchkin Grimm Tidings
7822,303036,Funkoverse Strategy Game: Jaws 100
7823,22940,All is lost save Honour: Campaigns of the Italian Wars 1494-1530 – Vol.1
7824,324157,Hidden Games Tatort: Grünes Gift
7825,9918,Rivoli 1797
7826,235839,Master of Wills
7827,194964,Mothership: Tabletop Combat
7828,46410,Schinderhannes
7829,224675,"Frutti di Mare: Veni, Vidi, Antipasti!"
7830,23828,Dixie: Gettysburg
7831,22847,Connect6
7832,270443,Misty
7833,191285,Less: Like Chess but Less!
7834,253696,Fitna: The Global War in the Middle East
7835,251037,1347: De Nigrae Pestis Ludo
7836,166726,Richard I
7837,673,Star Traders
7838,166436,In Flanders Field
7839,232478,New Corp Order
7840,341935,Art Robbery
7841,239465,Ski Tour: Biathlon
7842,329873,GROVE: A 9 card solitaire game
7843,268,Cheops
7844,553,Chez Geek
7845,263223,Next War: Vietnam
7846,2608,King Oil
7847,9108,Masquerade
7848,158978,Adventure Time Card Wars: Princess Bubblegum vs. Lumpy Space Princess
7849,300127,1840: Vienna Tramways
7850,16538,The Battle of Five Armies
7851,238919,"The Battle of Wakefield: Yorkshire, England 30 December 1460"
7852,280984,Ruins: Death Binder
7853,86406,Star Borders: Humanity
7854,256939,Zeppelin Raider: Imperial German Naval Airships
7855,12367,Weapons of Mass Destruction
7856,140172,Pelican Bay
7857,55158,Luna Llena: Full Moon
7858,233960,Ali Baba
7859,7718,The Penguin Ultimatum
7860,17895,For Whom the Bell Tolls
7861,270637,Axio Rota
7862,4604,Chez Greek
7863,152952,Hawken: Real-Time Card Game
7864,724,Chill: Black Morn Manor
7865,170472,Prelude to Rebellion: Mobilization & Unrest in Lower Canada
7866,13314,"Beyond Normandy: The British Advance, 1944 – A Panzer Grenadier Game"
7867,170756,Fast & Furious: Full Throttle
7868,216694,Das Vermächtnis des Maharaja
7869,449,The Great Balloon Race
7870,111379,My Very First Games: Animal upon Animal
7871,195373,BOO
7872,66797,Heckmeck Junior
7873,147790,Buccaneer Bones
7874,208918,DC Comics Dice Masters: Superman and Wonder Woman Starter Set
7875,38944,Via Romana
7876,1950,The Mysteries of Peking
7877,257306,High Score
7878,7537,Subulata
7879,232481,Zooloretto Duell
7880,26906,South Mountain
7881,60126,Take it Higher!
7882,169544,Bright Future
7883,184730,Circle of Life
7884,295604,Rangers of Shadow Deep: Deluxe Edition
7885,84088,Fauna Junior
7886,127324,Storm Hollow: A Storyboard Game
7887,219807,Test of Honour: The Samurai Miniatures Game
7888,4168,Blitzkrieg
7889,223481,Take the Gold
7890,183441,A Game of Gnomes
7891,13933,Im Auftrag des Königs
7892,111172,Crooks
7893,145086,Shinobi Clans
7894,328624,Block Ness
7895,33259,Starmada: The Admiralty Edition
7896,4202,GD '41
7897,72448,Trivial Pursuit: Bet You Know It
7898,269917,Bahamas
7899,14452,Marengo
7900,209290,Vortex
7901,5014,Hands Up
7902,142687,oddball Äeronauts
7903,17204,Control Nut!
7904,36241,Israeli Independence: The First Arab-Israeli War
7905,13512,Imagem & Ação 2
7906,4975,Pick Two!
7907,262275,Dust in the Wings
7908,272542,Jumanji Fluxx
7909,266538,Aftershock: San Francisco & Venice
7910,100172,Seven Sisters
7911,13455,A Call to Arms: Babylon 5 Space Combat
7912,187976,Covil: The Dark Overlords
7913,3262,The Powerpuff Girls: Villains at Large Game
7914,264295,Fabulantica
7915,267991,Conspiracy: The Solomon Gambit
7916,164448,Ninja All-Stars
7917,62143,Circus Train
7918,1370,The Classic Dungeon
7919,200351,Pinball Showdown
7920,289183,Mini-Mutabo
7921,741,Trajan
7922,341284,Dungeon Lite: Orcs and Knights
7923,289802,Dadaocheng (Second Edition)
7924,31198,War at Sea (Third Edition)
7925,30771,18West
7926,2885,C.V.: A Game of the Battle of Midway
7927,103666,O Vale dos Monstros
7928,154857,Emergence Event
7929,32,Buffalo Chess
7930,289566,Hunted: Kobayashi Tower
7931,181268,Munchkin Christmas Lite
7932,177815,Burger Boss
7933,23761,Guadalajara
7934,17534,Just4Fun
7935,246938,Wonderland
7936,229742,Zoo Ball
7937,3340,Hard Vacuum
7938,126119,Muskets & Tomahawks: Skirmishes in North America during the 18th century
7939,173337,Drachenhort
7940,3662,BattleFleet Mars: Space Combat in the 21st Century
7941,256701,Fluff
7942,132799,Student Bodies
7943,148744,City of Zombies
7944,66986,MERCS
7945,257836,Narabi
7946,221408,Warriors of Jogu: Feint
7947,2376,The Wreck of the B.S.M. Pandora
7950,17924,Anno Domini: Frauen
7951,258748,Crime Hotel
7952,35472,Triovision
7953,26961,Moai
7954,12266,Barren Victory
7955,118568,Ubongo Junior
7956,62291,Fatal Alliances: The Great War 1914-1918
7957,910,Kunst Stücke
7958,175464,Les Quatre-Bras & Waterloo 1815: The Empire's Final Blows
7959,22947,Exxit
7960,22606,Won by the Sword
7961,151450,Bull Moose
7962,2213,Revolt on Antares
7963,35453,Strafexpedition 1916
7964,3966,The Succession Wars
7965,264669,Antietam 1862
7966,42112,Mob Ties: The Board Game
7967,34001,Burgen Land
7968,176215,Odyssey: Wrath of Poseidon
7969,96310,Napoleon's War II: The Gates of Moscow
7970,4364,Gaines Mill
7971,27736,Dead of Night
7972,23829,Dixie: Shiloh
7973,238026,Greater East Asia Co-Prosperity Sphere: War in Asia and the Pacific
7974,164236,Witch Hunt
7975,322010,Enchanted Plumes
7976,167975,Opération Commando: Pegasus Bridge
7977,46614,Nonaga
7978,91050,Venture Forth
7979,9237,Perryville
7980,162292,The Draugr
7981,144958,Iwo: Bloodbath in the Bonins 19 Feb – 17 Mar 1945
7982,302755,Stop the Train!
7983,102107,Race to Adventure: The Spirit of the Century Exploration Game
7984,89767,Off the Dead: Chapitre 1 – Morts à Venice Beach
7985,296605,Adventure of D (Second Edition)
7986,35395,Salem
7987,298271,Cutterland
7988,262135,Anomaly
7989,5021,The Struggle of Nations
7990,273976,Talisman: Kingdom Hearts
7991,256956,Exchange
7992,2344,Titicaca
7993,179251,Urban Operations
7994,771,Kings and Castles
7995,1722,Caesar's Legions
7996,274548,6 Castles
7997,207783,POW!
7998,2541,Cosmic Cows
7999,199907,Sellswords: Olympus
8000,240100,Match Me!: What color is this?
8001,2472,Grave Robbers From Outer Space
8002,264278,Dice Upon a Time
8003,195231,Merchants of Araby
8004,4091,Adeptus Titanicus
8005,5400,Changgi
8006,332,Vernissage
8007,114530,Newtown
8008,1836,Solarquest
8009,13976,Feudo
8010,255678,Word Slam Midnight
8011,256487,France 1944: The Allied Crusade in Europe – Designer Signature Edition
8012,172600,Dungeon Busters
8013,287899,Aeronautica Imperialis: Wings of Vengeance
8014,593,Favoriten
8015,204466,Dark Is the Night
8016,261683,Cloomba
8017,24225,Boxcars
8018,287116,Maya
8019,70324,Duel of the Giants: Eastern Front
8020,41849,1866: The Struggle for Supremacy in Germany
8021,175626,Street Kings
8022,94255,Warparty
8023,300591,"Target for Tonight: Britain's Strategic Air Campaign Over Europe, 1942-1945"
8024,206904,Twilight of the Gods
8025,27574,Island Fortress
8026,41004,Bulge 20
8027,19537,Sun of York: The War of the Roses 1453-1485
8028,340364,Machi Koro 2
8029,203312,Infinity: Operation Red Veil
8030,72298,Le Lion et l'Epée
8031,232823,Best Treehouse Ever: Forest of Fun
8032,21324,Abande
8033,206780,Vikingdoms
8034,6555,Diceland: Space
8035,168662,"The Siege of Orgun: Afghanistan, 1983"
8036,83196,Pig 10
8037,130499,Stones of Fate
8038,313002,Battle of the Bulge 1944
8039,256780,Exceed: Seventh Cross – Magic vs. Monsters Box
8040,273993,Tonari
8041,300731,Valknut
8042,264638,5x5 City
8043,30991,Confrontation: The Age of the Rag'Narok
8044,97377,Hail Caesar: Battles with Model Soldiers in the Ancient Era
8045,252,The Battle of Borodino: Napoleon in Russia 1812
8046,47218,Yikerz!
8047,215521,Diceborn Heroes
8048,11429,The Rising Sun: Command at Sea Volume I
8049,193422,C.O.G.
8050,3724,1809: Napoleon's Danube Campaign
8051,56835,Train of Thought
8052,181956,Römisch Pokern
8053,308565,Roll n Cook
8054,147474,8 Masters' Revenge
8055,54300,Bravery in the Sand
8056,129904,Shadows over Camelot: The Card Game
8057,147884,Ore: The Mining Game
8058,72050,Freebooter's Fate
8059,191351,Absolute Victory: World Conflict 1939-1945
8060,322523,Warhammer Age of Sigmar: Warcry – Catacombs
8061,19903,The Battle of Monmouth
8062,228234,HATSUDEN
8063,18887,Advanced Tobruk System Basic Game II: Streets of Stalingrad
8064,308652,Age of Dogfights: WW1
8065,2699,Fire Team
8066,182953,Rory's Story Cubes: Fright
8067,76728,Freeze
8068,292748,Trophies
8069,318709,For Sale Autorama
8070,1602,The Royal Game of Ur
8071,227143,1867: Railways of Canada
8072,293665,Ensemble
8073,7989,Spooks
8074,238221,Kampf gegen das Spiessertum
8075,287691,Qwixx On Board
8076,195742,The Godfather: A New Don
8077,333553,For the King (and Me)
8078,5294,Fury in the West
8079,189506,Fallen Angel
8080,302310,Nanaki
8081,38923,"The God Kings: Warfare at the Dawn of Civilization, 1500 – 1260BC"
8082,558,Der weiße Lotus
8083,15386,Eye to Eye
8084,147144,Whacky Wit
8085,128568,(Your Name Here) and the Argonauts
8086,271,It's Mine!
8087,6814,"8th Army: Operation Crusader – The Winter Battles for Tobruk, 1941"
8088,186020,Stawka większa niż życie
8089,15180,Go West!
8090,329714,Dreadful Circus
8091,16197,Rivoli 1797
8092,153481,Cherry Picking
8093,18212,Dungeons & Dragons Adventure Game
8094,246129,Helsinki 1918: German Intervention in the Finnish Civil War
8095,148759,Time Masters
8096,219766,Chariots of Rome
8097,172596,Monster My Neighbor
8098,6641,Desert Steel
8099,49261,Kraby
8100,22826,Mutant Chronicles Collectible Miniatures Game
8101,174584,Orcs Must Die! The Board Game: Order Edition
8102,280201,Troia
8103,185262,Edge of Humanity
8104,140779,Guardians' Chronicles
8105,180809,Victoriana
8106,17859,Hex Hex Next
8107,109922,Combat Infantry: WestFront 1944-45
8108,5751,Operation Mercury
8109,1188,Chaos Marauders
8110,215392,Flip City: Wilderness
8111,181382,Niña & Pinta
8112,15081,Retro: Tactical WWII Wargame Variant Rules
8113,145042,Puppet Wars Unstitched
8114,332230,Unlock!: Heroic Adventures – Insert Coin
8115,11634,Mexican Train
8116,234700,My Story
8117,162476,Masmorra de DADOS
8118,128098,Clash of Wills: Shiloh 1862
8119,319592,Micro Dojo
8120,10323,Saga
8121,249751,Rostov '41: Race to the Don
8122,72204,Alien Uprising
8123,237551,The War of the Worlds: England
8124,1251,New World
8125,397,Diskwars
8126,271038,Snowman Dice
8127,279014,Teenage Mutant Ninja Turtles: Turtle Power Card Game
8128,33159,Middle Kingdom
8129,290367,Caretos
8130,29382,Rock of the Marne
8131,26472,Dragon Parade
8132,165657,Melee
8133,170437,The Curse of the Black Dice
8134,32405,Alles Tomate!
8135,286114,Amerika Bomber: Evil Queen of the Skies
8136,128475,Murder of Crows
8137,180977,Magecraft
8138,6974,Barbu
8139,10244,Berlin: Red Victory
8140,165521,Rory's Story Cubes: Medic
8141,2881,Panzer Grenadier
8142,316343,Capital Lux 2: Pocket
8143,156420,Geek Out! Pop Culture Party
8144,234221,Arkon
8145,2339,HellRail: Third Perdition
8146,8702,1807: The Eagles Turn East
8147,235113,30 Seconds: Everyday Life
8148,99935,Keep Up The Fire!: The Boxer Rebellion
8149,191191,Retreat to Darkmoor
8150,3562,Theophrastus
8151,251632,Bee Lives: We Will Only Know Summer
8152,129280,Skyway Robbery
8153,2212,eBay Electronic Talking Auction Game
8154,217470,Qwinto: Das Kartenspiel
8155,245532,18GB: The Railways of Great Britain
8156,310726,"Iron Curtain: Central Europe, 1945-1989"
8157,300428,Terminator: Dark Fate – The Card Game
8158,236205,The Mansky Caper
8159,244196,Marvel Dice Masters: Avengers Infinity Campaign Box
8160,285535,5er Finden
8161,102881,Trench
8162,33030,The Drive on Metz (Second Edition)
8163,13503,Dicke Dämonen
8164,158098,Star Fleet Battles (Commander's Edition)
8165,306300,Little Factory
8166,109801,Sticky Stickz
8167,325853,L.A.M.A. Dice
8168,10659,Hex Hex
8169,99313,Proud Monster Deluxe
8170,196698,Gruff: Clash of the Battle Goats
8171,461,Freibeuter
8172,180471,Hoard
8173,198701,Justice League: Hero Dice – Green Lantern
8174,39406,Talat
8175,5157,King's Court
8176,172164,Dohdles!
8177,287673,Baron Voodoo
8178,228378,End of the Trail
8179,10272,Thirty Years War Quad (Second Edition)
8180,671,Bull Run: The First Major Battle of the American Civil War
8181,4121,Road to the Rhine
8182,38062,Privacy 2
8183,185845,Dropfleet Commander
8184,39862,Flapjacks & Sasquatches
8185,219509,Captain Silver
8186,263894,Grind House
8187,226802,Galilean Moons
8188,232420,Gier
8189,10520,Tyrus
8190,265202,Bag of Dungeon: A Fantasy Adventure Game
8191,89403,Big Five
8192,257991,Igen?
8193,242312,Montélimar: Anvil of Fate
8194,87893,Take It or Leave It
8195,5573,Outremer
8196,174431,Wipers Salient
8197,184663,Covalence: A Molecule Building Game
8198,4395,Bean Trader
8199,36339,"Sharp Practice: Wargame Rules for Large Skirmishes in the Era of Black Powder, 1700 to 1865"
8200,177861,Paths to Hell
8201,98975,Boudicca: The Warrior Queen
8202,246355,Dead & Breakfast
8203,183720,Cargolino Valentino
8204,34152,Grind
8205,389,Die Mauer
8206,4146,"Arcola: The Battle for Italy, 1796"
8207,161719,Rise of Cthulhu
8208,94375,The Great Game: Rival Empires in Central Asia 1837-1886
8209,213421,Monster Kit
8210,7994,"Silver Bayonet: The First Team in Vietnam, 1965"
8211,14042,Team Work Original
8212,7922,The 6 Days of Glory
8213,175209,Darkness Comes Rattling
8214,228409,Lusitania
8215,18296,Silk Road
8216,329845,Stella: Dixit Universe
8217,6558,The Secret Door
8218,128114,Hooyah: Navy Seals Card Game
8219,126274,Enclave: Zakon Krańca Świata
8220,20623,Alien City
8221,204498,Match Madness
8222,5548,VII Legio
8223,293671,Necromunda: Dark Uprising
8224,19212,Island Of D 2: The Shadow of Dawn
8225,293404,Public Market
8226,169986,Night of Man
8227,226860,Battle Kittens
8228,226592,Blackwood
8229,58782,Bluffer
8230,28004,Legendary Dungeoneer: Wrath of the Serpent Goddess
8231,232254,KAPOW!
8232,306745,El portero Baldomero
8233,245823,Napoleon's Resurgence
8234,172006,Shadowstar Corsairs
8235,146197,Legends of the American Frontier
8236,3977,Strong Stuff!
8237,168230,The Supershow
8238,158876,British vs Pirates: Volume 1
8239,279741,Devil May Cry: The Bloody Palace
8240,88464,Repello
8241,22938,Justinian
8242,300095,Jubako
8243,91668,Avanti
8244,266771,Too Many Poops
8245,72269,Toscana
8246,295147,Good Puppers
8247,150930,Mad City
8248,236143,Museum Rush
8249,22684,Race the Wind
8250,13077,Wizard's Garden
8251,168792,Secret Weapons of the Third Reich
8252,10683,SEEKRIEG 5
8253,194307,Zipang Portable
8254,34139,Death Wears White
8255,7008,Preference
8256,216,Atlanteon
8257,188614,Simon's Cat Card Game
8258,40638,Risk: Halo Wars Collector's Edition
8259,172866,Dragon Punch
8260,157451,Mein erster Spieleschatz
8261,340834,Gravwell: 2nd Edition
8262,232216,Dice Age: The Hunt
8263,23055,Dragons of Kir
8264,148471,Vietnam Solitaire Special Edition
8265,31553,COBRA: The Normandy Campaign
8266,12459,Fortress Berlin
8267,209567,Upstream
8268,218576,Fantastic Park
8269,8721,Hof Gap: The Nurnberg Pincer
8270,289765,Michael
8271,96602,Footy Manager
8272,40182,Telepathy
8273,154472,Stalingrad: Verdun on the Volga
8274,4421,Ad Acta
8275,4330,Kanaloa
8276,3523,Decision At Kasserine: Rommel's Last Chance
8277,8071,Tannenberg and the Opening Battles in the East 1914
8278,268469,Pulp Invasion
8279,38707,Bushido: Der Weg des Kriegers
8280,41006,Ordo
8281,217974,Bemused
8282,2975,Origins of World War II
8283,293556,Gloomy Graves
8284,164259,Black & White
8285,191057,Halt mal kurz: Das Känguru-Spiel
8286,208321,Holdfast: Atlantic 1939-45
8287,198700,Justice League: Hero Dice – Flash
8288,9360,The Royal Navy
8289,235511,Team UP!
8290,146451,Wrath of Kings
8291,169375,How to Serve Man
8292,35706,Carpe Astra
8293,22203,Face to the Mat
8294,24078,Lightning: North Africa
8295,149639,Noble Treachery: The Last Alliance
8296,247984,Moorea
8297,6860,"River of Death: Battle of Chickamauga, September 19-20, 1863"
8298,7089,Afrika Korps: The Desert War – Platoon Level Combat in World War II: A Panzer Grenadier Game
8299,74233,Fictionaire
8300,265399,Godsforge
8301,260168,Volleyball High
8302,125318,Swords of Sovereignty: Bouvines 1214 – Worringen 1288
8303,159333,Fendo
8304,964,Kapitän Wackelpudding
8305,3231,Die Sieben Weisen
8306,198608,A Wing and a Prayer: Bombing the Reich
8307,177542,Shuffle Heroes
8308,177823,Devil's Run: Route 666
8309,245876,Miraris
8310,204803,Complots 2
8311,234949,Oliver Twist
8312,704,Montgolfiere
8313,148036,Risk: Plants vs. Zombies
8314,138728,Domus Domini
8315,217335,111 Ants
8316,120316,Nine Worlds
8317,258135,Wild Assent
8318,19081,Skyline of the World
8319,263744,Jonathan Strange & Mr Norrell: A Board Game of English Magic
8320,102275,Lord of the Rings: The Adventure Deck Game
8321,129395,Monopoly Millionaire Deal Card Game
8322,305,Der Fliegende Holländer
8323,244121,Kings of War: Vanguard
8324,263938,Paupers' Ladder
8325,73960,Red Poppies: WWI Tactics
8326,4961,Sunda to Sahul
8327,1189,The King's War: The First English Civil War 1642-1646
8328,2778,Gondor
8329,162738,Light Rail
8330,401,Gold Connection
8331,192315,Widower's Wood: An Iron Kingdoms Adventure Board Game
8332,99081,Bears!
8333,183963,Invaders from Dimension X!
8334,300099,Animix
8335,130357,Go First Dice
8336,3015,Claim
8337,185057,Lock 'n Load Tactical: Heroes Against the Red Star
8338,262310,Tasty Humans
8339,330403,Moon Adventure
8340,217261,Bohnanza: 20 Jahre
8341,7064,Senjutsu: Dynamic Samurai Combat
8342,289850,Dwar7s Spring
8343,310194,Surrealist Dinner Party
8344,14701,The Price of Freedom: The American Civil War 1861-1865
8345,340909,Gloomholdin'
8346,141418,LEADERS: The Combined Strategy Game
8347,233266,Agents of Mayhem: Pride of Babylon
8348,132766,Lock 'n Load Tactical: Heroes of North Africa
8349,312059,Zero Leader
8350,251364,Pacific Victory: Pacific Theater of WW2 – Second Edition
8351,285436,Kernstown
8352,193417,Captains of the Golden Age
8353,55781,Warriors of Japan: A Country Aflame 1335-1339
8354,144499,Pasha
8355,20847,Take Stock
8356,113853,"Richard Scarry's Busytown: Busy, Busy Airport Game"
8357,2553,Bali
8358,322984,Shadows of Brimstone: City of the Ancients (Revised Edition)
8359,99696,Briscola Chiamata
8360,5082,Rush Hour
8361,1356,Hexen Rennen
8362,212401,Leningrad '41
8363,283077,Warhammer Underworlds: Dreadfane
8364,34450,Bluff
8365,231152,1972: The Lost Phantom
8366,224319,Flanx
8367,73472,Pirates vs. Dinosaurs
8368,264452,High Risk
8369,15271,Contrario
8370,193291,Orient Express
8371,183949,Aloha Pioha
8372,94915,Munchkin Axe Cop
8373,238676,Endogenesis
8374,32288,Dou Dizhu
8375,26884,Escalation!
8376,129858,La Venise du Nord
8377,302270,Marshmallow Test
8378,123408,Serpent's Tongue
8379,4449,The Battle of Monmouth
8380,15069,Ekonos
8381,184117,ManaSurge
8382,217098,Trôl
8383,189610,Vs System 2PCG: The Defenders
8384,3269,Clue: The Card Game
8385,216357,Kiwetin
8386,1572,Situation 4
8387,214123,Moa
8388,2936,Dice Run
8389,140236,Convert
8390,259005,Farben
8391,4363,Seven Pines
8392,269403,LOTS: A Competitive Tower Building Game
8393,182954,Rory's Story Cubes: Mythic
8394,65565,Flicochet
8395,4331,Quads
8396,243435,Verflucht!
8397,330538,All on 1 Card
8398,282774,Bleeding Kansas
8399,231367,Dunkirk: France 1940
8400,40004,Contract Rummy
8401,156945,The Front Nine
8402,195518,Crazy Karts
8403,327077,Cartaventura: Vinland
8404,261898,War For Chicken Island
8405,920,Ultimate Outburst
8406,765,Space Walk
8407,158535,Spells of Doom
8408,25972,Victory at Sea: World War II Naval Combat Game
8409,179627,Tunhell
8410,182050,Germania Magna: Border in Flames
8411,470,Road to the White House
8412,155633,Zombies Keep Out
8413,4436,Cityfight: Modern Combat in the Urban Environment
8414,218028,BIOTIX
8415,201446,Shifting Realms
8416,38402,Sidibaba
8417,197786,Say my Name
8418,267313,Plażing: parawany w dłoń
8419,172563,Hemloch: Midnight Edition
8420,181464,D6 Shooter
8421,772,Ausbrecher AG
8422,344277,Corrosion
8423,1187,The Fellowship of the Ring
8424,209849,King Frog
8425,177160,Frontier Stations
8426,292917,Mosquito Show
8427,302212,Sebastian Fitzek Safehouse Würfelspiel
8428,11111,"Red Star/White Eagle: The Russo-Polish War, 1920"
8429,1694,Little Round Top: The South's Best Chance at Gettysburg
8430,26859,Kragmortha
8431,294986,Necromolds: Monster Battles
8432,164775,Monstrous
8433,181959,Gipfelkraxler
8434,4959,Crusader
8435,298624,Imagician
8436,180906,Portal of Morth
8437,174243,Bridges to Nowhere
8438,277184,Across the United States
8439,104555,The Blue Lion
8440,238700,Lanzeloth
8441,184207,Het Koninkrijk Dominion
8442,335678,Let's Make a Bus Route: The Dice Game
8443,1205,Luxor
8444,1579,Wrasslin'
8445,148309,Gazala: The Cauldron
8446,169675,L'osti d'jeu
8447,269971,Ubongo: 3-D Family
8448,135270,Shibumi
8449,6644,Spite & Malice
8450,342857,"Air, Land, and Sea: Critters at War"
8451,128999,Gran Circo
8452,303733,Space Lunch
8453,5332,Split (Revised Edition)
8454,1312,Nur Peanuts!
8455,86445,"A Victory Complete: The Battle of Tannenberg, 1914"
8456,9865,Zürich 1799
8457,43196,Yalu: The Chinese Counteroffensive in Korea: November 1950-May 1951 (Second Edition)
8458,202884,Temporal Odyssey
8459,17925,Anno Domini: Im Namen des Gesetzes
8460,299270,Funkoverse Strategy Game: Golden Girls 101
8461,3531,The Return of the Stainless Steel Rat
8462,4358,The Guns of August
8463,302477,Kittin
8464,5278,Bloody Kasserine
8465,283795,Würfel-WG
8466,164917,Bananagrams WildTiles
8467,31075,Ming Dynasty
8468,506,The Big Cheese
8469,239808,No Escape
8470,110643,Le Retour de l'Empereur
8471,7382,Chickamauga: The Confederacy's Last Hope
8472,231392,Magic: The Gathering – Archenemy: Nicol Bolas
8473,287450,Nothing Personal (Revised Edition)
8474,3246,Albion: Land of Faerie
8475,33018,Deathride: Mars-la-Tour 1870
8476,215918,Oh Captain!
8477,98739,Byzantio
8478,22843,War in the Pacific (Second Edition)
8479,9803,Operation Michael
8480,6516,Titan Legions
8481,167283,Circular Reasoning: The Well of Power
8482,247567,D-Day Dice Pocket
8483,104736,Et Toque!
8484,304620,World of Tanks Miniatures Game
8485,167604,Rollet
8486,104340,Meltdown 2020
8487,2888,Starfire II
8488,7501,Hunters from the Sky
8489,288431,Origami: Legends
8490,268098,Warhammer: The Game of Fantasy Battles (7th Edition)
8491,261,Olympia 2000 (v. Chr.)
8492,154677,Ave Cesar
8493,165022,€uro Crisis
8494,67123,Tank on Tank
8495,130997,Flames of War: Open Fire!
8496,140163,Pandánte
8497,159375,Prime Climb
8498,72460,Into the Bastards!: First tank battle
8499,15435,Starship Troopers Miniatures Game
8500,108429,Age of Reason
8501,262273,Big Dig
8502,300296,PARKS Memories: Mountaineer
8503,189341,Timeline: Québec
8504,149286,Hanau 1813
8505,223669,Premières Gloires
8506,137140,Wunderland
8507,261831,Avocado Smash!
8508,235767,Sorcerer & Stones
8509,5992,Operation Grenade: The Battle for the Rhineland 23 Feb. - 5 Mar. '45
8510,193584,The Last Garden
8511,7420,Star Wars Miniatures Battles
8512,254846,Peanut Club
8513,282544,Video Vortex
8514,11166,Brandywine & Germantown
8515,304450,Detective Charlie
8516,1208,1851: Kentucky & Tennessee
8517,5178,Marrakesh
8518,162677,1893: Cologne
8519,29078,Frontiers: Liberty or Death!
8520,188530,Eye My Favorite Things
8521,126026,Gato Leader
8522,45319,Alcazar
8523,262198,Sea Evil
8525,259837,Crescent City Cargo
8526,3369,John Carter: Warlord of Mars
8527,343,Twins
8528,2300,Invasion Sicily
8529,4510,Johnny Reb III: Regimental Grand Tactical American Civil War Miniatures Rules
8530,37982,God Dice
8531,260465,"Across The Narva: The Soviet Assault on Estonia, February 1944"
8532,345976,System Gateway (fan expansion for Android: Netrunner)
8533,194532,Vs System 2PCG: A-Force
8534,230514,Tadmor
8535,251519,Efemeris
8536,185276,Keep
8537,215066,Gang Rush Breakout
8538,244948,Brains Family: Burgen & Drachen
8539,84989,Neue Welten
8540,131017,La Bérézina 1812
8541,9792,Oriente
8542,207398,Hungarian Rhapsody: The Eastern Front in Hungary
8543,54201,The d6 Shooters
8544,218519,Warstones
8545,59161,Sitting Ducks Deluxe
8546,295609,For the Queen
8547,211450,Take That
8548,7828,Eagles of the Empire: Preussisch-Eylau
8549,5831,Britain Stands Alone
8550,1558,Rogue Trooper
8551,21463,John Silver
8552,23915,Solitaire Caesar
8553,248567,Star Trek: Galactic Enterprises
8554,155315,New York 1776
8555,240835,Bug
8556,313090,Luzon Rails
8557,224794,Carreau
8558,177210,Eight Epics
8559,278305,Battlelands
8560,268846,Improvement of the POLIS
8561,191374,Telepathy: Magic Minds
8562,261614,Unanimo Party
8563,196392,Turin Market
8564,178166,No Time For Heroes
8565,5195,The Farming Game
8566,12253,ATS Stalingrad: Dzerhezinsky Tractor Works 1942
8567,27609,Numbers League: Adventures in Addiplication
8568,12414,La Batalla de los Arapiles
8569,118025,Waka Waka
8570,31410,Im Reich der Jadegöttin
8571,16435,General Quarters
8572,122313,The Doge Ship
8573,255013,Fairy Tale Fluxx
8574,18481,Racetrack
8575,231045,Speed Colors
8576,246316,Forbidden City
8577,66896,American Carrom
8578,1237,Autoscooter
8579,291952,Jeff Davis: The Confederacy at War
8580,314,Highlanders
8581,67426,Monsterpocalypse: Voltron – Defender of the Universe Battle Game
8582,274072,Omen: Heir to the Dunes
8583,286770,Rosetta: The Lost Language
8584,126789,Risk: Halo Legendary Edition
8585,317643,Kyoto
8586,307997,Insider Black
8587,5940,Bug Hunter Sniper!
8588,173648,Booty
8589,143657,Eternal Dynasty
8590,205544,Rescue Polar Bears
8591,2758,Bridgette
8592,310363,Bomber Boys
8593,161762,Wakanda
8594,77361,Photo Party
8595,29278,18Rhl: Rhineland
8596,4916,"Great War at Sea: 1904-1905, The Russo-Japanese War"
8597,7771,En Garde!
8598,7637,The Fall of France
8599,331635,Kameloot
8600,2399,Senet
8601,343334,Schichtwechsel: Die Förderung liegt in deiner Hand
8602,260264,Glyph Chess
8603,2229,Spiel
8604,585,Kardinal
8605,114800,Rune Wars
8606,237114,Cthulhu: The Horror in Dunwich
8607,4323,VOC! Founding the Dutch East Indies Company
8608,19918,No Stress Chess
8609,111119,Perplexus Rookie
8610,4668,Lost Treasure
8611,275800,Save the Meeples
8612,159405,The Shadow Over Westminster
8613,143416,Gothic Doctor
8614,6046,Gettysburg: Lee's Greatest Gamble
8615,286154,TIME Stories Revolution: Damien 1958 NT
8616,4881,Personal Preference
8617,247950,Campaigns of 1777
8618,165719,Super Fantasy: Night of the Badly Dead
8619,13920,"Chickamauga: The Last Victory, 20 September 1863"
8620,9300,Clay-O-Rama
8621,289565,Hunted: Mining Colony 415
8622,265575,Materia Prima: The Alchemists Guild
8623,5697,Reiner Knizia's Amazing Flea Circus
8624,203716,Ta-Da!
8625,275783,Turbulences
8626,177513,Strife: Shadows & Steam
8627,7177,Guadalcanal: Semper Fi Series
8628,73543,Tadaaam!
8629,215482,Road Hog: Rule the Road
8630,165586,Adventure Tours
8631,9673,Black Elephant
8632,220499,Mask of Moai
8633,5607,Battle of the Bulge
8634,2538,Viceroys
8635,145928,Empire Engine
8636,169062,Monsters vs. Heroes: Victorian Nightmares
8637,192288,Kido Butai: Japan's Carriers at Midway
8638,165984,Anno Domini: Wissenschaft & Forschung
8639,187590,Pralaya
8640,5480,Drive on Stalingrad: Battle for Southern Russia Game
8641,337864,Five Parsecs From Home: Solo Adventure Wargaming
8642,206591,Green Box of Games
8643,746,"The Game of France, 1940: German Blitzkrieg in the West"
8644,191128,UNO: With Customizable Wild Cards
8645,274429,The Queen of Hansa
8646,4978,Warzone (Second Edition)
8647,5769,Edelweiss: The Struggle in the Caucasus
8648,891,Cranium
8649,178515,Little Circuses
8650,2388,Dark Nebula
8651,1373,Midway
8652,287217,Pirates Under Fire
8653,287258,Secret Night at Davis Manor
8654,164446,Way of the Fighter: Super
8655,238360,El Castillo del Terror
8656,17995,Anno Domini: Sport
8657,7255,Soldiers: Man-to-Man Combat in World War II
8658,133671,A Fool's Fortune
8659,42688,Hibernia
8660,188124,Ostroleka 26 maja 1831
8661,295,Europa 1945-2030
8662,162580,Realm of Wonder
8663,306202,Philosophia: Floating World
8664,5333,Invasion: Norway
8665,14525,Outburst Remix!
8666,268665,Suzume-Jong
8667,7204,China Moon
8668,148144,Dreaming Spires
8669,12135,Drive on Stalingrad (Second Edition)
8670,5516,Symbioz
8671,207883,OutLawed!
8672,166276,Hellweg westfalicus
8673,82948,Konexi
8674,1772,Asteroid
8675,168512,X-Men: Mutant Revolution
8676,240926,Pocket Pharma
8677,93540,Five Points: Gangs of New York
8678,66088,Q•bitz
8679,322985,Shadows of Brimstone: Swamps of Death (Revised Edition)
8680,207764,Time Bomb
8681,173291,Spit It Out!
8682,175121,Adventure Time Card Wars: Ice King vs. Marceline
8683,268274,Star Trek: Deep Space Nine Fluxx
8684,234860,Hack Trick: It's Hacking Time
8685,5702,Second World War at Sea: Eastern Fleet
8686,202477,Bananagrams Party
8687,273657,El Camarero
8688,23400,Napoleon at the Crossroads
8689,318079,Misión Marte
8690,245904,Arcane Bakery Clash
8691,330664,Varuna
8692,144290,Intrigue City
8693,154526,Payoff Pitch Baseball
8694,182952,Rory's Story Cubes: Animalia
8695,183212,18Dixie with 18MS and 18GA
8696,194986,Deep Future
8697,22863,Luck of the Draw
8698,222424,Planecrafters
8699,13542,De Ontembare Stad
8700,220987,Bloody Monday
8701,5241,"Sinai: The Arab-Israeli Wars – '56, '67 and '73"
8702,1375,Guadalcanal
8703,19902,Shiloh: April Glory
8704,25423,Martian Coasters
8705,24321,Panzer Grenadier: Airborne – Introductory Edition
8706,249824,Munchkin Harry Potter Deluxe
8707,81542,Quest: A Time of Heroes
8708,1543,Dragon Quest
8709,28574,Magiczny Miecz
8710,181031,Sweet Spot
8711,30795,Babylon 5: A Call to Arms – Second Edition
8712,70097,Arriala: Canal de Garonne
8713,182510,Ravage: Dungeons of Plunder
8714,125936,Swing States 2012
8715,5768,"Matanikau: Battles on the Matanikau River, Guadalcanal, 1942"
8716,22924,Card Football: Premiere Edition
8717,9177,Armchair Cricket
8718,151645,Jane Austen's Matchmaker
8719,68931,Flee The Scene
8720,129029,Brawling Barons
8721,67878,Dungeon Crawler
8722,9112,Omaha
8723,231573,Arkham Noir: Collector Case #1 – The Real Leeds
8724,311686,Escape the Room: The Cursed Dollhouse
8725,273065,The Genius Square
8726,204143,Hexpanse
8727,128252,Danube 20
8728,192829,SOW
8729,193912,End of the Line
8730,4915,Great War at Sea 2: The North & Baltic Seas
8731,835,Election
8732,253149,Wok Star (3rd Edition)
8733,189160,Top That!
8734,326112,Das perfekte Wort
8735,234292,13 Ghosts
8736,162367,Co-Mix
8737,39710,Tien Zi Que
8738,6916,1941: Operation Barbarossa
8739,154098,1914: Germany at War
8740,223096,Raid on Taihoku
8741,222502,Club Stories
8742,53840,Adventure of D
8743,180938,La Glace et le Ciel
8744,20731,Capes & Cowls: The Superhero Board Game
8745,161820,Avec Infini Regret
8746,171234,Skulldug!
8747,314401,Rapa Nui
8748,172033,Crab Stack
8749,223201,Attack of the Jelly Monster
8750,202494,Encounters: Shadowrun
8751,94732,Heroica: Draida
8752,9663,Napoleon on the Danube
8753,18058,Anno Domini: Spiel des Jahres
8754,164589,Roar-a-Saurus
8755,17274,Attacktix Battle Figure Game: Star Wars
8756,157449,Invasion 1066: The Battle of Hastings
8757,174556,Blücher
8758,20772,King of Chicago
8759,217338,Mistkäfer
8760,250878,Rebel Nox
8761,293579,Totemic
8762,156101,Dark Age Z
8763,277672,303 Squadron
8764,1919,D-Day (3rd edition)
8765,14186,Bao
8766,3507,By Golly!
8767,96061,"Jours de Gloire Campagne IV: Allemagne 1813, de Lützen à Leipzig"
8768,15173,Die Insel
8769,1890,Plateau
8770,8757,Nordkapp
8771,8350,Napoleon at Eylau
8772,149746,My Little Pony: Collectible Card Game
8773,15911,San Ta Si
8774,154499,Hot Tin Roof
8775,154,Union vs. Central
8776,130729,Rancho
8777,228371,Iberian Railways
8778,233016,The African Campaign: Designer Signature Edition
8779,210660,Castellum: Maastricht
8780,41372,Zombie in My Pocket
8781,162383,"Festung Europa: The Campaign for Western Europe, 1943-1945"
8782,223360,¡Cobardes!
8783,239877,Wakening Lair
8784,2920,Highway to the Kremlin: Napoleon's March on Moscow
8785,6197,The Sun of Austerlitz
8786,330665,Bellum Magica
8787,318353,Soldiers in Postmen's Uniforms
8788,41624,Osmanli Harbi: The Ottoman Fronts – 1914 to 1918
8789,189351,Virus
8790,287591,Storytailors
8791,189925,Ludi Gladiatorii
8792,244153,Your Town
8793,329084,Space Dragons
8794,2903,The Hunt for Red October
8795,88079,Dux Bellorum: Arthurian Wargaming Rules AD367-793
8797,295931,Granada: Last Stand of the Moors – 1482-1492
8798,86458,Nations at War: Desert Heat
8799,160234,1750: Britain vs. France
8800,251213,The Coin Tribes' Revolt: Boudica's Rebellion Against Rome
8801,220368,Sword Art Online Board Game: Sword of Fellows
8802,327971,Hippocrates
8803,2342,Mystery Mansion
8804,203885,Tajemnicze podziemia
8805,130242,Spice Merchant
8806,1738,Castle of Magic
8807,166298,Peptide: A Protein Building Game
8808,230424,Crisis at Steamfall
8809,2857,Jungle Jam
8810,238012,Semper Fidelis: Bitwa o Lwów 1918-1919
8811,254132,Pitchstorm
8812,179804,Zpocalypse 2: Defend the Burbs
8813,153002,Koboldbande
8814,276205,Philosophia: Dare to be Wise
8815,245950,Orc-lympics
8816,5958,"NATO, Nukes & Nazis"
8817,245382,The Way of the Bear
8818,3887,Stock Market Game
8819,100089,Inspector Moss: House Arrest
8821,169658,The Guardians: Explore
8822,193981,Downfall
8823,18652,For Honor and Glory: War of 1812 Land and Naval Battles
8824,135812,Knot Dice
8825,1780,Knights of Camelot
8826,257378,East Indiaman
8827,87632,Escape of the Dead Minigame
8828,133940,"Circle of Fire: The Siege of Cholm, 1942"
8829,241829,Movie Empire
8830,233033,Snowbirds
8831,287325,Exceed: Shovel Knight – Hope Box
8832,308948,Talisman: Star Wars
8833,109285,Nations in Arms: Valmy to Waterloo
8834,1881,Atmosfear: The Harbingers
8835,1555,Dungeon Dice
8836,225736,Village of Legends
8837,322283,Stargrave: Science Fiction Wargames in the Ravaged Galaxy
8838,319899,Decktective: Nightmare in the Mirror
8839,298352,The Shining
8840,23977,Hell Dorado
8841,50719,RisiKo! Prestige
8842,245206,The X-Files: Circle of Truth
8843,177062,Tank on Tank: East Front
8844,106560,American Mah Jongg
8845,121015,Tea Time
8846,294233,Fafnir
8847,276923,ArtSee
8848,2060,Probe
8849,20821,"Tara, Seat of Kings"
8850,290378,Escape From Hades
8851,10445,Duel Masters Trading Card Game
8852,188825,Airfix Battles: The Introductory Wargame
8853,141428,Pass the Pandas
8854,17994,Anno Domini: VIP
8855,280655,Zoom in Barcelona
8856,42783,What Price Glory?
8857,195180,Universal Rule
8858,310198,Escape: Roll & Write
8859,278971,Why I Otter
8860,148639,Founders of the Empire
8861,250539,The Potion
8862,825,Screaming Eagles
8863,6937,1829 Northern Board
8864,177976,Cunning Folk
8866,204592,The Mysterious Forest
8867,262534,Oak & Iron: Core Box
8868,214910,Tiki
8869,1618,French Foreign Legion
8870,32995,Saigo no Kane
8871,11139,"Bloody April: The Battle of Shiloh, 1862"
8872,12627,Cthulhu 500
8873,299566,Batman: The Animated Series Adventures – Shadow of the Bat
8874,104655,Lemonade Stand
8875,225981,Penguin Trap
8876,2248,Leverage
8877,333280,Plata
8878,5143,GolfProfi
8879,98529,Disney Pixar Cars 2 Sorry Sliders: World Grand Prix Race Edition
8880,335528,Marvel Villainous: Mischief & Malice
8881,289916,T-Rex's Holiday
8882,181377,The Opulent
8883,21769,Talavera & Vimeiro
8884,235360,TOKYO JUTAKU
8885,255356,Werwölfe
8886,168549,Night Clan
8887,255029,Verona Twist
8888,55756,Anno Domini: Europa
8889,24764,Monopoly: The Mega Edition
8890,16196,Sword and Sail
8891,177619,Terminator Genisys: The Miniatures Game – The War Against The Machine
8892,304333,Zoollywood
8893,318556,Tucano
8894,6282,Azhanti High Lightning
8895,259970,The Lord of the Rings: The Card Game – Two-Player Limited Edition Starter
8896,44558,Beer & Pretzels
8897,32048,Bobbin' Bumblebee
8898,142333,Mob Town
8899,303830,Mass Transit
8900,294594,1985: Deadly Northern Lights
8901,13182,Korsun Pocket: Little Stalingrad on the Dnepr
8902,2521,Nexus
8903,10672,"Easy Come, Easy Go"
8904,131616,Nautilus
8905,270677,Knaster
8906,6548,Heartthrob
8907,2262,Mythology: A Game of Adventure in the Age of Heros
8908,209282,Picassimo
8909,181267,Hundred Days 20
8910,158916,TAJ
8911,34905,Backseat Drawing
8912,142451,Cornish Smuggler
8913,207899,Knights Club: The Bands of Bravery
8914,17537,"The Battle of Corinth: Standoff at the Tennessee, October 3-4, 1862"
8915,38195,Herr der Ziegen
8916,416,A to Z
8917,7310,One False Step for Mankind
8918,123604,"Leuthen: Frederick's Greatest Victory 5 December, 1757"
8919,206463,Gads Hill 1874
8920,255970,Timeline: Canada
8921,215058,Sonhando com Alice
8922,320446,Corduba 27 a.C.
8923,218503,Wartime: The Battle of Valyance Vale
8924,2174,Coup d'État
8925,245704,Anchors Aweigh!
8926,85567,Passing Shot
8927,240094,Maki Stack
8928,14559,Malvern Hill
8929,263351,Abstratus
8930,243752,Dam It!
8931,304728,SpongeBob SquarePants: Plankton Rising
8932,234105,Hippo
8933,3152,Star Wars: Starfighter Battle Book
8934,1250,Hacker
8935,206925,Black DOG
8936,238277,Kamigami Battles: River of Souls
8937,3057,Warp 6
8938,26315,WeyKick on Ice
8939,59960,Dakota
8940,2265,Ultimate Stratego
8941,36598,Impetus
8942,35910,Cannonball Colony
8943,202265,Chicago & NorthWestern
8944,220672,Shop 'N Time
8945,1294,Clue
8946,414,Around the World in 80 Days
8947,189123,Relicblade: Adventure Battle Game
8948,329086,Pebble Rock Delivery Service
8949,23658,Fiery Dragons
8950,13359,Leapfrog
8951,165046,Slavika: Equinox
8952,286533,6 nimmt! Brettspiel
8953,288,Rossyïa 1917
8954,25768,Long Live the King
8955,124044,Tooth & Nail: Factions
8956,7090,Scottish Corridor: Lion Rampant
8957,265912,Selfish: Space Edition
8958,251228,Radetzky's March: The Hundred Hours Campaign
8959,160125,Gods' Gambit
8960,8843,June 6
8961,327721,Ambon: Burning Sun & Little Seagulls
8962,295478,Cindr
8963,10248,Panther Line: Army Group North 1944
8964,202435,To Take Washington: Jubal Early's Summer 1864 Campaign
8965,861,Weapons & Warriors:  Castle Combat Set
8966,276654,7 Souls
8967,305221,Dinosaur Table Battles
8968,285133,Hacienda (Second Edition)
8969,346501,Mille Fiori
8970,3771,Palabra
8971,16144,Fruit Spy
8972,538,Manager
8973,134964,Moonbase Alpha
8974,150831,Cuba: The Splendid Little War
8975,642,Oodles
8976,801,Crimean War Battles
8977,274563,Ghostbusters: Blackout
8978,309081,NATO: The Cold War Goes Hot – Designer Signature Edition
8979,292900,Squaring Circleville
8980,37912,"Highway to the Reich: The Allied Airborne Invasion of Holland, 1944 (Third Edition)"
8981,257669,Streaming
8982,10581,Summer Storm: The Battle of Gettysburg
8983,7950,Chronopia
8984,147919,Guiscard
8985,290380,Westphalia
8986,256643,Neon Gods
8988,10168,Citadel: The Battle of Dien Bien Phu
8989,20269,Pikemen
8990,60228,Race for Berlin: The Final Struggle
8991,36903,Squadron Strike!
8992,31822,Master of Rules
8993,164627,Brewin' USA
8994,67972,Workshop of the World
8995,10186,JENA!
8996,174231,Badlands: Outpost of Humanity
8997,5183,Austerlitz
8998,228142,Tales & Games: Jack & the Beanstalk
8999,6121,Tablut
9000,161966,Armymals
9001,92759,Russian Civil War 1918-1922 (Second Edition)
9002,99770,Arcanum
9004,223767,Galactic Warlords: Battle for Dominion
9005,331787,Tiny Epic Dungeons
9006,87141,ScrumBrawl
9007,184559,Lock 'n Load Tactical: Heroes in Defiance
9008,197588,Xibalba
9009,180650,Goths Save The Queen
9010,72848,Kill the Overlord
9011,162480,Rise of the Kage
9012,277017,Color Brain: Disney Edition
9013,57349,Vampires of the Night
9014,5834,Campaign to Stalingrad: Southern Russia 1942
9015,17450,Argo
9016,97332,Malifaux Rules Manual
9017,169436,Speedy Words
9018,22666,Renaissance
9019,102159,Champions 2020
9020,72808,Saustall
9021,75418,Regimental Fire and Fury
9022,40949,Nur die Ziege zählt
9023,68876,Boots on the Ground
9024,135577,The Invasion of Russia (1812)
9025,28567,"I Don't Know, What Do You Want to Play?"
9026,15153,The Flowers of the Forest
9027,3403,Rise and Fall
9028,1860,Dragon Dice
9029,13981,World in War: Combined Arms 1939-1945
9030,308368,Digimon Card Game
9031,301032,The March of Progress
9032,229235,Guardian's Call
9033,38462,Palago
9034,12325,Perpetual Commotion
9035,272215,Glory
9036,302933,Kodama Forest
9037,60316,Numeri
9038,5736,Ace of Aces: Balloon Buster
9039,7164,"Warhammer 40,000 Collectible Card Game"
9040,277930,Freezing Death: Finnish Winter War
9041,171721,Micro Rome
9042,166858,Villainous Vikings (Second Edition)
9043,38918,Hooop!
9044,180211,Apollo XIII
9045,2105,Sopwith
9046,290028,Codenames: The Simpsons
9047,251349,Miskatonic University: The Restricted Collection
9048,209809,Hordes Primal Mk III
9049,140986,Viagem no Tempo
9050,243636,Immortal 8
9051,17557,Super Farmer
9052,10467,Renegade Legion: Leviathan
9053,6914,Beda Fomm
9054,9640,Bloody Roads South
9055,167404,Warsaw Rising Up 1945-1980
9056,172484,Bestiary of Sigillum
9057,233018,"Red Star/White Eagle: The Russo-Polish War, 1920 – Designer Signature Edition"
9058,1319,Magic Hill
9059,184802,Ironclad
9060,171708,Holdfast: Korea 1950-51
9061,4918,Great War at Sea: U.S. Navy Plan Orange
9062,194577,Tara Wolf in Valley of the Kings
9063,143487,In Her Majesty's Name: Steampunk Skirmish Wargaming Rules
9064,257700,"Munchkin Warhammer 40,000"
9065,17705,Faces
9066,211533,Veggie Garden
9067,269766,Soulaween
9068,31623,Hannibal Barkas
9069,17125,Ars Mysteriorum
9070,9616,Horus
9071,306257,18Los Angeles
9072,230860,Faza
9073,295195,Clash of Armies: Medieval
9074,68186,Toe-to-Toe Nu'klr Combat with the Rooskies
9075,75890,Spartacus Imperator
9076,180785,Mighty Monsters
9077,3078,Knockabout
9078,301018,Dragon Parks
9079,4235,Fulda Gap: The First Battle of the Next War
9080,211453,Ecogon
9081,2236,Streets of Stalingrad
9082,161813,Hangtown
9083,315138,Autumn Harvest: A Tea Dragon Society Game
9084,69318,Perpetual-Motion Machine
9085,106978,World at War: America Conquered
9086,43393,Cubiko
9087,1891,Portal
9088,301728,Endogenesis (2nd Edition)
9089,153510,Xalapa
9090,10022,La Révolution française: La patrie en danger 1791-1795
9091,12501,The Franco-Prussian War
9092,231574,Arkham Noir: Collector Case #2 – The King in Yellow
9093,190266,Sans Alliés
9094,8679,Days of Decision III
9095,184648,The Exiled: Siege
9096,7849,Introduction to Advanced Dungeons & Dragons
9097,162391,Archaeologia
9098,229496,Pencils & Powers
9099,1081,Die Schlacht der Dinosaurier
9100,20907,Nature of the Beast: City vs. Suburb
9101,261246,Tiny Ninjas Heroes
9102,209423,Zagor: Odissea Americana
9103,32226,Liebe & Intrige
9104,177099,Great Scott!
9105,13218,Austerlitz 1805: Partie Sud
9106,216014,"Aye, Dark Overlord! The Green Box"
9107,5264,"Kanev: Parachutes Across the Dnepr, September 23-26, 1943"
9108,12736,The Battle for Dresden 1813
9109,21829,Sherwood
9110,194028,Rabbit Rally
9111,233848,Hako Onna
9112,2200,Falsche FuFFziger
9113,18724,Forged in Fire: The 1862 Peninsula Campaign
9114,11695,Defiant Russia
9115,153870,Green Deal
9116,279087,Zerywia
9117,4052,Star Wars: Trading Card Game
9118,303648,Disney Hocus Pocus: The Game
9119,191065,Castle Flutterstone
9120,2698,Frachtexpress
9121,179322,Healing Blade: Defenders of Soma
9122,278042,Crusader Kingdoms: The War for the Holy Land
9123,158122,Migration: Book II – A Saga of Conflict
9124,262770,Twin Stars: Adventure Series II
9125,57201,Greedy Kingdoms
9126,193193,Watchmen of Destiny
9127,101206,Night Drop: 6 June 44
9128,166640,Prime Time
9129,265947,"Jours de Gloire: Battle of Issy, 1815"
9130,1271,Volltreffer
9131,257834,Ramen
9132,187808,Front Toward Enemy
9133,206686,Fanhunter: Urban Warfare
9134,118215,Würfelwurst
9135,186990,Suez '56: Anglo-French Intervention in Egypt
9136,188908,Jewels
9137,193818,Basketball Age
9138,158861,Athlas: Duel for Divinity
9139,65582,Regatta
9140,258070,Alice
9141,112118,RED
9142,193715,Dungeons of Infinity
9143,2444,Carrier Strike!
9144,8,Lords of Creation
9145,38361,Borodino 20
9146,148007,A Spoiled Victory: Dunkirk 1940
9147,19653,Helden in der Unterwelt
9148,101644,Bushido
9149,231920,Holdfast: Tunisia 1942-43
9150,202513,BattleGoats
9151,6240,The Crusades: Western Invasions of the Holy Land
9152,8815,Academia
9153,230266,Scare It!
9154,195163,Spy Tricks
9155,188021,Doughnut Drive-Thru
9156,132456,18Ruhr
9157,302914,Dream Cruise
9158,199790,Encantados
9159,142551,Titans Tactics
9160,224119,21 Days
9161,25037,Eagles of the Empire: Spanish Eagles
9162,42057,Utopian Rummy
9163,5700,"Air Bridge to Victory: Operation Market-Garden, 1944"
9164,221977,Badass Riders
9165,313467,Unsolved Case Files: Harmony Ashcroft
9166,34238,Risk: Black Ops
9167,19145,Disposable Heroes and Coffin For Seven Brothers: Infantry and Vehicle Small Unit Skirmish Wargaming in WWII
9168,229527,National Economy Mecenat
9169,2078,"Aegean Strike: Land, Air, and Sea Combat in the Eastern Mediterranean"
9170,7955,"Seelöwe: The German Invasion of Britain, 1940"
9171,258,Fluxx
9172,4659,Moods
9173,218007,Napoleon's Quagmire
9174,167580,Montmirail and Vauchamps 1814
9175,169368,Arbos Apfel
9176,124706,Guts of Glory
9177,73312,4 Seasons
9178,272,Downtown
9179,195547,LOAD: League of Ancient Defenders
9180,8690,Buzzword
9181,225000,Pirate 21
9182,181331,Qwingo
9183,124838,Maurice: War in an Age of Gentlemen and Philosophers – 1690-1790
9184,108737,Air Show
9185,7774,Striker
9186,4746,Dungeons & Dragons Computer Labyrinth Game
9187,115976,Eaten By Zombies!: In Cahoots
9188,7590,Seastrike
9189,265039,A Song of Ice & Fire: Tabletop Miniatures Game – Night's Watch Starter Set
9190,255165,SHIBUYA
9191,246812,Brothers
9192,310880,Battle for Germany: Deluxe Edition
9193,91425,Map It! World Edition
9194,3618,The World at War
9195,2173,4 Player Chess
9196,277469,The Phantom: The Card Game
9197,19048,The Nacho Incident
9198,122701,Monolith: The Strategy Game
9199,304983,Key Enigma: Hack Forward
9200,246895,DC Comics Dice Masters: Justice Campaign Box
9201,959,Luftschiff
9202,255042,Medieval Realms
9203,2629,Ramses II
9204,18103,Tien Len
9205,212807,Backpacks & Blisters (Second Edition)
9206,314393,Wutaki
9207,304821,Animal Upon Animal: Christmas Edition
9209,122435,Mobile Frame Zero: Rapid Attack
9210,140865,Agent Hunter
9211,7240,Vanished Planet
9212,124991,Legend: History of 1000 Miglia
9213,273636,1836
9214,268276,Star Trek Chrono-Trek
9215,174517,Versailles
9216,16142,Geisterwäldchen
9217,9297,"Oh, Pharaoh!"
9218,246693,Funky Chicken
9219,190700,Team Yankee
9220,174646,Orcs Must Die! The Board Game: Unchained Edition
9221,75674,Julian: Triumph Before the Storm
9222,227326,Gruff: Rage of the Trolls
9223,288284,Flash 8
9224,301317,"Houston, We Have a Dolphin!"
9225,322124,Power Rangers: Deck-Building Game
9226,2902,Twilight Imperium: Armada
9227,3084,Buccaneer
9228,286559,Antiquity Quest
9229,187347,No Honor Among Thieves
9230,244814,Embark
9231,288533,Fish 'n' Flips
9232,4357,"Aspern-Essling: Napoleon on the Danube, 1809"
9233,258140,Les Aventuriers du Rail Express
9234,29860,Bataan!
9235,183361,Shogunate
9236,27719,Trapper
9237,134009,The Hobbit: An Unexpected Journey Strategy Battle Game
9238,170431,King's Kilt
9239,182064,Nantucket
9240,3183,Car Wars (Fifth Edition)
9241,65516,Ablaze!
9242,19505,Catchphrase
9243,271268,Admirals' War: World War II at Sea
9244,6112,Battle Dome
9245,200886,Manaforge
9246,258376,The Refuge: Terror from the Deep
9247,180644,3 Kings
9248,270350,Fickle
9249,30505,Apples to Apples: British Isles Edition
9250,8317,The Sands of War
9251,484,Stratego Legends
9252,55835,Ligretto Dice
9253,35812,Wild Vikings
9254,39189,Kawanakajima 1561
9255,115105,Kittens in a Blender
9256,16792,Second World War at Sea: Strike South
9257,56690,Multiplayer Pentago
9258,2343,Electronic Talking Mystery Mansion
9259,198,Buried Treasure
9260,23615,Kulikovo 1380: The Golden Horde
9261,247778,Count of Nine
9262,1335,Gnadenlos!
9263,40251,Risk: Balance of Power
9264,42748,1812: The Cradle of Steam Railways
9265,142829,Flick Wars
9266,18297,Experiment
9267,4234,Hougoumont: Rock of Waterloo
9268,39565,World War 5
9270,195275,Ghostbusters: The Board Game II
9271,1635,Demonlord
9272,230731,Forest of Fate
9273,227502,Medieval
9274,23375,HeroCard: Rise of the Shogun
9275,178361,Waka Tanka
9276,193105,Utopia Engine: Beast Hunter
9277,474,Cold War
9278,161923,Switching Tracks
9279,308755,Ascension: Eternal
9280,200672,Vs System 2PCG: The Alien Battles
9281,148000,Sissi!: Die Bohnenkaiserin
9282,5038,"Druid: Boudicca's Rebellion, 61 A.D."
9283,330084,Unlock!: Legendary Adventures
9284,9619,Ex Libris
9285,125022,Stratopolis
9286,171542,Gum Gum Machine
9287,211641,The Horus Heresy: Burning of Prospero
9288,255392,The Acts
9289,302990,Funkoverse Strategy Game: DC Comics 102
9290,267013,Kung Fur Fight!
9291,24264,Button Soccer
9292,11694,Great War at Sea: Cruiser Warfare
9293,5277,Overlord
9294,156458,RoboRama
9295,3275,Imperator
9296,174991,JunKing
9297,40800,Miss Poutine
9298,236216,Soul of the Empire
9299,309297,SCOPE Stalingrad
9300,19074,Ostia
9301,6559,Glory II: Across the Rappahannock
9302,17022,Saganami Island Tactical Simulator
9303,2562,Samurai & Katana
9304,181694,Cha dango
9305,21703,Mana
9306,239930,Tour Operator
9307,56886,By Fire and Sword
9308,298166,Hungry Hamsters
9309,145344,San Guo Sha: Kingdom Wars
9310,46530,The Red Dragon Inn: Gambling? I'm In!
9311,254394,Banned Books
9312,255272,Libraria
9313,1324,Café International: Das Kartenspiel
9314,285570,Decipher
9315,102631,Tinco
9316,2335,Rome & Carthage
9317,261984,Combo Fighter: VS pack 2
9318,221367,Cartoon Network Crossover Crisis: Animation Annihilation Deck-Building Game
9319,5503,TimeTripper
9320,288798,Kings of War (Third Edition)
9321,177843,Mix It
9322,93895,Dwarf King's Hold: Dead Rising
9323,191067,Zock 'n' Roll
9324,6039,Antietam: Burnished Rows of Steel
9325,147889,Dig Mars
9326,286215,Geometric Art
9327,6617,Rapidough
9328,228101,Pajarracos
9329,342019,60 Second City
9330,226997,South China Sea
9331,10676,Star Frontiers: Knight Hawks
9332,12252,Clash Along the Psel: The Battle of Kursk 1943
9333,203381,Magic: The Gathering – Duel Decks: Blessed vs. Cursed
9334,24051,Fowl Play!
9335,5045,Rommel's War
9336,319290,Funkoverse Strategy Game: Harry Potter 102
9337,1352,Bali
9338,170922,Boomtown Bandits
9339,36623,Second World War at Sea: Coral Sea
9340,174990,Builders of Blankenburg
9341,109635,Washington's Crossing
9342,2249,The Sinking of the Titanic
9343,173776,Battle for Biternia
9344,281945,Old School Tactical: Volume 3 – Pacific 1942/45
9345,178349,Empires at Sea: Deluxe Edition
9346,116981,Star Wars: Battle of Hoth
9347,21277,Nobody is Perfect 2
9348,190,Dolce Vita
9349,332606,Hidden Games Tatort: Ein Drahtseilakt
9350,142205,Ronin: Skirmish Wargames in the Age of the Samurai
9351,232166,Frostgrave: Ghost Archipelago
9352,374,Colorado County
9353,236108,Intelle
9354,188465,Otrio
9355,202026,Hundreds of Horses
9356,3985,Crisis: Korea 1995
9357,11706,Lightning: D-Day
9358,26474,"Cold War Commander: Fast-Play Tabletop Wargame Rules for Combined-Arms Operations, 1946+"
9359,247188,Big Money
9361,257395,Dungeon Derby
9362,260644,Imagineers
9363,195515,The Chosin Few
9364,20233,Marquis
9365,159877,Hat-Trick
9366,161290,Space Movers 2201
9367,20253,Diaballik
9368,180050,Star Wars Death Star Perplexus
9369,145553,Asgard's Chosen
9370,194976,Ni-Ju
9371,258665,Get Packing
9372,138589,Axis & Allies Air Force Miniatures: Bandits High
9373,88950,Palenque
9374,43136,Chunky Fighters
9375,6021,"Hastings, 1066"
9376,276551,Mysthea: The Fall
9377,334644,Nicodemus
9378,244817,Farmini
9379,236178,Mini DiverCity
9380,208340,Congo: Adventures in the Heart of Africa
9381,17538,"Jackson at the Crossroads: Cross Keys & Port Republic, June 8-9, 1862"
9382,703,Roman Civil War
9383,23657,Ahoy Treasures!
9384,2082,Shell Shock!
9385,249888,Grim Doom
9386,183626,Internal Affairs
9387,102219,Connect 4 Launchers
9388,161886,1879: US Pacific Northwest
9390,296164,Yura Yura Penguin
9391,8717,The Schlieffen Plan
9392,4375,Krone & Schwert
9393,298309,Winter Queen
9394,24698,Dameo
9395,121429,Ascari: African Battles of the Italian Army 1890-1895
9396,68816,Storming the Reich: D-Day to the Ruhr
9397,1404,Strand-Cup
9398,13224,The Conquerors: Alexander the Great
9399,164760,Goblin's Breakfast
9400,2216,Vampyre
9401,293112,White Eagle Defiant: Poland 1939
9402,316620,"Battle for Kursk: The Tigers Are Burning, 1943"
9403,10884,White Bear & Red Moon
9404,18963,En Garde!
9405,83919,Scattergories Categories
9406,239,"Wagram: The Peace of Vienna, 5-6 July 1809"
9407,125634,Inception: Solo card game
9408,6380,WarCry
9409,9867,Poitiers 1356 et Formigny 1450
9410,249336,Worldwide Football
9411,198670,Kings of War (Second Edition)
9412,42101,All Things Zombie: Better Dead Than Zed!
9413,37885,Last Stand: The Battle for Moscow 1941-42
9414,219,Volle Hütte
9416,211996,Drinking Fluxx
9417,81826,Disaster on Everest
9418,5274,Triumphant Fox: Rommel's Finest Hour
9419,242292,No Motherland Without: North Korea in Crisis and Cold War
9420,16466,Across the Pacific
9421,290,Gold Digger
9422,149621,Suspense: the Card Game
9423,29386,"Maori Wars: The New Zealand Land Wars, 1845-1872"
9424,9650,"War in the Pacific: The Campaign Against Imperial Japan, 1941-45"
9425,216630,Traveller Customizable Card Game: Two Player Starter Set
9426,285992,Pac-Man: The Board Game
9427,288317,Black Seas
9428,9200,Heroes Incorporated
9429,169513,Dorasure
9430,231125,Kaiju Siege
9431,581,Tile Chess
9432,43801,"Afrikakorps: Decision in the Desert, 1941-42"
9433,618,MLB Showdown
9434,4651,Stalingrad
9435,244267,BarBEARian Battlegrounds
9436,2602,Solitaire for Two
9437,220878,Feuville
9438,7639,Their Finest Hour
9439,155822,Krosmaster Junior
9440,39994,Cranium Party Playoff
9441,132407,Stone & Relic
9442,27608,Hit or Miss
9443,171620,Thieves!
9444,5953,Karambolage
9445,285171,Orb Hunters
9446,320084,The Dogs of War
9448,220341,Secrets of the Lost Station
9449,185344,Dragon Keeper: The Dungeon
9450,90050,Eleminis
9451,28289,First to Fight
9452,114784,Rhein: River Trade
9453,5058,Operation Crusader
9454,122599,Winter Tales
9455,285208,World of Draghan: Sneaky Ol' Dragons
9456,193248,Get Off My Land!
9457,301085,Rebis
9458,245224,La Belle Époque
9459,577,Parts Unknown
9460,237745,Rifles in the Ardennes
9461,50764,Black Cross / Blue Sky
9462,228425,Kaiju Crush
9463,165523,Rory's Story Cubes: Score
9464,186974,Khe Sanh '68
9465,1243,Split Second
9466,135019,Formula E
9467,7635,Torch
9468,36661,One More Barrel
9469,118177,Connections
9472,2412,Wordthief
9473,195508,Into The Echoside
9474,188051,Deadfall
9475,240901,"A Time for Trumpets: The Battle of the Bulge, December 1944"
9476,21149,War of the Suns: The War of Resistance 1937-1945
9477,172166,Lumis: Der Pfad des Feuers
9478,2087,Magic Dance
9479,193697,The Men Who Would Be Kings: Colonial Wargaming Rules
9480,285193,Brief Border Wars
9481,25344,18TN
9482,17075,Giza
9483,2775,The Battle of Five Armies
9484,159160,Battlegroup: Rule Book
9485,6841,Transformers Armada:  Battle for Cybertron
9486,125854,Mars Needs Mechanics
9487,4914,"Great War at Sea: 1898, The Spanish American War"
9488,221198,Dicey Peaks
9489,138966,Ici Londres
9490,158445,Caravelas II
9491,38578,Age of Muskets Volume I: Tomb for an Empire
9492,231876,Race for the Chinese Zodiac
9493,316085,Ukiyo
9494,35219,"La Bataille de France, 1940"
9495,7750,Tannenberg: Eagles in the East / Galicia: The Forgotten Cauldron
9496,236250,Testament
9497,3517,Tornado Rex
9498,192891,Daimyo's Fall
9499,152115,Pent-Up
9500,164147,Rayguns and Rocketships
9501,172382,Death Over The Kingdom
9502,9077,La Grande Armée: The Campaigns of Napoleon in Central Europe
9503,273909,Napoleon's Wheel
9504,62809,Jump Gate
9505,26747,Space Junkyard
9506,240902,1918/1919: Storm in the West
9507,18579,The Nightmare Before Christmas TCG
9508,290982,Roll Estate
9509,3667,Star Fleet Battle Manual
9510,273482,A Song of Ice & Fire: Tabletop Miniatures Game – Free Folk Starter Set
9511,130548,Vorpals
9512,209863,The Fall Of The Third Reich
9513,12604,Box of Golf: A Classic Golf Board Game
9514,306577,Der Clou: Roll & Heist
9515,344254,Yummy Yummy Monster Tummy
9516,14451,Nomic
9517,63161,Corporation
9518,1321,Catch the Match
9519,197946,Wreck and Ruin
9520,286358,Commands & Colors Tricorne: Jacobite Rising
9521,240906,The Battles of Rhode Island & Newport
9522,32150,Ambush Alley! A Game of Modern Urban Combat
9523,10829,Krieg! World War II in Europe
9524,212378,Dragon Pets
9525,72131,Caravelas
9526,179723,Dino Twist
9527,768,Keytown
9528,2088,Coup
9529,237088,Triangoli
9530,25687,Fragile
9531,298164,Volle Weide
9532,4222,War Between The States 1861-1865
9533,25453,Balance Duels
9534,137958,Wild West Exodus
9535,173269,Aquarium
9536,179548,Sweet Nose
9537,26697,Shenandoah: Jackson's Valley Campaign
9538,158492,Quatre Batailles en Espagne
9539,113656,111: Alarm dla Warszawy
9540,606,Pico 2
9541,36788,Anno Domini: Wort Schrift Buch
9542,3965,Snapshot
9543,41123,Pirate Versus Pirate
9544,262899,La Petite Mort
9545,217619,Sherlook
9546,5296,Waterloo
9547,2226,Greyhounds
9548,260269,Eco-Links
9549,44338,Ninja Burger: Secret Ninja Death Touch Edition
9550,70767,Smash Monster Rampage!
9551,270227,"Oh, Fox!"
9552,4953,1313 Dead End Drive
9553,296644,Dawn's Early Light: The War of 1812
9554,124548,The Doom That Came to Atlantic City
9555,81691,Lino
9556,265304,A Billion Suns: Interstellar Fleet Battles
9557,3000,1806: Rossbach Avenged
9558,5988,Wings Over France
9559,1898,Friesematenten
9560,127096,Metal Adventures
9561,211808,OrcQuest
9562,296063,Mortum: Medieval Detective
9563,2121,The Sword and the Stars
9564,322282,Momiji
9566,160814,Cartoon Network Fluxx
9567,118559,Syracuse (415/413 av. J.-C.)
9568,179929,JurassAttack!
9569,83,Sam Grant: The Civil War in the West 1862-1864
9570,8737,Peter the Great
9571,15047,Trivial Pursuit: DVD – Star Wars Saga Edition
9572,221661,Patriots & Redcoats
9573,108012,Collapsible D: The Final Minutes of the Titanic
9574,116860,The Cook-off
9575,109296,CLUE: World of Harry Potter
9576,30246,San Quentin Kings
9577,319680,Rest In Peace
9578,66851,Schlag den Raab: Das Spiel
9579,142903,Foragers
9580,1066,Zargos
9581,2918,The Last Crusade
9582,9870,Marengo 1800
9583,290468,Mint Condition Comics
9584,6045,I Am Spartacus!
9585,434,Yucata'
9586,149927,LED: Lógica – Estrategia – Deducción
9587,865,Landslide
9588,230528,Cowboy Bebop: Boardgame Boogie
9589,150605,Candy Chaser
9590,20829,Keesdrow
9591,40411,Flames of War: Open Fire
9592,171775,Dexikon
9593,170195,Oh My Gods!
9594,171124,Hero's Journey Home
9595,1317,Auf falscher Fährte
9596,6037,Cortes: Conquest of the Aztec Empire
9597,180387,Dungeon Solitaire: Tomb of the Four Kings
9598,174013,The End Is Nigh
9599,15156,Coloretto Amazonas
9600,3313,Traverse
9601,197377,Waterloo 1815: Napoleon's Last Battle
9602,18881,Schildi Schildkröte
9603,126404,Area 1851
9604,217581,Kronia
9605,89918,Mount Drago
9606,237229,Roar: King of the Pride
9607,148209,Slash: Romance without boundaries
9608,217447,Tembo
9609,15049,Ulti
9610,168882,Race to the North Pole
9611,42255,"The Kaiser's War: World War I, 1918-19"
9612,204755,Isle of Monsters
9613,247294,I Am the Fourth Wall
9614,944,Mag·Blast
9615,143255,Goblins vs Zombies
9616,72083,Tori
9617,3807,Smokejumpers
9618,203584,Los Tesoros del Rey Pirata
9619,199766,Listography: The Game
9620,171742,"Lion of Judah: The War for Ethiopia, 1935-1941"
9621,2879,Encore
9622,7840,The Defense of Rorke's Drift
9623,119265,Hospital Rush
9624,252484,Meeple Party
9625,285203,Alien 51: El ascensor
9626,7503,A Frozen Hell: The Battle of Tolvajärvi
9627,3568,Stage II
9628,3860,Wordsearch
9629,192346,Edenia
9630,180867,Kitty Paw
9631,295490,Dodo
9632,32469,Make You Gunfighters
9633,3590,Campaign Trail: The Game of Presidential Elections
9634,239682,Noises at Night
9635,93563,Whitewater
9636,176960,Wok on Fire
9637,319999,Dungeon Decorators
9638,25142,Tal der Abenteuer: Die Schatzsuche im Himalaja
9639,117707,Wanzen tanzen
9640,250822,Title Bout 2
9641,9858,The Russo-Japanese War: Dawn of the Rising Sun
9642,77034,Cat & Chocolate
9643,249578,The Red Dragon Inn: Allies – Spyke and Flower
9644,4020,Race For Tunis
9645,130229,Out of Gears
9646,63052,Pass the Bomb: Party Edition
9647,18056,Anno Domini: Kunst
9648,6946,"Wolfpack: Submarine Warfare in the North Atlantic, 1942-44"
9650,267244,The Defence of Procyon III
9651,1804,Inklings
9652,38204,How to Host a Dungeon
9653,3581,Lion of the North: The Dawn of Modern Warfare
9654,221805,Breaking Bad: The Board Game
9655,43023,Polizei-Alarm!
9656,246263,Fallen Angels
9657,201281,Apocalypse: The Game of Nuclear Devastation
9658,177245,Cosmic Kaboom
9659,6399,Ancients I
9660,5997,Pleasant Hill: The Red River Campaign
9661,258287,Dragon Boats of the Four Seas
9662,205419,Vikings: Raid & Conquer
9663,193727,Absolute War! The Russian Front 1941-45
9664,39095,Klickado
9665,292506,Bresk!
9666,251685,Tinian: The Forgotten Battle
9667,9356,Pacific Fleet
9668,177053,Road to Infamy
9669,141825,Dirigible Disaster
9670,25,Battlemist
9671,2773,Knights of the Dinner Table: HACK!
9672,225800,"Patton's Vanguard: The Battle of Arracourt, 1944"
9673,189154,The Ninth World: A Skillbuilding Game for Numenera
9674,318307,The Kringle Caper
9675,155314,Strike A Pose
9676,679,Minion Hunter
9677,54457,The Arduous Beginning
9678,5830,Bloody 110
9679,643,Deadlands: Doomtown Range Wars
9680,238136,Elementum
9681,220443,Callisto
9682,300509,Kiitos
9683,2199,Thinking Man's Golf
9684,33196,Genji
9685,15000,Word Basket
9686,220258,Envyra
9687,29376,The Battle of Adobe Walls
9688,131321,The Valkyrie Incident
9689,2672,Der Herr der Ringe: Die Gefährten – Das Kartenspiel
9690,19056,Square on Sale
9691,254135,Fortune City
9692,95756,Pick 'N' Choose
9693,22600,1831
9694,280107,Kami
9695,6918,1940
9696,39426,"Kursk, South Flank: A Panzer Grenadier Game"
9697,24230,Glik
9698,310641,Ostium
9699,16149,Up And Down
9700,261982,Combo Fighter: VS Pack 1
9701,315954,Hunt A Killer: Death at the Dive Bar
9702,167,Dicke Kartoffeln
9703,125368,Dino Hunt Dice
9704,284949,Orchard Ocean
9705,300298,PARKS Memories: Coast to Coast
9706,29375,"Redvers' Reverse: The Battle of Colenso, 1899"
9707,3751,Palazzo Paletti
9708,3901,Sturm Nach Osten
9709,143323,Stak Bots
9710,1300,Im Zeichen des Kreuzes
9711,5023,Conquerors
9712,204577,Sponsio
9713,35220,Help Arrives!
9714,12699,"The Army of the Heartland: The Army of Tennessee's Campaigns, 1861-1863"
9715,30102,The Aztec Market
9716,319223,Sleeping Gods: Primeval Peril
9717,241760,El Mortal
9718,169102,Slaughterville
9719,197528,King Of The Hill: The Dwarf Throne
9720,134804,Nations at War: Stalin's Triumph
9721,33040,Humans!!!
9722,19009,Star Fleet Battles Cadet Training Manual
9723,26620,Tannenberg 1914
9724,164590,GYÜMI
9726,268543,Jumble Jam
9727,11978,The Great War in the Near East
9728,321506,Fröccs
9729,271002,Myraclia
9730,237638,Isles of Terror
9731,4359,1914: Glory's End
9732,136089,Just in Time
9733,159633,Start Player Express
9734,276281,Kingdom's Candy: Monsters
9735,284,Lords of the Sierra Madre (Second Edition)
9736,63951,Lasalle
9737,145470,Don Capollo
9738,43332,Austerlitz 20
9739,27363,Danger 13
9740,163798,Nuevo Mundo
9741,140594,Word Whimsy
9742,68387,Trenchzone
9743,300727,The Coldest Night
9744,255680,Ambar
9745,39331,Legends of Boxing
9746,225449,Automata NOIR
9747,193121,Legends
9749,196348,Breakaway Football
9750,300148,Spy Connection
9751,35425,Mutants and Death Ray Guns
9752,248702,Trivial Pursuit: Classic Edition
9753,94615,The Last King of Scotland: The Uganda-Tanzania War 1978-1979
9755,55315,Maus au Chocolat
9756,323046,"Panzers Last Stand: Battles for Budapest, 1945"
9757,186435,Zimby Mojo
9758,5641,Nightmare
9759,23284,Wayfinder
9760,240776,Ruins of Mars
9761,9104,The Three Days of Gettysburg (Second Edition)
9762,231035,"Warhammer 40,000: First Strike"
9763,334590,For Northwood! A Solo Trick-Taking Game
9764,84913,Caminos
9765,274735,13 Sheep
9766,299105,Black Swan
9767,225569,Geek Out! Masters
9768,39278,Medina de Rioseco 1808
9769,294788,Conqueror: Final Conquest
9770,34403,Lost Battles:  Reconstructing the Great Clashes of the Ancient World
9771,56342,Chez Cthulhu
9772,38680,Boochie
9773,101118,"Borodino: Napoleon in Russia, 1812"
9774,148381,Ikonikus
9775,4011,Jerusalem
9776,178958,The Lords of Rock
9777,6700,Command Decision 2nd Edition
9778,3749,Sumo!
9779,129735,Boom Boom Balloon
9780,99698,Micro Space Empire
9781,30287,Ghost for Sale
9782,3627,Chaostle
9783,85563,Skippity
9784,108341,Dynamite Nurse
9785,237106,Doom Realm
9786,90274,Dawn: Rise of the Occulites
9787,37931,Jenga: Donkey Kong Collector's Edition
9788,6813,Operation Market Garden: Descent Into Hell
9789,204680,Burrows and Badgers: A Skirmish Game of Anthropomorphic Animals
9790,217554,Dr. Microbe
9791,383,Turf Horse Racing
9792,20122,Bunte Runde
9793,326767,Infinity N4: Core Rules
9794,31586,Obcy
9795,189663,Dungeon Solitaire: Labyrinth of Souls
9796,178835,Bruti
9797,183360,Legends of Draxia
9798,4977,VOR: The Maelstrom
9799,148375,Regnum Angelica
9800,302281,Candy Lab
9801,34696,Drachen Wurf
9802,182801,Stinky Business
9803,41054,You Robot
9804,170430,12 Days of Christmas
9805,114871,For The Win
9806,312259,Rollway Station
9807,169795,Haithabu
9808,327723,Across the Bug River: Volodymyr-Volynskyi 1941
9809,114504,Carnevale: Vicious Fighting Along the Canals of Venice
9810,294237,Goat 'n' Goat
9811,159011,Thornwatch
9812,247963,Fist of Dragonstones: The Tavern Edition
9813,175230,Crete 1941: Operation Mercury
9814,64080,Rowboat
9815,6270,Objective Moscow: The Death of Soviet Communism
9816,49396,Battleground Fantasy Warfare: Elves of Ravenwood
9817,10346,Inchon: MacArthur's Gambit
9818,7609,Hue
9819,179794,Me Want Cookies!
9820,39704,Emu Ranchers
9821,10262,The Chaco War
9822,9504,Corteo
9823,111999,Pharaoh Code
9824,35188,Legends of the Three Kingdoms
9825,284751,Armata Strigoi
9826,257962,Karate Tomate
9827,23387,Conan Collectible Card Game
9828,249882,Sevilla 1503
9829,226006,Ursa Miner
9830,4343,Semper Fi!
9831,278989,Kung Fu
9832,322339,Hanamikoji: Geisha's Road
9833,234510,The Deception of Antiques: 12 Chinese Zodiac Bronze Heads
9834,251083,Pirate Tricks
9835,509,The Reef
9836,183,Stonehenge
9837,136606,Sergeants Miniatures Game: Red Devils
9838,225303,Gamer Over! A Game Fair Murder Mystery
9839,4366,"Remember the Maine! The Spanish-American War, 1898"
9840,35003,Zark City
9841,5065,Fubi
9842,294,Keydom
9843,171351,Random Encounters
9844,300765,Quiz Club
9845,4919,Great War at Sea: U.S. Navy Plan Red
9846,3162,Invasion of the Air-eaters
9847,4178,Kaliko
9848,2095,Waldmeister
9849,687,Cabale
9850,63868,A las Barricadas! (2nd Edition)
9851,477,The Broadway Game
9852,176458,Rights
9853,324278,Inkling
9854,31926,TAIJI
9855,256381,Fado: Duetos e Desgarradas
9856,166210,Blend Off!
9857,3070,Red Parachutes: Soviet Airborne Assault Across the Dnepr
9858,136240,Ignis
9859,5279,Sagunto: The Battle for Valencia
9860,205346,Beer Empire
9861,23848,Hameln
9862,38400,War for Edaðh
9863,325414,Happy Little Dinosaurs
9864,170344,Atak Zombie
9865,337389,Snakesss
9866,132251,Ghooost!
9867,2457,Torpedo Run!
9868,103830,Morelli
9869,147400,Kyoto Protocol
9870,176193,Ocean Labyrinth
9871,194229,Mad Science Foundation
9872,11581,King
9873,216224,Carcosa
9874,309408,Arcana Rising
9875,158589,18Africa
9876,122327,Pirates of the Spanish Main: Shuffling the Deck
9877,2736,The Lonely Mountain
9878,225909,Burning Mountains
9879,13676,The Perfect 10
9880,193696,Rogue Stars: Skirmish Wargaming in a Science Fiction Underworld
9881,286804,Napoleon's Eagles: Storm in the East – The Battles of Borodino and Leipzig
9882,236803,Nickelodeon Splat Attack!
9884,120814,Off Your Rocker
9885,144955,Murder in Greenrock Village Theatre
9886,104553,Moeraki: Kemu
9887,187785,Glenn Drover's Empires: Galactic Rebellion
9888,239262,Platoon Commander Deluxe: The Battle of Kursk
9889,295293,The Thing: The Boardgame
9890,8328,Paratroop
9891,49400,Battleground Fantasy Warfare: Orc Army
9892,267397,Fired Up
9893,9044,All Quiet on the Western Front
9894,160950,The Badger Deck
9895,287821,Good Cop Bad Cop (Third Edition)
9896,261666,Warfighter: The Private Military Contractor Card Game
9897,300076,PARKS Memories: Plains Walker
9898,271036,Pigasus
9899,147168,Guerra De Mitos II
9900,4816,Xactika
9901,30706,Make 'n' Break Extreme
9902,206074,The Solo System
9903,2194,Chitin: I
9904,10269,"The Balkan Wars: Prelude to Disaster, 1912-1913"
9905,176070,Magic Realm Light 30
9906,9685,Bounce It-In Game
9907,13493,Bell-Bottomed Badassses on the Mean Streets of Funk
9908,257415,Dreams of Tomorrow
9909,192924,StoryLine: Fairy Tales
9910,129751,KIPP X
9911,242879,Ladrillazo
9912,151936,Paul Koenig's The Bulge: 6th Panzer Army
9913,125675,Doctor Who: The Card Game
9914,214879,Tomb Trader
9915,215455,ReCURRRing
9916,223454,Corona de Hierro
9917,204504,Outlaws: Last Man Standing
9918,274566,Deranged
9919,36659,Free Trader
9920,208887,Avec Infini Regret II
9921,325191,18Mag: Hungarian Railway History
9922,228713,Black Souls
9923,312463,Duck
9924,249677,Gruff: Stuff of Nightmares
9925,208995,Kaiju Incorporated
9926,23329,Skybridge
9927,31336,Corunea
9928,209283,Lumina
9929,209714,Splatter SHOOT
9930,201416,The Refuge: A Race for Survival
9931,9439,FBI
9932,297661,Gold River
9933,1620,Decline and Fall of the Roman Empire
9934,57139,Infection Express
9935,145390,End of Empire: 1744-1782
9936,145675,SecuenzooS
9937,103752,Schachen
9938,15269,The Headlines Game
9939,263312,Pathogenesis (Second Edition)
9940,150138,10 Negritos
9941,97093,Cherokee
9942,192668,Flag Dash
9943,206798,Chaparral
9944,20586,All Things Zombie
9945,215155,Space Infantry: Resurgence
9946,1773,Dawn of the Dead
9947,207,Twitch
9948,29126,HeroCard Orc Wars
9949,255381,Forgotten Legions: Designer Signature Edition
9950,255702,Cool Runnings
9951,152471,Manifest
9952,130922,Blocks in Afrika
9953,103883,Electronic Labyrinth
9954,270223,Ab durch die Mauer
9955,188997,Piratas!
9956,5656,France 1944: The Allied Crusade in Europe
9957,229241,Capital City
9958,269623,Unicorn Glitterluck: Cloud Stacking
9959,245371,Vejen
9960,6732,Aces High
9962,136229,War Stories: Liberty Road
9963,341358,INSERT
9964,131387,MOD X
9965,252579,Gorbachev: The Fall of Communism
9966,225526,Big Bang 13.7
9967,88246,Punic Island: Campaign Commander Volume III
9968,298678,Vulcanus
9969,254532,Chiseled
9970,31378,Second World War at Sea: Arctic Convoy
9971,85633,World War II: Barbarossa 1941
9972,220675,Symphony
9973,129309,"Caesar's War: The Conquest of Gaul, 58-52 BC"
9975,4960,Gazala
9976,1578,RoadKill
9977,147563,Stories!
9978,15957,Final Fantasy VIII: Triple Triad
9979,745,War of Resistance
9980,243704,Humboldt's Great Voyage
9981,5990,Blood & Iron
9982,237798,The Wilson Wolfe Affair
9983,63011,Patrol: Lost!
9984,10234,¡Arriba España!
9985,77076,Loch Ness
9986,325477,Otto Game Over
9987,146937,Walking on the Moon
9988,253318,London & Northwestern
9989,9961,"Year of the Rat: Vietnam, 1972"
9990,143509,Bluff in Zoo
9991,232827,Rick and Morty: 100 Días
9992,291951,The Everdeck
9993,176678,GYÜMI Géniusz
9994,20467,Conquest
9995,11278,Trajan: Ancient Wars Series
9996,299933,Dice Flick
9997,225166,Rogue State
9998,2334,Square Mile
9999,17816,Family Fluxx
10000,5479,"Drive on Washington: The Battle of Monocacy Junction, July 9, 1864"
10001,4236,"Dreadnought: Surface Combat in the Battleship Era, 1906-45"
10002,60035,Ants!
10003,173074,Tales & Games: Little Red Riding Hood
10004,8751,Wurzburg: Soviet-American Combat in the '70's
10005,251661,Oathsworn: Into the Deepwood
10006,210428,Ligny & Wavre 1815: The Empire's Last Victories
10007,10534,Napoleon's Art of War: Eylau & Dresden
10008,37345,Circus Maximus
10009,229244,Battlefold
10010,109143,Trick or Treat
10011,7739,America in Flames
10012,255635,Pitch Out
10013,142645,Havok & Hijinks
10014,249039,5 Minute Chase
10015,5491,Time is Money
10016,203710,Cake Duel
10017,315727,Last Light
10018,86919,Birth of a Legend: Lee and the Seven Days
10019,11465,48th Panzerkorps
10020,49392,Battleground Fantasy Warfare: Lizardmen
10021,257273,Ghosts of the Moor
10022,131457,Septikon: Uranium Wars
10023,187420,Quissama
10024,322560,Maeshowe: an Orkney Saga
10025,74311,The Hardest Days
10026,129951,Teomachia
10027,319754,Peek-a-Mouse
10028,11002,Farfalia
10029,301011,Starlink
10030,67910,Mini FITS
10031,99976,Alien Menace
10032,194400,Kacper Ryx i Król Żebraków
10033,120033,Kampen om Norge
10034,267182,Anthelion: Conclave of Power
10035,333516,EXIT: Das Spiel + Puzzle – Das dunkle Schloss
10036,26919,The War Game: World War II
10037,107649,Catch a Falling Star
10038,192023,"Demyansk Shield: the Frozen Fortress, February-May 1942"
10039,2025,Frag
10040,4016,"""Scratch One Flat Top!"""
10041,248909,Wurst Case Scenario
10042,5239,Omaha Beachhead: Battle for the Bocage
10043,279328,Wish You Were Here
10044,168752,BANG!: Heroes of the Storm
10045,320960,Roll In One
10046,5752,Black Sea Black Death
10047,171950,Hands
10048,96765,CardFight!! Vanguard
10049,266936,Slyville
10050,3063,March Madness
10051,265569,What's Missing?
10052,146034,Donburiko
10053,285183,Secret Operation
10054,237384,FREAKFACE!!!
10055,127883,Colonies
10056,1367,Grand National Derby
10057,25462,German Whist
10058,24028,Rukshuk
10059,26047,Sid Meier's Civilization: The Card Game
10060,7638,"Case White: The Invasion of Poland, 1939"
10062,7752,Over There
10063,317365,Adventure Games: Die Akte Gloom City
10064,140682,Czas Honoru: Operacja Most III
10065,40830,Genial Spezial
10066,233590,Triora: City of Witches
10067,129307,"Congo Merc: The Congo, 1964"
10068,253319,Southern Pacific
10069,9782,Battle of the Bands: Encore Edition
10070,257957,X-Code
10071,1501,Masterpiece
10072,281385,Code 3
10073,248072,Don't Let It Die
10074,227563,Rolling Empires
10075,243780,Before There Were Stars...
10076,178335,Biergarten
10077,133,Frischfleisch
10078,22297,"Winged Horse: Campaigns in Vietnam, 1965-66"
10079,64331,Bar-Lev: The 1973 Arab-Israeli War
10080,30022,Quatre Bras: Stalemate on the Brussels Road
10081,2427,Skirmish
10082,178,Mole Hill
10083,49399,Battleground Fantasy Warfare: Undead Army
10084,6041,Budapest '45
10086,11708,War Between The States 1861-1865 (Second Edition)
10087,204281,Baby Clues
10088,94949,A Blood-Red Banner: The Alamo
10090,234846,Schüttel's
10091,99042,The American Revolution: Decision in North America
10092,163255,Reconquista
10093,251722,Triad
10094,2963,Stockmarket
10095,148050,Days of Battle: Golan Heights
10096,1420,Monopoly Express
10097,331212,Aeon's End: Legacy of Gravehold
10098,297892,Dodelido Extreme
10099,208663,Godforsaken Scavengers
10100,9117,Embrace an Angry Wind
10101,272636,Dragon's Cave
10102,6942,Drang Nach Osten!
10103,342562,ROVE: Results-Oriented Versatile Explorer
10104,154645,Start Frei
10105,129417,Scotland Yard
10106,245446,Nimble
10107,124000,Inception
10108,203845,Dig Down Dwarf (Second Edition)
10109,72200,Red Dragon / Green Crescent
10110,525,Pisa
10111,156062,Ucho Króla
10112,203408,Cosmocracy
10113,93138,Schlacht am Buffet
10114,6980,Mission Command Sea
10115,238407,Winner Winner Chicken Dinner
10116,197783,Get Rich Quick
10117,35457,Burnside Takes Command
10118,176306,Conspiracy!
10119,206450,TOP Kitchen
10120,285234,Slip Strike
10121,118732,Titans of Industry
10123,223952,Boast or Nothing
10124,127989,LOT
10125,136279,Kreuzwort
10126,454,Tante Tarantel
10127,17235,Mago Magino
10128,193240,Pasaraya: Supermarket Manager
10129,11283,1895 Namibia
10130,20906,Nature of the Beast: Farm vs. Forest
10131,25312,Dampfross 2
10132,232732,Radiant: Offline Battle Arena
10133,4254,"Iwo Jima: Valor of Arms, 19 Feb. – 25 March 1945"
10134,2138,Crisis: Sinai 1973
10135,70096,Woolfy
10136,665,Quackshot
10137,165694,The Cones of Dunshire
10138,160664,Warmachine: High Command – Faith & Fortune
10139,264797,Kushi Express
10140,24693,They Shall Not Pass: The Battle of Verdun 1916
10141,231683,Dracula's America: Shadows of the West
10142,231972,POWERUP
10143,39976,Volta
10144,8140,Global Powers
10145,234451,Jedzie pociąg z daleka
10146,243964,Showtime
10147,26233,Manimals
10148,1551,Sub Search
10149,82702,Funfair
10150,257204,Zura
10151,230966,Stone Daze
10152,79,MedFront: War in North Africa 1940-43
10153,25993,"Drive on Moscow: Operation Typhoon, 1941"
10154,3641,Grand Imperialism
10155,295483,ワイルドハントフェス (Wild Hunt Festival)
10156,306169,MATCH 5
10157,323317,Mouse Cheese Cat Cucumber
10158,128154,Battlegroup: Kursk
10159,180355,Visby
10160,2277,Lose Your Shirt
10161,288424,Blue Banana
10162,151016,Provincia Romana
10163,28060,Archaeology
10164,91430,None of a Kind
10165,141467,Goro-Goro Dōbutsu Shōgi
10166,7636,"Marita-Merkur: The Campaign in the Balkans, 1940-41"
10167,122236,Conflict of Alliances: Warring States
10168,40962,Burg der 1000 Spiegel
10169,56641,NUTS! Second Edition: Europe 1944
10170,286147,Super Farmer: The Card Game
10171,149970,Outer Earth
10172,1246,Insecta
10173,123406,Ace Detective
10174,26372,Iéna 1806
10175,1477,Days of Decision II
10176,128794,"Toulon, 1793"
10177,2986,Web and Starship
10178,207347,London After Midnight 2: Sherlock in Hell
10179,323,Anno 1452
10180,306321,Night of the Ninja
10181,197067,Downsize
10182,166888,Costa Ruana
10183,9150,Dark December
10184,291066,Endure the Stars 1.5
10185,21915,Le Vol de l'Aigle
10186,21991,Karo
10187,85332,Palacio de Viana
10188,163040,Det dårlige selskab
10189,198541,Paper 'Mech
10190,143023,Alea Iacta Est
10191,131788,Game Over
10192,241,Age of Exploration
10193,2965,Kendo
10194,17821,Connection Games
10195,8666,Days of Decision
10196,263736,Warhammer Age of Sigmar: The Rise & Fall of Anvalor
10197,341583,EXIT: Das Spiel – Die Rückkehr in die verlassene Hütte
10198,2180,Flagship: Prometheus Unchained
10199,85857,Guns of August
10200,195456,SPY
10201,268183,Warhammer: The Game of Fantasy Battles (5th Edition)
10202,12269,Manassas
10203,188196,Ravenous River
10204,25196,Rummikub XP
10205,202652,DragonStone Mine!
10206,2875,Patton in Flames
10207,5822,"Brute Force: The War in the West, 1940-1945"
10208,220861,Riga
10209,251832,Space Cats Fight Fascism
10210,139,Hoax
10211,294175,Cheese Thief
10212,7475,Hand and Foot
10213,298173,Honey Moon
10214,8307,Killer
10215,303263,Pingyao: First Chinese Banks
10216,227254,Hafid's Grand Bazaar
10217,42617,Dune Express
10218,6770,Yom Kippur
10219,148494,"1,2,3! Now you see me..."
10220,262141,Dungeon Brawler
10221,160434,Robin
10222,2366,Quinto
10223,344258,That Time You Killed Me
10224,320881,Aurelian: Restorer of the World
10225,38499,22 Pommes
10226,6038,Shogun Triumphant
10228,114386,18PA
10229,285792,Jigūan: The Eastern Mechanist
10230,64735,Splut!
10231,5488,TaskForce: Naval Tactics and Operations in the 1980's
10232,53723,Der HeidelBÄR
10233,7993,Pole Position
10234,319402,Silencio
10235,227582,Cthulhu: Rise of the Cults
10236,3594,Star Wars: Battle for Endor
10237,10245,Bloody Omaha: D-Day 1944
10238,177142,Tornio '44
10239,7278,Against All Odds
10240,7377,Tri-Ba-Lance
10241,16674,Advanced Tobruk System Basic Game 1a: Screaming Eagles
10242,194387,DREIst!
10243,12054,Oosterbeek Perimeter
10244,177061,Tank on Tank: West Front
10245,237800,The Long Road
10246,3576,Operation Olympic: The Invasion of Japan 1 November 1945
10247,769,Star Trek Red Alert
10248,99120,The Walking Dead: The Board Game
10249,10102,"Ignorant Armies: The Iran-Iraq War, 1980-88"
10250,56604,Veto! Szlachecka Gra Karciana 2 edycja (2ed)
10251,1337,Kuba
10252,194777,"Rabbit Island: Explore, Build, Conquer!"
10253,303669,Magic Rabbit
10254,3670,Battlewagon
10255,5475,After the Holocaust: The Nuclear Devastation of America – Recovery and Reunification
10256,287326,Exceed: Shovel Knight – Shadow Box
10257,149618,Rock'n Rodeo: Der Festivalmanager
10258,2452,Jenga
10259,311191,Influentia
10260,158751,Guerra De Mitos III
10261,4141,Spy Web
10262,233969,Parley
10263,72340,A Bridge Too Far: Operation Market Garden
10264,234314,Dôjima
10265,1792,Star Viking
10267,137912,Top 5 Rummy
10268,4293,The Great Redoubt: A Game of the Battle of Borodino
10269,281020,Treasures of Cibola
10270,32907,Eylau 1807
10271,97655,Space Maze
10272,137498,Breaking the Chains: War in the South China Sea
10273,156443,AVGhost: Paranormal Investigation
10274,278304,Fief: France Edition
10275,273336,Wizard Kittens
10276,327913,Unlock!: Timeless Adventures – Arsène Lupin und der große weiße Diamant
10277,285789,Polyhedral Park Planner
10278,73363,When Lions Sailed
10279,41185,"Europa: Paris ist ja klar, aber wo liegt Córdoba?"
10280,118452,Die Tore der Welt: Das Kartenspiel
10281,33156,Magnet
10282,144416,Manno Monster
10283,25760,Zoff im Hühnerhof
10284,7538,Fish Eat Fish
10285,281206,Agatha Christie: Death on the Cards
10286,6405,Four Battles of the Ancient World
10287,39663,Song of Drums and Shakos
10288,18266,SeaSim
10289,252277,Sparkle*Kitty Nights
10290,314252,"Warhammer 40,000: Indomitus"
10291,238506,Magic: The Gathering – Duel Decks: Merfolk Vs. Goblins
10292,202204,Munchkin Collectible Card Game
10293,66809,Flying Lead
10294,210414,Magic: The Gathering – Duel Decks: Nissa vs. Ob Nixilis
10295,565,Port Royal
10296,11988,Australian Railways
10297,1815,Spanish Main
10298,103975,Ortus
10299,231644,Matterhorn
10300,4031,Jungle
10301,171489,Qwirkle Cards
10302,12126,18NL
10303,321641,Merchants of Magick: A Set a Watch Tale
10304,292901,Tharos
10305,254157,Last Days: Zombie Apocalypse
10306,5383,MechWar '77: Tactical Armored Combat in the 1970's
10307,139390,Perplexus Twist
10308,271759,Moon-Bots
10309,69316,IRONDIE
10310,215469,The Pyramid's Deadline
10311,4087,1812: The Campaign of Napoleon in Russia
10312,194388,Blacksmith Brothers
10313,309545,Lucky Little Luxembourg
10314,231812,"Warhammer 40,000: Heroes of Black Reach – Drop Zone Demo Kit"
10315,16972,"Alexandria, 1801"
10316,9238,War in the Ice: The Battle for the Seventh Continent
10317,172543,Chef Alfredo
10318,169925,Age of Craft
10319,105864,On the Cards
10320,26250,A las Barricadas!
10321,174252,Vampire Radar
10322,5182,The African Campaign
10323,1101,Flying Carpet
10324,264858,Moonshine Empire
10325,207653,"Warhammer 40,000: Kill Team"
10326,5923,Hell Hath No Fury
10327,224013,Mini Park
10328,292971,Ettin
10329,12957,Deadlands: The Great Rail Wars
10330,229540,Way of the Fighter: Turbo
10331,197071,Gambler × Gamble!
10332,268952,Crazy Tower
10333,20528,Palace
10334,192762,Gauner raus!
10335,1387,Alaska
10336,266102,2491 Planetship
10337,141734,String Safari
10338,232242,Wanted 7
10339,41019,Sherwood Forest
10340,118688,Sleepers
10341,13212,Deluxe G.E.V.
10342,29,Terrain Vague
10343,120547,War & Peace
10344,238957,18DO: Dortmund
10345,16105,Champions of the Galaxy
10346,252197,One Week Ultimate Werewolf
10347,4125,"The Punic Wars: Rome vs Carthage, 264-146 B.C."
10348,254639,Alakazum!: Witches and Traditions
10349,13978,"War in the East: The Russo-German Conflict, 1941-45"
10350,210292,Moonstone
10351,13647,Warlord
10352,4917,Great War at Sea: U.S. Navy Plan Black
10353,291563,50 Clues: The Home Temple
10354,31547,Kleine Helden
10355,193278,Yomi Starter Set: Grave versus Jaina
10356,200371,NecronomiCards
10357,18311,Battlefront: WWII
10358,291845,Three Sisters
10359,191901,Clonk!
10360,39290,Jacynth
10361,15990,Storm Over Scandinavia
10362,111866,Rise!
10363,7033,Kadesh:  Mobile Warfare in the Ancient Middle East
10364,233783,Dwarf
10365,35305,Kahmaté
10366,231476,Robotech: Attack on the SDF-1
10367,274230,Corsairs of Valeria
10368,140613,Gear & Piston
10369,24122,Greentown
10370,2546,Elixir
10371,35452,Lincoln's War
10372,647,Mystick Domination
10373,231878,Polite Society: The Jane Austen Board Game
10374,224288,Daring Dustbunnies
10375,31803,Wadi
10376,192345,Keskifé?
10377,134631,Crazy Lab
10378,148745,We Were Brothers
10380,204576,The Perfumer
10381,291855,Ecologies
10382,39067,"June '44: The Struggle for Normandy, 1944"
10383,176013,¡Abordaje!
10384,282530,Crash Test Bunnies
10385,685,Marrakesh
10386,162191,Schau mal!
10387,184477,C-Cross
10388,193700,Horizon Wars: Science-Fiction Combined-Arms Wargaming
10389,11030,Sherco's Grand Slam Baseball Game
10390,123370,Nox
10391,49394,Battleground Fantasy Warfare: Dwarves of Runegard
10392,27042,Veritas
10393,229708,Super Goal!
10394,113937,Phantom
10395,108080,Shadows Upon Lassadar
10396,244966,Futboard
10397,67339,Command at Sea: 4th Edition – War at Sea 1926-1955
10398,14036,Jok-R-ummy
10399,4671,INWO SubGenius
10400,92838,Pitch'n Dunk
10401,12538,Clocktowers
10402,253320,1834
10403,130008,La Loire
10404,337500,Funkoverse Strategy Game: Marvel 100
10405,269970,Quiztopia
10406,286861,Warhammer Age of Sigmar: Warcry – Core Book
10407,6721,Victory in Vietnam
10408,11284,1862
10409,284987,Lumeria: War of the Gods
10410,161109,Speakeasy
10411,286656,Mooncake Master
10412,233149,Pulp Detective
10413,141430,Geek Out!
10414,153757,Nika
10415,218610,Cannon Buster
10416,226506,Rambo: The Board Game
10417,245700,Party Bugs
10418,4328,Tony & Tino
10419,8707,"Jacob Marley, Esq."
10420,165633,Slap .45
10421,105265,Battle of LITS
10422,301009,Piece of Pie
10423,126550,Władca Areny
10424,34444,Misterio
10425,263051,Big Easy Busking
10426,387,Corruption
10427,265771,Dance Card!
10428,35306,Battlefields of Olympus
10429,702,Wabbit Wampage
10430,182194,AYA
10431,264242,Bloxx!
10432,23258,Expedition Altiplano
10433,38437,Curli Kuller
10434,17073,Watten
10435,40455,Skirmish Wars: Advance Tactics
10436,177844,Sector 6
10437,153839,Burgenland
10438,88006,Patton's First Victory: Tunisia
10439,73655,Expedition Sumatra
10440,338957,Caesar!: Seize Rome in 20 Minutes!
10441,1218,Junior Labyrinth
10442,173784,Five Seals of Magic
10443,312626,The Vote: Suffrage and Suppression in America
10444,425,Thunder's Edge
10445,271774,Sherlock Express
10446,13645,O'Connor's Offensive
10447,19161,ElfBall
10448,337929,Disney Gargoyles: Awakening
10449,267243,The Conquistadors: The Spanish Conquest of the Americas 1518-1548
10450,269205,Overload
10451,254683,Dodos Riding Dinos
10452,207486,Infinities: Defiance of Fate
10453,754,Domain
10454,95364,Cubulus
10455,7253,A Raging Storm
10456,201812,Mageling
10457,301242,Skyjo Action
10458,202617,18CLE
10459,244716,Machi Koro: Fussball
10460,11997,*Star
10461,57368,The King Commands
10462,1161,Perquackey
10463,194234,Adventure Time Card Wars: Fionna vs Cake
10464,184800,Deus Ex Machina
10465,174688,Radiant
10466,6847,South Mountain
10467,330602,Inspektor Nase
10468,50862,Caligula
10469,234378,Unfinished Case of Holmes
10470,299159,Vidrado
10471,32143,Kazaam
10472,324670,Rocky Mountain Man
10473,292339,La Casa de Papel Escape Game
10474,98261,The Lord of the Rings: The Two Towers
10475,9577,"Across Suez: The Battle of the Chinese Farm October 15, 1973"
10476,142988,Hunters of Arcfall
10477,189628,Tesseract
10478,57037,Kingpin
10479,266129,Timeline: Science Museum
10480,7749,Serbia the Defiant / Romania: Transylvanian Gambit
10481,207796,Ahead in the Clouds
10482,302965,Akros
10483,2554,Auf Fotosafari in Ombagassa
10484,29848,Battle for Baghdad
10485,168265,oddball Aeronauts 2: Double the Trouble
10486,324320,Ambiente Abissal
10487,147920,Das Labyrinth des Pharao
10488,339263,Summoner Wars (Second Edition): Starter Set
10489,335271,Camel Up: Off Season
10490,230570,Stellar Leap
10491,309600,Archers of Nand
10492,6476,"Yalu: The Chinese Counteroffensive in Korea, November 1950 to May 1951"
10493,230040,A Pragmatic War: The War of the Austrian Succession 1741 – 1748
10494,169926,To the Strongest!
10495,201307,Menu Masters
10496,218824,Game of Quotes: Verrückte Zitate
10497,5818,Waving Hands
10498,88316,Autokrator
10500,206068,Xenofera
10501,297531,Watch
10502,27613,Code Cracker
10503,16415,Monstertorte
10504,7779,Heart of Oak: Naval Miniatures Rules for the Age of Fighting Sail
10505,13553,Warzone: Universe Under Siege
10506,9086,"Eylau: Napoleon's Winter Battle, 1807"
10508,128927,Shinobi: War of Clans
10509,3794,Legend of Zagor
10510,26305,General Quarters (Third Edition)
10511,290872,Monty's Gamble: Market Garden (Second Edition)
10512,428,Galopp Royal
10513,164059,Saga: The Crescent and The Cross
10514,7228,Victory at Waterloo
10515,68947,Arvuutin
10516,182259,Creepy Falls
10517,135732,Beyond the Gates of Antares
10518,245223,1883: Building Railroads in Northern Italy
10519,54541,Warzoo
10520,11542,Eclipse
10521,298171,Thread Count
10522,297666,Jurassic Brunch
10523,205439,Flink
10524,8986,Junkyard Races
10525,11730,Diam
10526,137173,Cairo Corridor
10527,200959,1813: Napoleon's Nemesis
10528,254415,Legends of Novus
10529,235697,27
10530,47125,El Erudito
10531,8671,Terra
10532,163482,15 Dias: The Spanish Golden Age
10533,170390,España 20: Volume 1
10534,131416,C.O.A.L.: Combat-Oriented Armored League
10535,645,Bosworth
10536,24803,Speed
10537,264948,LANDER
10538,181244,Amphipolis
10539,216282,Critters Below
10540,67084,The War: Europe 1939-1945
10541,36616,Qyshinsu: Mystery of the Way
10542,16369,Das Kleine Gespenst
10543,157528,The Dauphin and the Sword
10544,3241,Jack The Ripper
10545,33048,"Warhammer 40,000: Apocalypse"
10546,285,Monsters Ravage America
10547,315291,Everything Lost
10548,228526,Rey Paparajote
10549,8508,Dork Tower
10550,145766,Gamedec
10551,130600,Star Wars Labyrinth
10552,130907,Jungle Brunch
10553,239847,HeroTec
10554,204314,D6 Dungeon
10555,148282,Black Hat
10556,3138,Cairo
10557,224108,Magus: Aura Mortis
10558,20774,The Battle of the Little Bighorn
10559,49397,Battleground Fantasy Warfare: Men of Hawkshold
10560,17623,Inferno
10561,39020,Professor Pünschge
10562,242616,Layers
10563,55842,Namibia
10564,151684,Desert Island
10565,247034,Rice Dice
10566,36366,Inside Pitch Baseball
10567,254195,Trivial Pursuit: World of Harry Potter – Ultimate Edition
10568,13328,Chromino
10569,233070,Aikamatka: Suomi
10570,10310,Warfare in the Age of Reason
10571,139807,Rifugio
10572,51250,Gauss
10573,152174,Pressure Cooker
10574,27813,Saikoro
10575,201551,Fantasy Battles: The 9th Age
10576,297864,Экивоки
10577,8537,Destroyer Captain
10578,243940,The Great Heathen Army
10579,234946,Liberatores: The Conspiracy to Liberate Rome
10580,176936,Halo: Fleet Battles – The Fall of Reach
10581,163601,Drizzit: il gioco di carte
10582,85340,Adlung Land
10583,298370,Duffers
10584,107372,Les Rois Francs
10585,4970,Decision in France
10586,290611,Where am I ? Alice in a Mad Tea party
10587,146387,This Is Not a Test: Post-Apocalyptic Skirmish Rules
10588,113301,Clocks
10589,217197,Lucky Forward: Patton's Third Army in Lorraine
10590,217404,Pungi
10591,174959,The First Jihad: The Rise of Islam 632-750
10592,170568,Krosmaster: Arena – Duel Pack 2
10593,84783,Coerceo
10594,259962,Stress Botics
10595,254759,Corruptia
10596,315670,Animal Upon Animal: Dinos
10597,206464,The Grunwald Swords
10598,274152,IT: Evil Below
10599,26999,China: The Middle Kingdom
10600,131060,Ready to Rock!
10601,4084,The Alamo
10603,277475,The Blessed Dark
10604,10916,Spearhead
10605,2080,Central America
10606,192355,Rory's Story Cubes: Powers
10607,16110,Il Cucco
10608,172012,"7 Symbols, and 7 Nations"
10609,11412,Wallamoppi
10610,326269,Die Händler vom Taubertal
10611,107463,Help Me!
10612,2480,Tribes
10613,18867,Canoe
10614,283935,Lost Cities: Auf Schatzsuche
10615,38187,Phase 10 Twist
10616,315,Bagh Chal
10617,284430,Dirty Fridge
10618,17041,La Bataille d'Austerlitz
10619,24118,Pictionary Mania
10620,705,Caesar in Gallia: Conquest on the Ancient Frontier
10621,85243,Loch Ness
10622,12263,Spycraft: Collectible Card Game
10623,341008,Unlock!: Heroic Adventures – Sherlock Holmes: Der scharlachrote Faden
10624,245090,Black Jacky
10625,158752,Guerra de Mitos IV
10626,14781,Drôles de Zèbres
10627,75644,Check Your 6! Jet Age
10628,256940,Krosmaster: Blast
10629,36789,Anno Domini: Showbizz
10630,96626,Assault on Icecrown Citadel
10631,273519,With It Or On It
10632,137789,Office 21
10633,109657,Ocean Limbo
10634,3826,Unlur
10635,41032,Galaxy's Edge
10636,1924,Maloney's Inheritance
10637,168653,Wilderness Empires
10638,140743,Catan Junior Madagascar
10639,143131,Constructo
10640,227505,Portals and Prophets
10641,11973,Können Schweine fliegen?
10642,1974,Das GROSSE und das kleine A
10643,244502,Barbarian Vince
10644,256569,Castle Rampage
10645,100795,Micro Monsters
10646,18127,Castle Merchants
10647,62343,Cornucopia
10648,315219,Black It Out
10649,218491,Gorizia 1916: La sesta battaglia dell'Isonzo
10650,192324,Rory's Story Cubes: Medieval
10651,30023,Ligny: Incomplete Victory
10652,234511,My First Stone Age: The Card Game
10653,6750,Diceland: Ogre
10654,94822,Ouro de Tolo
10655,189890,Scrimish Card Game
10656,2405,Bezique
10657,140693,Fox & Chicken
10658,257307,Orbital
10659,272889,Pictionary Air
10660,17132,1800: Colorado
10661,24209,Kaleidos Junior
10662,190577,Get Adler! Deduction Card Game
10663,211146,Four Suspects
10664,178030,Overlords of Infamy
10665,1940,Sindbad
10666,8351,"Clash of Titans: The Tank Battle for Kursk, 1943"
10667,38755,College Basketball Dynasty
10668,8362,Strategy I: Strategic Warfare 350BC to 1984
10669,257722,Taiwan Formosa
10670,122831,Expedite
10671,204201,Windup War
10672,268962,Encantados (Second Edition)
10673,11514,"Musket & Pike: Tactical Combat, 1550-1680"
10674,8509,"Viking: Tactical Warfare in the Dark Ages, 700-1300"
10675,4500,Like Lions They Fought
10676,259551,Magic Fold
10677,239938,Kintsugi
10678,243599,Black Hole Council
10679,271270,12 Patrols
10680,161849,Land 6
10681,41585,FlipOut
10682,291008,Fou Fou Fou !
10683,5835,Command Decision
10684,3147,Mandarin
10685,325681,Sherlock: Asesinato en el Sind Mail
10686,6993,Spinner Dominoes
10687,341256,Murano: Light Masters
10688,1305,Ulysses
10689,103783,Frigiti
10690,297569,Spicy Dice
10691,33541,Friedland 1807
10693,342210,echoes: The Cocktail
10694,150049,Risk: Mass Effect Galaxy at War Edition
10695,32820,Strut!
10696,270513,Dekalko
10697,307191,Four against the Great Old Ones
10698,68227,Fabula
10699,107917,A Call to Arms: Star Fleet
10700,4964,Close Assault: A Man-to-Man Game of Squad Tactics and Command – Europe 1939-1945
10701,89880,War Stories: Red Storm
10702,195179,Shiba Inu House
10703,206938,Kullerhexe
10704,286447,Ultra Tiny Epic Kingdoms
10705,333144,Stronghold: Undead (Second Edition)
10706,9161,Highlander: The Card Game
10707,143674,Give Me Five
10708,4842,Monster Derby
10709,10246,Darkest December: Battle of the Bulge 1944
10710,289939,Goblin Teeth
10711,285125,Ni no Kuni II: The Board Game
10712,291431,Share it!
10713,246147,Darkness
10714,21685,Rok 1920
10715,22399,MixUp
10716,7623,BrikWars
10717,35654,Savage Worlds Showdown: Miniatures Rules for All Genres
10718,263996,Melee & Wizard
10719,235328,STEM: Epic Heroes
10720,37683,Hogwarts: House Cup Challenge
10721,217890,Doggy Bag
10722,199913,Honeycombs
10723,3727,Carla Cat
10724,31053,Pirates of the Caribbean PocketModel Game
10725,38266,Kriegbot
10726,8736,Kasserine Pass
10727,6470,Hetzer Sniper!: Sniper Companion Game #1
10728,325678,Sherlock: Ensayos Fabianos
10729,38830,Destruction of Army Group Center (Second Edition)
10730,154742,Video Game High School
10731,32466,Kogworks
10732,14387,Duel for Kharkov
10733,24525,Attangle
10734,37592,Epées et Hallebardes 1315-1476
10735,31605,Drive on Kursk:  July 1943
10736,7487,Flutter
10737,163319,"Gallipoli, 1915: Churchill's Greatest Gamble"
10738,67631,Scrabble Flash
10739,127648,Black Stories: Sex and Crime Edition
10740,1699,Star Smuggler
10741,184462,Alchemidus
10742,254427,Incubation
10743,8402,The Great Pacific War: The Second World War in the Pacific
10744,232822,Stratego
10745,102940,Trophy Buck
10746,86542,Taiga
10747,26132,Midgard: Das Brettspiel
10748,160592,Oklahoma Boomers
10749,145915,Battleborn Legacy
10750,13779,Suleiman the Magnificent
10751,264970,Scotland Yard: The Dice Game
10752,1986,Spy Alley
10753,89575,Zip-It
10754,256769,Forwarder of Xanadu
10755,1013,Energie Poker
10756,3625,DeathMaze
10757,91438,Right Fierce & Terrible: Sluys 1340
10758,2947,Broker
10759,18776,The Mediterranean
10760,8354,Velikye Luki
10761,170043,7: The Defense of Lwów
10762,149296,Risk: The Dalek Invasion of Earth
10763,281516,Gelato Mio
10764,72242,Bridgetown Races
10765,5929,Clash of Empires: The Battle for France 1914
10766,6,Mare Mediterraneum
10767,5389,Niki Lauda's Formel 1
10768,220707,Pile-Up Rush
10769,17239,Gutshot
10770,267945,Mr. Face
10771,226789,Guam: Return to Glory
10772,204802,El Soneto
10773,16325,Strike Them a Blow: 1864 North Anna River
10774,261490,Ringo
10775,38562,Song of Arthur and Merlin
10776,20000,Anno Domini: Gesundheit und Ernährung
10777,126340,Baldrick's Tomb
10778,131933,KerFlip!
10779,1288,Jitters
10780,276431,20 Second Showdown
10781,175627,Mangaka: The Fast & Furious Game of Drawing Comics
10782,2510,Playboss
10783,10889,Akron
10784,1381,Pokémon Master Trainer
10785,232437,Schollen Rollen
10786,172493,Tannenberg: The Introductory Game
10787,11699,Red Steel: Clash Of Armor At Kishinev
10788,6374,Napoleon at the Berezina
10789,3404,The Legend of Landlock
10790,104376,Bonbons
10791,22758,Great War at Sea: U.S. Navy Plan Gold
10792,40385,The Bulge
10793,173462,Dreary Hamlet
10794,203029,Sports Dice: Baseball
10795,181906,Bam!: Extrahart
10796,92188,Dragon Face
10797,212687,Cauldron Master
10798,8944,Triple Yahtzee
10799,177482,HOPE
10800,177698,Karnivore Koala
10801,34255,Deukalion
10802,74987,Got It!
10803,94493,Zaibatsu
10804,5900,Aliens Predator
10805,12139,The Three Days Of Gettysburg
10806,18310,Dragon Noir 2: L'Epreuve
10807,35311,Sixis
10808,273164,Potemkin Empire
10809,23378,Cold War Battles: Budapest '56 & Angola '87
10810,8258,"Solomons Campaign: Air, Land, and Sea Warfare, Pacific 1942"
10811,20441,Battleground World War II
10812,148074,Masquerade
10813,200500,Thin Ice: Survival has never been so much fun
10814,40773,"Bürger, Baumeister & Co."
10815,282055,Ambrosia
10816,8036,"Legion: Tactical Warfare in the Roman Age, 100BC-700AD"
10817,169743,Moons
10818,326983,Nuevos Mundos
10819,248830,Guardians of Xobos
10820,287189,The King of All Bards
10821,3459,Major Battles and Campaigns of General George S. Patton
10822,40005,Karawane
10823,251026,Night Drop 2: Pegasus Bridge
10824,19418,Kings Progress
10825,5637,APBA Pro Football
10826,103039,Beyond Waterloo
10827,1594,Federation Space
10828,16957,The von Reisswitz Kriegsspiel: The Prussian Army Wargame
10829,18699,EinStein würfelt nicht!
10830,11756,Objective: Schmidt
10831,245384,Spring Rally
10832,266968,Struggle for Europe 1939 - 1945
10833,5864,The Flight of the Goeben: World War I Naval Operations in the Mediterranean
10834,171978,The Dwarves: The Duel
10835,260704,TonTon
10836,5694,Highly Suspect
10837,74678,West Riding Revisited
10838,4276,Across the Potomac
10839,276416,Tattoo Stories
10840,28738,Kamon
10841,262262,The Stars Align
10842,246310,Page Quest SEASON 1: Mythical Artifacts
10843,57691,800 Heroes: Defense of Sihang Warehouse
10844,314397,In the Palm of Your Hand
10845,11646,Piquet
10846,25618,Lords of the Spanish Main
10847,222798,Pencil Park
10848,244166,Sherlock Holmes & Moriarty: Associates
10849,321757,Monza 20th Anniversary
10850,199611,Shiftago
10851,18205,Grand Armee: Great Battles of the Napoleonic Wars Miniature Wargame Rules System
10852,270140,Go Gecko Go!
10853,313349,Indus 2500 BCE
10854,163983,Squirrel or Die
10855,185456,Lee's Invincibles: Gettysburg Campaign of 1863
10856,42660,1886
10857,73361,Partizan!
10858,101930,Carnival
10859,16793,Second World War at Sea: Leyte Gulf
10860,218465,Contrast
10861,209716,Edgar & Lucien
10862,27624,Pictionary: 15th Anniversary
10863,326985,Stargard Solstice
10864,40843,Krysis
10865,245456,Attack of the 50 Foot Colossi!
10866,325679,Sherlock: La copia
10867,148047,Boom: Runaway
10868,3513,Electronic Stratego
10869,22406,Twilight of the Ottomans: World War I in the Middle East
10870,487,Power
10871,121995,Blurble
10872,209741,Avignon: Pilgrimage
10873,161682,Le Temps des As
10874,309003,The Detective Society
10875,218996,Pixel Glory: Light & Shadow
10876,198005,Revanche
10877,5155,Dorada
10878,255712,Cave Paintings
10879,156722,Reglamentacja: Gra na Kartki
10880,1150,Lionheart
10881,340237,Wonder Book
10882,6215,StarSoldier: Tactical Warfare in the 25th Century
10883,279581,Empire of the Stars
10884,94746,Coffee
10885,1907,International Movie Maker
10886,182593,Deterrence 2X62
10887,23733,Great War at Sea / Second World War at Sea: Cone of Fire
10888,287038,Traffic Jam
10889,4802,Holy Roman Empire
10890,253763,Expedition Luxor
10891,42881,Trenches of Valor
10892,286064,Frankenstein
10893,182681,Mini Cywilizacja
10894,244026,La Guerra di Gradisca 1615-1617
10895,253766,Atlantis: Island of Gods
10896,2706,Attack of the Mutants!
10897,87428,Wagram 1809
10898,271756,Dice Academy
10899,26855,5150
10900,120509,Olympic & Coronet
10901,3973,Footmania
10902,247135,The Villagers
10903,232210,The Pirate's Flag
10904,81297,Régents
10905,295254,The Toledo War
10906,37491,Modern Land Battles: Target Acquired
10907,10564,Mississippi Fortress
10908,226264,Ponkotsu Factory (ぽんこつファクトリー)
10909,40823,MedWar Sicily
10910,36612,Great War at Sea: Pacific Crossroads
10911,7058,Nicaragua!
10912,158093,Frankenstein's Bodies
10913,7447,Replay Basketball
10914,2215,They've Invaded Pleasantville
10915,236881,Holmes and Moriarty
10916,300882,Star Clicker
10917,249730,Fast Shot
10918,244584,Kartel
10919,154006,Time's Up! Family 2
10920,158891,Krynea Battlefield
10921,5467,Clue: The Haunted Mansion
10922,1598,Olympica
10923,56943,Seidenstraße
10924,5146,CrossCribb
10925,10230,Santa Maria Infante: On the Road to Rome 1944
10926,246568,Z War One: Exodus
10927,41311,Black Stories 4
10928,248737,Pacific Rim: Extinction
10929,305865,Dice Command
10930,191288,Brain Freeze
10931,296419,Sherlock Holmes: Baker Street Irregulars
10932,9143,War in Europe (Second Edition)
10933,1575,Gettysburg
10934,308566,Nova Lux
10935,175327,Wrathborne Champions
10936,130042,In Country: Vietnam 1965-1975
10937,3219,Demonworld
10938,306182,Bandada
10939,341779,Kim-Joy's Magic Bakery
10940,125061,Super Tooth
10941,301576,Breakdancing Meeples
10942,228550,Blueshift
10943,197944,Crabs!
10944,6862,Laska
10945,154931,Pepper & Carrot: The Potion Contest
10946,80044,Fury in the East
10947,11957,InterSpace
10948,7934,Imperial Governor & Strategos
10949,27480,Command Decision: Test of Battle
10950,13928,Chinagold
10951,248673,Dobbers: Quest for the Key
10952,40446,Indian Chief
10953,161885,Rail USA
10954,314461,The Deadly Woods: The Battle of the Bulge
10955,7243,8th Army
10956,160396,Arcadia
10957,6909,Fief
10958,169555,Emergents: Genesis – The Deckbuilding Game
10959,174552,Adventure Time Card Wars: Lemongrab vs. Gunter
10960,10096,Splotch!
10961,203265,Cortex Challenge KIDS
10962,243581,Mephisto: The Card Game
10963,3359,Anagrams
10964,294813,The Drifter
10965,192623,Emergence: A Game of Teamwork and Deception
10966,38886,Boot Hill
10967,227527,Take The Galaxy
10968,89912,Jasper and Zot
10969,257313,Aliens: Hadley's Hope
10970,104063,Let's Take a Hike
10972,224986,Mascotas
10973,12067,Little Wars
10974,294463,Trench Club
10975,126313,Sovereign Chess
10976,8626,Assyrian Wars
10977,247643,Doodle Islands
10978,205790,Doodle China
10979,331952,Unlock!: Timeless Adventures – Die Noside-Show
10980,8049,Chronopia: War in the Eternal Realm
10981,8352,Turning the Tables
10982,146762,Rampaging Jotunn
10983,20379,Statis Pro Baseball Great Teams
10984,198328,Clue: Game of Thrones
10985,8037,Patrol!: Man-to-Man Combat in the 20th Century
10986,217012,Alchemical Crystal Quest (Second Edition)
10987,8818,Gopher It!
10988,167552,Build Up
10989,256620,5 COLORS
10990,155203,Nobody is Perfect: 20th Anniversary Edition
10991,940,Karawane
10992,47484,Strange Aeons
10993,16456,Canope 1801
10994,114139,1761: From Canal to Rail
10995,1396,Ben Hur
10996,175634,Get The Cheese!
10997,326727,Card Rails
10998,176466,Fan & Mallet (団扇と小槌)
10999,242742,Keys to the Castle
11000,12181,Football Fever
11001,136910,Roll & Play
11002,11964,Bloody Ridge
11003,8742,1815: The Waterloo Campaign
11004,37444,The Big Time!
11005,225235,First Snow
11006,153802,Zombies!!! 13: DEFCON Z
11007,144460,Cycling Party
11008,18687,"Las Navas de Tolosa, 1212"
11009,183405,Ember: The Magical Card Game
11010,177566,Parkies
11011,2240,Mad Magazine Card Game
11012,289427,Stampede
11014,23818,1847: Pfalz
11015,23954,Pictionary: Party Edition
11016,230548,El Ministerio del Tiempo
11017,340288,Kids Chronicles: Quest for the Moon Stones
11018,173374,Neuschwabenland
11019,193792,Arcole 1796
11020,127721,Airborne In Your Pocket
11021,10890,Behind
11022,8651,Pi mal Daumen
11023,337269,Terra Futura
11024,73253,Chalons: The Fate of Europe
11025,12900,"War In The East: The Russo-German Conflict, 1941-45 (Second Edition)"
11026,260592,Processing: A Game of Serving Humanity
11027,81698,Total Rumble
11028,22901,Schnapp
11029,283216,Chicken Heist
11030,344415,Trek 12: Amazonia
11031,10300,Group of Soviet Forces Germany
11032,11632,Gute Nachbarn
11033,27945,Storm Over Taierzhuang
11034,36911,"Barbarossa: The Russo-German War, 1941-45"
11035,244076,Cosmos
11036,252323,The Incredibles: Save the Day Game
11037,342492,A game about WEE WHIMSICAL CREATURES and trying to identify them after someone makes noises.
11038,101463,Paletto
11039,234972,Polis
11040,14685,Angus: Batalhas Medievais
11041,12451,Pro Action Football
11042,142417,Fuentes de Oñoro 20
11043,25190,Pink Godzilla Dev Kit
11044,302417,Mia London and the Case of the 625 Scoundrels
11045,25617,Korona
11046,163481,Takamatsu
11047,67251,Terminator Salvation
11048,504,Die Verbotene Stadt
11049,286790,Studies in Sorcery
11050,233085,Coup Deluxe:  Mobile Edition
11051,8160,Illuminati: Crime Lords
11052,308500,Clash of Deck
11053,337117,RATS: High Tea at Sea
11054,304679,Ctrl
11055,20432,Starfire (3rd Edition)
11056,10551,Pyramidos
11057,244586,Sellswords and Spellslingers
11058,7640,The Fall of Tobruk
11059,168250,Battle for Sularia
11060,55250,El Bazar
11061,141249,Battle Scenes
11062,296514,Robots
11063,262806,FILLIT
11064,231032,Perfect Hotel
11065,64583,SWAT!
11066,1530,Dark Age: Feudal Lords
11067,33984,Code Omega
11068,3843,Tomb Raider Collectible Card Game
11069,148557,"Par le feu, le fer et la Foi"
11070,10971,Board and Table Games from Many Civilizations
11071,7941,NATO: Operational Combat in Europe in the 1970's
11072,147681,Black Stories: Shit Happens Edition
11073,209773,100 Swords: The Gold King's Dungeon
11074,259710,Arcane Alley
11075,220843,Overworld
11076,195477,Madness At Midnight
11077,255291,Bilder
11078,172325,Epoch: Early Inventors
11079,35665,Eye Know
11080,60280,Dresden 20
11081,21072,Santoska
11082,990,90 Grad
11083,206,Pepper
11084,127650,Naval War of 1812
11085,93733,Volle Scholle
11086,186695,The Terrifying Girl Disorder
11087,1590,Stocks & Bonds
11088,295020,"Detective Stories: Demo ""Gattardo"""
11089,135194,The Grand Campaign
11090,263301,Imperium Romanum
11091,197633,"Agricola: Roman Campaign in Britain, AD 82-84"
11092,297702,Fury at Midway
11093,241478,Kiwara
11094,38772,Mage Knight Conquest
11095,12211,Ancients II
11096,39699,Einfach Genial: Das Kartenspiel
11097,13584,Clan War
11098,193122,Stir Fry Eighteen
11099,3100,Backpacks and Blisters
11100,263421,Enigma: Beyond Code
11101,42641,Slouch Hats and Eggshells: The Allied Invasion of Syria & Lebanon – 1941
11102,226643,Christmas Lights: A Card Game
11103,220276,Guildes
11104,16271,No Trumpets No Drums: The Vietnam War 1965-1975
11105,65061,Sa Battalla
11106,175496,Cauldron Quest
11107,22182,Stonne Heights
11108,38836,"""Tarleton's Quarter!"""
11109,92046,Princes of the Dragon Throne
11110,219783,MourneQuest
11111,223322,Clash of Steel: A Tactical Card Game of Medieval Duels
11112,224992,ボブジテン (Bob Jiten)
11113,189427,Iron Bottom Sound III
11114,282910,Cosmic Run: Express
11115,16030,Volley & Bayonet
11116,3035,The Last Days of the Grande Armee: The Four Days of Waterloo
11117,41611,Advanced Pacific Theater of Operations
11118,327295,18CO: Rock & Stock
11119,277629,Pact
11120,238972,Cogs and Commissars
11121,20120,Comrade Koba
11122,168082,Intendentes
11123,162012,GembloQ
11124,143701,Romance of the Nine Empires
11125,148730,Copa
11126,9473,Adam & Eva
11127,151224,Veletas
11128,307033,Space Marine Adventures: Rise of the Orks
11129,20952,UNO Junior
11130,5993,The Tigers Are Burning
11131,235252,GoTown
11132,157815,Heat
11133,213491,The Legend of the Wendigo
11134,194102,DeathBot Derby
11135,49391,Battleground Fantasy Warfare: High Elves
11136,26840,Von 0 auf 100
11137,138016,WordARound
11139,208023,Justice League: Dawn of Heroes
11140,337262,Fangs
11141,8577,Home Before the Leaves Fall: The Marne Campaign 1914
11142,225908,Light Hunters: Battalion of Darkness
11143,199882,Risk: Star Trek 50th Anniversary Edition
11144,742,Germania
11145,30684,Johnny Reb
11146,246571,Pichenotte Hockey
11147,138973,Camelot: The Build
11148,8643,Brawling Battleships
11149,67421,ASG Golf
11150,130556,Shark Attacks!
11151,335,Breakthru
11152,13341,"Empyrean, Inc."
11153,5481,Vive l'Empereur
11154,51197,Hippos & Crocodiles
11155,3603,The Normandy Campaign
11156,2559,Blockade
11157,157135,Destination: Neptune
11158,17482,Amirauté
11159,267986,We Need to Talk
11160,260937,Welcome To... Mini
11161,226115,"Bloody Dawns: The Iran-Iraq War, 1980-1988"
11162,298607,Crime Story: Vienna
11163,51429,L'Art de la Guerre
11164,17996,Anno Domini: Seefahrer & Flieger
11166,228373,1868
11167,300944,Gates of Mara
11168,20445,Quest for the DragonLords (Second Edition)
11169,304434,Victim: The Cursed Forest
11170,20081,Dschamál
11171,281619,Time Palatrix
11172,176850,Human Interface: Nakamura Tower
11173,160560,Leagues of Adventure: Rocket Race
11174,10268,Soldier's Companion
11175,187383,Bigfoot vs. Yeti
11176,246508,Dȗhr: The Lesser Houses
11177,4332,Dibs
11178,19904,4th Street Pro Football
11179,6638,Fight in the Skies
11180,12369,APBA Professional Golf
11181,13667,WarGods of Ægyptus
11182,133842,Four
11183,42195,Labyrinth: The Duel
11184,3925,Elefant Hunt
11185,181955,Sarkophag
11186,38975,Mutton
11187,270685,Capone: The Business of Prohibition
11188,24923,Margo
11189,222291,Ivion
11190,31454,Stratego Fortress
11191,260733,The Final Flicktier
11192,263222,Shards of the Jaguar
11193,43096,WYPS
11194,235494,Dino Dunk
11195,224478,Dome Crushers
11196,325382,Family Inc.
11197,260348,Gobi
11198,239883,Bear Went Over the Mountain
11199,18704,Piquet: Master Rules for Wargaming
11200,8410,Star Wars: Silent Death Starfighter Combat Game
11201,197321,Cult Following
11202,251153,Alpenzian
11203,227794,A Place in the Sun
11204,257960,Götterdämmerung
11205,32465,Didi Dotter
11206,74312,"The Rhineland War, 1936-37"
11207,184712,Green: The Golf Card Game
11208,8196,AeroTech: The BattleTech Game of Fighter Combat
11209,139236,California Gold
11211,4294,The Thin Red Line: A Game of the Battle of Waterloo
11212,255255,Somnium: Rise of Laputa
11213,118953,Olympicards
11214,3270,Lamarckian Poker
11215,288933,Zestrea
11216,228603,Dragon Island
11217,75587,1858: The Railways of Iberia
11218,274127,MonstroCity
11219,40766,Vera Discordia
11220,133620,Yay!
11221,2153,Grav Armor
11222,200646,Bubble Tea
11223,573,Grand Prix
11224,235653,Robotech: Force of Arms
11225,71569,Kuni Tori!
11226,67038,Charly
11227,284785,Sherlock Junior: Suriguri
11228,161726,Sword & Spear: Wargames Rules for Ancient and Medieval Battles
11229,7966,Nomad Gods
11230,344338,Cuphead: Fast Rolling Dice Game
11231,2350,Eureka
11232,241761,Timeline: Histoire de France
11233,84922,21 Motines
11234,11821,Jotto
11235,272666,Psychic Pizza Deliverers Go to the Ghost Town
11236,264318,Monsieur Carrousel
11237,6009,Soldiers of the Queen: Battles at Isandhlwana and Omdurman
11238,252314,Nyctophobia: Vampire Encounter
11239,153479,Leg los!
11240,161126,Dust Tactics
11241,183401,Sleepy Castle
11242,15678,Hoyle's Games
11243,148356,Altar of Freedom: Grand Tactical Battles in the American Civil War
11244,104780,Hoppe Reiter
11245,97433,Les victoires du Maréchal de Saxe: Fontenoy 1745 – Lauffeld 1747
11246,1943,This Game is Bonkers!
11247,248332,Supply Lines of the American Revolution: The Southern Strategy
11248,8109,The Battle of Lobositz
11249,10301,"The Battle of Nations: The Encirclement at Leipzig, 16-19 October 1813"
11250,161600,Panzer Vor!
11251,33875,Alkemy
11252,127589,Slavika
11253,285127,24h
11254,66643,Uncle Chestnut's Table Gype
11255,247526,The Snitch
11256,267506,Gloom of Thrones
11257,4327,War & Sheep
11258,15275,Prelude to Disaster: The Soviet Spring Offensive
11259,186624,Pacal's Rocket
11260,206202,Zaubertrank der vier Elemente
11261,21798,HysteriCoach
11262,264566,Card Capture
11263,254923,That's Not Lemonade
11264,75529,Bhazum
11265,325409,Fantasy Fluxx
11266,49050,Battleground Fantasy Warfare: Monsters & Mercenaries
11267,302269,Godtear: The Borderlands Starter Set
11268,244162,Mystery
11269,344408,Full Throttle!
11270,14553,Times
11271,102151,Colorado Midland
11272,1651,Vertigo
11273,8079,MLB SportsClix
11274,341931,K3
11275,187488,Dark Mages
11276,235467,"Boom, Bang, Gold"
11277,137811,Galactic Strike Force
11278,133862,Moongha Invaders Two Player
11279,222401,Campus Café
11280,245060,Outfoxed!
11281,22721,Combo King
11282,308529,Puns of Anarchy
11283,262554,"Warhammer 40,000: Speed Freeks"
11284,6826,The Campaigns of Robert E. Lee
11285,120886,Quicksilver
11286,340455,King of the Valley
11287,261985,Combo Fighter: VS pack 3
11288,11889,End of the Iron Dream
11289,7579,Veld Railroads
11290,261160,The Fulda Gap: The Battle for the Center
11291,284600,Alice in Wordland
11292,2235,Ido
11293,5483,"Kursk: History's Greatest Tank Battle, July 1943"
11294,25841,Le Grand Empire
11295,18246,Island Of D
11296,12040,Omega Chess
11297,430,Asterix: Das Kartenspiel
11298,311330,P for Pizza
11299,206802,Spaghetti
11300,14082,Haslach 1805 / Elchingen 1805
11301,22808,Vroeger of Later
11302,248927,Magic: The Gathering – Duel Decks: Elves vs. Inventors
11303,256831,Life Siphon
11304,41149,Linkage
11305,177921,Death Wish
11306,323206,Uk'otoa
11307,11110,A Famous Victory
11308,256911,Reconquista
11309,16455,Montebello 1800
11310,218,High-Bid
11311,244428,Highlander: The Board Game
11312,325829,Let's Summon Demons
11313,2922,Chairs
11314,211962,Forest of Tataraba
11315,324467,Hey Yo
11316,214213,Light & Dark
11317,890,Real Action Stockcar Championship
11318,217977,Colour Chess + Lure
11319,179918,The Producer: 1940-1944
11320,112995,Leipzig 20
11321,292684,Mindburners
11322,235513,¡MÍA!
11323,207378,Animal Mind
11324,260922,Deblockle
11326,38355,Scene It? Star Trek
11327,233364,Cultistorm
11328,165812,Nightmare Forest: Dead Run
11329,22673,Seismic
11330,209095,Uno: Super Mario
11331,308386,LANTERN
11332,31516,Phenomena
11333,250963,The Island of Doctor Lucky
11334,130304,Dux Britanniarum: Wargame Rules for Dark Age Warfare in the Age of Arthur
11335,207290,Mission Impractical
11336,271045,Farm Rescue
11337,41604,Chain Reaction 3.0
11338,3034,Cluedo Super Sleuth
11339,235254,Finn Billiards
11340,333373,Tacocat Spelled Backwards
11341,45020,Agricola Express
11342,25253,Battlefield Evolution: Ultra-Modern Tabletop Combat
11343,80484,APBA Golf Game
11344,205877,Bolt Action: Band of Brothers
11345,4120,King's Court
11346,2285,Dark Future
11347,218453,Pablo
11348,5464,Calypso
11349,18472,The Complete Wargames Handbook
11350,209452,Epic PVP: Magic
11351,219622,Walk The Plank: Limited Edition
11352,258160,Profiteers
11353,69105,Toledo 1085
11354,132601,Bellum Gallicum II
11355,42789,Restaurant Row
11356,31971,Burgoo
11357,190115,King of New Tokyo
11358,2809,Star Force Terra #1: Contact!
11359,193831,ColorFox
11360,3051,How to Host a Murder: The Last Train from Paris
11361,162141,Swedish Parliament 2014
11362,165041,Cargotrain
11363,255640,Vikings: Scourge of the North
11364,227162,Fireworks
11365,279928,Shadow Rivals
11366,256380,Douro 1872
11367,221122,Churrascaria: A Cutthroat Game of Gluttony
11368,208670,Labyrinth: Paths of Destiny (Third Edition)
11369,25299,New York Central
11370,322697,Revolver Noir
11371,143048,"Goeben, 1914"
11372,8758,Red Sun Rising: The Russo-Japanese War 1904-05
11373,55031,Grand Slam
11374,327778,ito
11375,4124,Austro-Prussian War
11376,343121,Fast Drive Football
11377,38881,Paul Koenig's D-Day: The American Beaches
11378,3998,Fortune
11379,27948,Beppo der Bock
11380,8356,Iron Dream
11381,319320,Wok and Roll
11382,40803,Bussaco 20
11383,182409,Midway Solitaire
11384,3251,Barbarian Kings
11385,69232,Show Business
11386,280897,NINE
11387,5107,Pyramid: Home Game
11388,381,X Pasch
11389,108832,Chocoly
11390,107703,"Growling Tigers: The Battle for Changde, 1943"
11391,1244,Meander
11392,186,Split
11393,88922,Clue Suspect
11394,10756,Dancing Dice
11395,10995,Reinforce the Right!
11396,260143,Adventures in Neverland
11397,343526,G.I. JOE Deck-Building Game
11398,32327,Waterloo 1815
11400,280979,Turtle Race Mini
11401,2824,Sixteen Thirty Something
11402,297234,Taskmaster: The Board Game
11403,21286,Parlay
11404,268221,Custer's Last Stand
11405,271090,Doctor Esker's Notebook
11406,18422,Citadel
11407,299074,Space Battle Lunchtime Card Game
11408,39798,Deadlands: The Battle for Slaughter Gulch
11409,208337,Forestaurant
11410,231036,"Warhammer 40,000: Know No Fear"
11411,288254,Simplicity
11412,189166,Bill & Ted's Excellent Boardgame
11413,312182,JamSumo (Second Edition)
11414,176826,Yashima: Legends from Fairytale
11415,226619,Medievalia
11416,313269,Rescuing Robin Hood
11417,1991,Ace of Aces: Jet Eagles
11418,221677,Mission to Planet Hexx!
11419,164369,7 Kingdoms
11420,1177,Die Ritter von der Haselnuss
11421,3054,Sideshow: The Campaign for German East Africa 1914-1918
11422,3309,Air Cav
11423,182499,Desert Fox Deluxe
11424,11764,The Last Victory: Von Manstein's Backhand Blow
11425,155020,Animals Frightening Night!
11426,208323,Holdfast: Pacific 1941-45
11427,235927,Dino World
11428,205039,Jackal Archipelago
11429,25937,Galactic Destiny
11430,304987,Sock Monsters
11431,292962,The Suits: Season 3
11432,132229,Rogues to Riches
11433,26539,Rome At War III: Queen of the Celts
11434,17691,Djambi
11435,138484,Robots on the Line
11436,226616,Argoat
11437,187959,Senseï
11438,13926,Froschkönig
11439,5271,Stack
11440,154982,Venezia 2099
11441,244039,40
11442,5172,Blitzkrieg General
11443,62709,Funglish
11444,204461,Major General: Duel of Time
11445,311004,RagnaRok Star
11446,71035,Guerrilla Checkers
11447,148528,Finger weg!
11448,8834,"Dynamo: Dunkirk, 1940"
11449,319263,One Card Dungeon
11450,341416,High Score
11451,3472,Plagio
11452,64570,1843
11453,19766,City of Heroes CCG
11454,23908,Metromania
11455,265712,Niepodległa
11456,122809,Board of Dreams
11457,1760,Fury of the Clansmen
11458,4265,Iliad: The Siege of Troy
11459,172235,Schrödinger's Cats
11460,180598,Voilà!
11461,63823,Salerno: The 1943 Allied Invasion of Italy
11462,243297,Centrix
11463,183452,Quickpick: Island of Monster Masks
11464,192283,Emojito!
11465,644,Shipwrecked
11466,21935,Chu Shogi
11467,41247,Mia
11468,332782,Cantaloop: Prequel
11469,300908,Imagine Famille
11470,293836,Hagakure
11471,319736,La Familia Hort
11472,43110,Anno Domini: America
11473,129311,Khyber Rifles: Britannia in Afghanistan
11474,244164,Hocus & Pocus: L'épreuve des Fabulins
11475,262626,Gnomes at Midnight
11476,28389,Mini Shogi
11477,299573,Papageno
11478,148586,Chicago Stock Exchange
11479,11287,Quantum
11480,171779,GemPacked Cards
11481,142638,Incredible Expeditions: Quest for Atlantis
11482,3932,Interplay
11483,196612,Professor Treasure's Secret Sky Castle
11484,3109,Starmada X
11485,181795,The Cloud Dungeon
11486,267246,Blade Rondo
11487,283466,Tanuki Market
11488,329002,CULTivate
11489,8538,Ironbottom Sound
11490,14814,Fields of Glory: Oudenarde & Malplaquet
11491,94116,Schlag den Raab: Das 2. Spiel
11492,239082,MAUW
11493,36478,Gridstones
11495,160762,Oni
11496,283805,To the Death!
11497,5541,Barbarossa: The Russo-German War 1941-45
11499,33595,9tka
11500,15193,RAMbots
11501,198456,Motion Pictures: Movies Out of Cardboard
11502,280999,The Devil's to Pay! The First Day at Gettysburg
11503,11132,Hitler's Last Gamble
11504,130043,Fail Safe: Strategic Nuclear Warfare in the Cold War
11505,191916,Cubeo
11506,3691,Harvest of Death: The Second Day at Gettysburg
11507,348955,Rock Paper Scissors: Deluxe Edition
11508,7980,Mississippi Banzai
11509,328365,Zumos: On the Rocks
11510,125605,I'm the Boss!: The Card Game
11511,299248,The Order of Veiel
11512,158586,"Rampage: The Allied Drive on Germany, August - September, 1944"
11513,290722,Danger Park
11514,138945,Furor Barbarus
11515,4874,How to Host a Murder: The Chicago Caper
11516,182955,Rory's Story Cubes: Moomin
11517,157002,The Confederate Rebellion
11518,212969,Summoner's Isle
11519,145381,The Outcast Heroes
11520,134596,Duple
11521,4256,Mäuse-Rallye
11522,292487,10 Gallon Tank
11523,6744,Feudal Lord
11524,2666,A Mighty Fortress
11525,209653,Gameception
11526,22111,Double or Nothing
11527,294810,Thalara: The Last Artifacts
11528,215614,Khan of Khans
11529,65590,Bumbesi
11530,280994,Shovel Knight: Dungeon Duels
11531,7992,Battle Cry of Freedom
11533,9041,Dark Eden
11534,180295,Smoke & Mirrors
11535,314376,ORP Orzeł
11536,19257,Le Truc
11537,278413,Charty Party
11538,147009,Zombie Kidz
11540,196676,"Rome, Inc.: From Augustus to Diocletian"
11541,1920,The Business Game
11542,767,Keywood
11543,227026,Debatable
11544,280856,Crossroll Hong Kong
11545,42727,Iconica
11546,33605,Monkey Dash
11547,27359,Aeronautica Imperialis
11548,317312,Kombo Klash!
11549,40819,Cheese Chasers
11550,245483,Affinity
11551,8723,Crimea: The Dawn of Modern Warfare
11552,128662,Northwest Passage Adventure
11554,155023,War of Kings
11555,3471,Le Mans
11556,13980,"Into a Bear Trap: The Battle for Grozny, January 1995"
11557,7861,Soldier Emperor
11558,238531,Lockwood's Asylum
11559,11113,Rommel in North Africa: The War in the Desert 1941-42
11560,42901,Attandarra
11561,2812,Platoon
11562,9916,Arnhem 1944
11563,106174,Di Renjie
11564,2895,Nanofictionary
11565,134559,Tower
11566,121715,HIRÞ: The Viking Game of Royal Conflict
11567,220630,Boufbowl
11568,31711,Twin Win
11569,6017,Blitzkrieg '41
11570,249550,MegaMetroCity
11571,16085,Legends of Wrestling
11572,287345,The Suits: Season 1
11573,20899,Settlers of Catan: Rockman Edition
11574,130004,Think Again!
11575,70222,7TV
11576,3825,Breakthrough
11577,8056,"Operation Shoestring: The Guadalcanal Campaign, 1942"
11578,102346,Guns of the Askari
11579,200729,Game of Blame
11580,281676,Galactic Era
11581,22186,Shako: Rules and Army Lists for Napoleonic Wargaming
11582,5136,Piraten-Abenteuer
11583,9192,Justinian
11584,170298,One-hour Wargames
11585,301262,Dicycle Race
11586,2189,Pfusch
11587,302887,Bronze Age
11588,8355,Drive to the Baltic!
11589,2049,Target
11590,118330,Roll to the South Pole
11591,285536,Cloaked Cats
11592,193161,Tubyrinth
11593,192203,Millions: The Last Soldier
11594,152767,Conquest of Speros
11595,5618,Sports Action Canadian Pro Football
11596,35556,Mini Make 'n' Break
11597,285166,Bear Down!
11598,129668,Paul Koenig's Market Garden: Nijmegen Bridge
11599,184688,TREXO
11600,2230,Ayanu
11601,255697,Penk!
11602,253512,Blabel
11603,5200,Helltank
11604,1408,Gammarauders
11605,11179,Semper Victor
11606,11293,Algeria: The War of Independence 1954-1962
11607,122961,"Mayan Sun, Aztec Destiny: 500 BC – AD 2012 – Beyond∞"
11608,117997,Spot it! On the Road
11609,316407,Allegra
11610,181889,Midnight Legion: Operation Deep Sleep
11611,25233,Tchin Tchin
11613,303676,Oh My Brain
11614,183402,Space Planets
11615,192320,Rory's Story Cubes: Doctor Who
11616,20595,The Campaigns of King David
11617,4215,One-Page Bulge
11618,199690,Squirrel Rush
11619,1586,The Hobbit Adventure Boardgame
11620,1781,The Warlord Game
11621,156836,De Mol
11622,256536,Bob Ross: Happy Little Accidents
11623,27626,Pictionary: 20th Anniversary
11624,9908,Les Pyramides 1798
11625,136813,Midgard: The Card Game
11626,134834,Voldétour
11627,33071,Master Labyrinth
11628,143073,Tute
11629,42415,Dungeon Crawl
11631,19329,Race Day
11633,211810,Sweets Stack
11634,297897,Die Wikinger Saga
11635,345036,Qwixx Longo
11636,283353,Tee oder Kaffee
11637,19909,AK47 Republic
11638,226354,Słowny Ninja
11639,282081,The Zorro Dice Game
11640,93472,Ubongo: Das Kartenspiel
11641,235899,Catham City
11642,4199,Mesopotamia:  Birth of Civilisation
11643,57937,The Doomsday Project: Episode 1 – The Battle for Germany
11644,59061,Drakon
11645,193577,Star Traders
11646,199530,Commissioner Victor: The lost painting case
11647,243530,Ingenious Extreme
11648,151369,Illegal
11649,43856,Chronology
11650,196122,Fish Frenzy
11651,15383,Pass the Bomb Junior
11652,100798,Dwarf King's Hold: Green Menace
11653,228509,TravelBattle
11654,298130,Amalfi
11656,11500,"Spartan: Tactical Warfare in the Hellenistic Age, 500-100BC"
11657,413,Die Erben von Hoax
11658,26486,"Maida and Castel Nuovo, 1806"
11659,287174,The Hobbit: An Unexpected Party
11660,109827,Paul Koenig's Market Garden: Arnhem Bridge
11661,64896,Formula D
11662,192344,Booo!
11663,18330,Dragon Noir 1: L'Exil
11665,317367,Cards Against Humanity: Family Edition
11666,60464,Black Stories 5
11667,140973,Sherlock Holmes Detective Story Game
11668,16169,Gettysburg: High Tide of the Confederacy
11669,299939,Doodle Dungeon
11670,231477,Robotech: Ace Pilot
11671,280282,Wakanda Forever
11672,5418,Victory By Any Means: Campaign Guide
11673,169720,War of Tanks: France 1940 – The Breakthrough at Dinant
11674,240175,VITA MORS
11675,256962,TANKS: The Modern Age – M1 vs T-64 Starter Set
11676,571,Papua
11677,4208,"The Kaiser's Battle: The German Offensive, March 1918"
11678,20053,Red Vengeance
11679,136238,ROFL!
11680,331573,Pusheen Purrfect Pick
11681,180674,Cover Me
11682,274688,Board Game Cafe Frenzy
11683,5276,Verdun: The Game of Attrition
11684,276107,Genesia
11685,2734,Hossa!
11686,337070,Arkham Noir: Case #3 – Infinite Gulfs of Darkness
11687,7967,Mutiny!
11688,137637,Hidden Intruder
11689,34376,Captain Clueless: Lost in the Caribbean
11690,10996,Zarcana
11691,19544,Berserk: Trading Card Game
11692,205080,Dragons & Chickens
11693,258457,Anno Domini: Kuriositäten
11694,2232,Wu Hsing
11695,164686,Epic Monster Tea Party
11696,251538,Star Wars: Han Solo Card Game
11697,249650,Korea: Fire and Ice
11698,489,Pacal
11699,39536,Cat & Fish
11700,241245,Get the MacGuffin
11701,3700,Monster Island
11702,149129,La Bataille de Vauchamps
11703,180599,Sly Dice
11704,258761,Twisty
11705,313834,Blockbuster Returns
11706,43169,Supernova: A New Exodus
11707,275188,Cat Sudoku
11708,22511,Stargate Trading Card Game
11709,235470,Os Incríveis Parques de Miss Liz
11710,328575,Ragnarocks
11711,9854,Jours de gloire Campagne III: Les Campagnes de France 1792/1814
11712,345,Prairie Railroads
11713,16457,Dürrenstein & Schöngraben 1805
11714,2743,Starfall
11715,3377,20 Questions
11716,4252,The Big Red One: The Game of the First Infantry Division at the Battle of the Bulge
11717,38929,Taurus
11718,129971,Master Plan
11719,291183,"The StoryMaster's Tales ""Weirding Woods"" Hybrid RPG"
11720,20043,Warumono 2
11721,110260,Roll'n Bump
11722,292394,DIE in the Dungeon!
11723,138670,Mutant Chronicles Warzone Resurrection
11724,14355,Lonato
11725,6583,Kung Fu Samurai on Giant Robot Island
11726,209090,Dragon Dodge
11727,223947,Enemies of Rome
11728,12065,Wig Out!
11729,235991,Cruise of the Graf Spee
11730,282494,Ten Suns
11731,263085,Darksiders: The Forbidden Land
11732,42897,Infantry Attacks: August 1914
11733,260635,Until Daylight
11734,177977,All Things Zombie: Reloaded
11735,224152,Hemloch: Dark Promenade
11736,232446,Eureka!
11737,42207,Super Circles
11738,238355,Incoming Transmission
11739,217431,Darien Apocalypse
11740,314125,Factory 42
11741,31800,Les deux Bretagne
11742,5177,Drakborgen Legenden
11743,22126,Bag the Hun
11744,5575,PeaceBowl
11745,252883,TOKYO SIDEKICK
11746,27944,"Schleiz, Saalfeld, Auerstaedt 1806"
11747,184917,Dicey Goblins
11748,19591,Big Manitou
11749,172088,Fliip Football
11750,42361,Pocket Dungeon
11751,3210,Hekla
11752,272597,Astro Trash
11753,142277,Der Millionen Coup
11754,2410,Kanaloa
11755,287946,Kingdom of Middag
11756,4217,Alexandros
11757,19651,Angkor
11758,129013,"No Retreat 3: The French Front, May/June 1940"
11759,22233,Fischmarkt
11760,9489,War to Axis: Warfare in Normandy
11761,9794,Rummoli
11762,254938,Yohei
11763,1314,Warhamster Rally
11764,24845,Tomahawk
11765,245598,Chessplus: Pure Genius
11766,5186,King Arthur and the Knights of the Round Table
11767,174046,Dropzone Commander 2 Player Starter Set
11768,561,Flußpiraten
11769,181574,The Princess Bride: I Hate to Kill You
11770,37731,Manille
11771,187704,A birodalom bajnoka
11772,172278,Ether Wars
11773,2402,Ghoulash
11774,21015,Jungle Speed: Flower Power
11775,232800,Lancelot
11776,262479,Pucket
11777,174696,Hexx & Hopp
11778,18876,Gazala 1942
11779,24999,Ardeny 1944
11780,270680,Cruel Seas: Starter Set
11781,252657,ルイス (luz)
11782,278218,VIAE: Roads of Rome
11783,23654,Scurvy Musketeers of the Spanish Main
11784,272767,Batman: The Animated Series – Rogues Gallery
11785,161543,Length x Wit
11786,2988,Sticks & Stones
11787,22476,Universal Fighting System: Street Fighter
11788,2171,Bladder
11789,218666,Lock 'n Load Tactical: Starter Kit
11790,209542,Diesel Demolition Derby
11791,209850,Reef Route
11792,254743,Theosis
11793,21572,ChickenFoot
11794,129310,"Belisarius's War: The Roman Reconquest of Africa, AD 533-534"
11795,229957,Small Detectives
11796,267359,Match Up! Food
11797,254399,Love Battle! High School
11798,131379,Saipan 1944: A Panzer Grenadier Game
11799,261265,Monster-Bande
11800,2016,The Gothic Game
11801,142980,Nanahoshi
11802,246315,Okavango
11803,206666,Beneath Nexus
11804,122271,Defenders of the Realm: Battlefields
11805,124759,Famous 500: The World's Smallest Car Racing Game
11806,13837,Kirovograd
11807,106523,Tomorrow's War (Second Edition)
11808,9339,Alexander at Tyre
11809,183400,Silly Shenanigans
11810,264326,K'uh Nah
11811,39007,Sniper! (Second Edition)
11812,39515,Limit
11813,250333,Build A Cure
11814,75809,Pocket Pro Golf
11815,6400,Boccerball
11816,153103,Mensch ärgere Dich nicht: Das Kartenspiel
11817,282700,LOOP: Life of Ordinary People
11818,38,Runes
11819,2781,My Word!
11820,26945,The Battle of Rosebud Creek
11821,34185,Cartagena: Die Goldinsel
11822,217270,Kamasutra
11823,169246,Ambyria: Shroud of the Shadow Demon
11824,176916,Soccer 17
11825,246534,Rick and Morty: The Rickshank Rickdemption Deck-Building Game
11826,194874,Fishy Tactics
11827,17430,The Old Contemptibles
11828,209190,Coin Quest
11829,3561,Ram Speed: Naval Warfare in the Bronze Age
11830,225645,Gyrating Hamsters
11831,6417,Dredd: The Card Game
11832,234512,みんなでぽんこつペイント (Our Ponkotsu Paint)
11833,82976,Key West
11834,136085,Die verzauberten Rumpelriesen
11835,190572,1941: Race to Moscow
11836,228882,Lagerstätten
11837,33225,Clue:  The Twilight Zone – Tower of Terror
11838,28879,The Quest for Shangri-La
11839,112102,Pantolino
11840,226081,Greener
11841,217884,Shadowrun: Zero Day
11842,35376,Bandits
11843,253564,Marvel Dice Masters: X-Men Forever Campaign Box
11844,308354,Open Ocean
11845,42591,Summer Lightning: The Invasion of Poland 1939
11846,266756,Devil Boats: PT Boats in the Solomons
11847,217538,Docteur Pilule
11848,262566,Dubbe
11849,296498,10 Dice
11850,140796,Fluxx: The Board Game
11851,299690,Forest Guardians
11852,7607,Attakube
11853,293274,Alexandre contre la Perse
11854,18835,Credit Mobilier
11855,3022,Clue VCR Mystery Game
11856,271288,Forks
11857,28553,Fictionary
11858,209383,Savage Planet: The Fate of Fantos
11859,194992,Goblins en la mina
11860,9860,Jours de gloire Campagne: Le Danube
11861,131047,Onager
11862,7834,3 Stones
11863,224815,Deca Slayer
11864,16450,Epées de France
11865,26621,Kircholm 1605
11866,271522,L'Auberge des pirates
11867,223330,Star Maps
11868,2047,Up the Creek
11869,284072,Shiloh 1862
11870,334379,Doodle Dash
11871,243697,Cooks & Crooks
11872,157487,Birth
11873,160517,The Possession
11874,104012,Puppet Wars
11875,109612,Mondriaan 2020
11876,200282,Jack's Friends
11877,202723,The Bogey
11878,313935,The Mariana Trench
11879,66517,Zaic
11880,324957,The Snallygaster Situation: Kids on Bikes Board Game
11881,82572,Dive! Diver! Die!
11882,298345,Dungeons & Dragons Dice Masters: Trouble in Waterdeep Campaign Box
11883,263809,Zombie Bus
11884,332229,Unlock!: Heroic Adventures – Hinunter in den Kaninchenbau
11885,204578,Cattack! No.1
11886,195253,Naruto Shippuden: The Board Game
11887,277901,Olvir
11888,429,Magalon
11889,8033,Search & Destroy: Tactical Combat Vietnam – 1965-1966
11890,140857,Renaissance Man
11891,49038,Battleground Fantasy Warfare: Umenzi Tribesmen
11892,1970,Oh-Wah-Ree
11893,191032,Invasion 1066: Stamford Bridge
11894,11388,Armati 2nd Edition: Rules and Lists for Ancient and Medieval Wargaming
11895,200999,Colosseum
11896,256443,Sideshow Swap
11897,79413,Wer war's?: Mitbringspiel
11898,4494,Phase Line Smash
11899,90730,Dungeon in a Tin
11900,3024,Realm
11901,1263,Knatsch
11902,469,In Teufels Küche
11903,7694,Krypto
11904,172885,Blindes Huhn (Second Edition)
11905,85899,Sphactérie (425 av. J.-C.)
11906,10529,Crusoe's Planet
11907,18265,Message to the Czar
11908,153745,Dungeon Scroll
11909,193,Fill or Bust
11910,198548,Color Wheel
11911,293875,UNDO: Forbidden Knowledge
11912,204895,Table Air Combat: Flight Operations Manual
11913,247316,Pikto
11914,170984,Timeline: Sports et Loisirs
11915,1047,MeM
11916,8923,Orion
11917,1402,Neolithibum
11918,284981,Zona Alfa: Salvage and Survival in the Exclusion Zone
11919,143843,Spot it! Party
11920,157973,Born to Serve
11921,4877,How to Host a Murder: The Watersdown Affair
11922,99308,Hike
11923,234299,Łotry
11924,256640,H.D.P.: Hasta Donde Puedas
11925,99310,WayWord
11926,29380,"Saipan & Tinian: Island War Series, Volume I"
11927,229406,Colorku
11928,284640,Star Breach
11929,1697,Hundred Days Battles
11930,630,Double Quick
11931,249364,¡TACO FIGHT!
11932,223590,Battles on the Ice: Defeats of the Livonian Order at Peipus and Karuse
11933,130723,Banana Matcho
11934,23241,Gravediggers
11935,200096,Bards Dispense Profanity: A Party Game Based on the Works of William Shakespeare
11936,34207,Nature of the Beast: Prairie vs. Polar
11937,279556,La Der des Ders
11938,8304,So Long Sucker
11939,612,Kippit
11940,173003,Brix
11941,1593,Down with the King
11942,208093,Laga Jakarta
11943,19253,Mate
11944,121076,Home Sweet Home
11945,12718,Shipwreck
11946,330145,La Guerra de la Triple Alianza
11947,273352,Chain Mail: Adventures of Earthshine
11948,84671,Kissenschlacht
11949,144,Elfenwizards
11950,225084,Winged Victory
11951,247952,Constantinople
11952,96157,No Retreat 2: The Africa Front 1940-1942
11953,7625,Tomorrow the World
11954,708,Holy War: Afghanistan
11955,14765,Tuppi
11956,143238,The Battle for Sector 219
11957,17208,Battlegroup
11958,128658,Heptalion
11959,4290,Pickett's Charge: A Game of the Battle of Gettysburg
11960,329939,Keystone: North America
11962,293878,UNDO: Treasure Fever
11963,127028,Tricks & Treats
11964,298459,Stwory z Obory
11965,10267,Africa Orientale
11966,172597,Theomachy: The Warrior Gods
11967,20834,Husarengolf
11968,97512,For the Crown
11969,336552,Mystic Paths
11970,2146,Warlock
11971,158268,Karma
11972,4427,Super Cluedo Challenge
11973,5935,Drive on Frankfurt
11974,983,Tangoes
11975,205506,Huh?
11976,211852,ROBOT RISE!
11977,264656,Vivaldi
11978,6381,Sequence for Kids
11979,690,Singapore
11980,25014,Grand Fleet
11981,311990,Macaron
11982,5494,Talkin' Tango
11983,97521,Disaster on K2
11984,17433,Rezolution: A Dark Tomorrow
11985,272598,Furry Foodies
11986,2483,Viking Gods
11987,20031,Ahoy
11988,163099,V-Wars
11989,153987,Austerlitz 1805: Partie Nord
11990,204764,Space Vermin From Beyond!
11991,248226,Grackles
11992,3658,Cube Farm
11994,285970,Of Knights and Ninjas
11995,9093,1777: The Year of the Hangman
11996,84470,Field of Glory Renaissance
11997,9376,Renegade Legion: Prefect
11998,6118,Discovery
11999,28565,Save the Treasure of Fairy Tales
12000,255955,The Damsel's Tale
12001,5364,Makruk
12002,1547,Janus
12003,125416,The Scheldt Campaign
12004,251854,Strange Vending Machine
12005,167349,Guerra De Mitos V
12006,125400,Nieuport 1600
12007,6765,Sniper! Special Forces: Sniper! Companion Game #2
12008,3616,BattleForce
12009,188758,Gladiatores: Blood for Roses
12010,276669,Sensor Ghosts
12011,138869,Empires of Zidal
12012,188347,Karty Dżentelmenów
12013,166931,Ghost Blaster
12014,11477,The First Arab-Israeli War
12015,312372,Pandoria Merchants
12016,8093,Bulls-Eye Ball
12017,109019,Caldera
12018,9146,Wordigo
12019,300023,Die verlassene Bibliothek
12020,128352,Chaos & Alchemy
12021,8179,Yellowstone Park
12022,12936,Mentalis
12023,18880,Daddy Cool
12024,10361,Dead of Winter: The Battle of Stones River
12025,180595,Ubongo: Star Wars – Das Erwachen der Macht
12026,269466,Sinners
12027,296667,Vintage
12028,314542,Escape Room in a Box: The Walking Dead
12029,209113,House of Normandy
12030,3705,Contraband
12031,110336,Jumpy Jack
12032,194301,Riftwalker: A Storm Hollow Card Game
12033,279884,Longboat
12034,176560,Mechwarrior: Age of Destruction Starter Pack
12035,197635,The War of Jenkins' Ear
12036,311894,Cartaventuras
12037,23550,WordSpot
12038,210410,Magic: The Gathering – Duel Decks: Heroes vs. Monsters
12039,55896,Koplopers & Dwarsliggers
12040,272522,Fuzzy Mage Fight
12041,8705,Bloody Keren
12042,320097,ECK: A solo trick-taking card game
12043,39080,IGOR: The Monster Making Game
12044,162777,Doppelgänger
12045,308870,Plotalot
12046,314971,Ramen! Ramen!
12047,134419,The Golden Wilderness
12048,22733,Uglydoll Card Game
12049,8531,PDQ: The Pretty Darn Quick Word Game
12050,14881,Rebel Sabers: Civil War Cavalry Battles
12051,238065,Sherlock Holmes Consulting Detective: Vanishing from Hyde Park
12052,234920,Darwinning!
12053,26114,Secrets of the Sea
12054,104775,Gary Gouda
12055,66641,Grave Robbers III: Suburban Slashers from Sunnydale Street
12056,49096,Battleground Historical Warfare: Second Punic War 218-201 BC
12057,13269,"Lee Moves North: The Confederate Summer Offensive, 1862 & 1863"
12058,5777,Electronic Detective
12059,6837,Electronic Battleship Advanced Mission
12060,10307,The Rules With No Name
12061,270113,Deckscape: Demo
12062,4107,Hang in There!
12063,13881,"Marengo: Napoleon in Italy, 14 June 1800"
12064,311702,Piratas! (3ª Edição)
12065,31074,Flagship: Coyote Stands
12066,12715,De Bellis Renationis
12067,313536,Pop-Tarts Game
12068,275213,7 Summits
12069,111275,Fauna Kompakt
12070,181866,Privacy Quickie
12071,266940,Widget Ridge
12073,88113,Isaac
12074,60342,Kleine Magier
12075,8322,"Chad: The Toyota Wars, 1979-1988"
12076,275715,Paras
12077,294216,Musical Chairs
12078,185383,Grant's Gamble: Wilderness Campaign of 1864
12079,12168,D-Day
12080,241611,We Are The Word
12081,8110,The Battle of Raphia
12082,7991,Napoleon and the Archduke Charles: The Battle of Eckmuhl
12083,1071,Aztec
12084,6503,Harpoon: Captain's Edition
12085,241828,Cortés et la conquête du Mexique 1519-1521
12086,160601,Justice League Strategy Game
12087,230246,Photofinish: The Final Rush
12088,2751,Lawrence of Arabia: The British Offensive – September-October 1918
12089,293728,Inner Compass
12090,175224,Rumpelstiltskin
12091,133524,Caro
12092,243231,Henhouse Havoc
12093,22477,Deluxe Camping
12094,1434,Dealer's Choice
12095,220478,BARPIG
12096,150220,Kampen om Fredriksten
12097,230240,Cuckooo!
12098,11648,Warmaster
12099,328289,Kannste Knicken
12100,202245,DiceWar: Roots of Mali Standalone
12101,286021,Free Market: NYC
12102,297735,Disciple Detective
12103,21506,New Mastermind
12104,155745,Stak Bots: Yellow Expansion
12105,11452,Suez '73
12106,158316,Villainy
12107,3130,1899
12108,152848,Knockout
12109,117992,Shrimp
12110,1744,Monster Mash
12111,94837,Scotland Yard: Hunting Mister X
12112,236884,Forest of the Impaled:  Vlad Dracula's Final Stand
12113,178285,Dicenstein
12114,3405,Tin Soldiers
12115,244922,Geisterfalle
12116,15211,Poland '39: The Nightmare Begins
12117,34943,Double Shutter
12118,287895,Grund
12119,175845,Arcade
12120,311209,Wild Cards
12121,17054,Pegs and Jokers
12122,260904,Crimopolis
12123,143745,2WW: The War in Europe
12124,193131,Os Reinos de Drunagor
12125,34843,Wizard's Gambit
12126,110245,Kamisado Schnupperspiel
12127,248224,Remnants
12128,26211,Fruit Fair
12129,14762,Yankees & Rebels
12130,7082,Battles of the Ancient World Volume III
12131,315671,Animal Upon Animal: Unicorns
12132,183716,Capitán Flint
12133,129314,Eagle Day: The Battle of Britain
12134,258137,Robin Hood
12135,5173,Avalanche: The Invasion of Italy
12136,90272,Euronimoes
12137,141437,What the Food?!
12138,1627,XXXenophile
12139,5220,Star Trek Game
12140,8720,North German Plain
12141,306687,Get Out of Colditz: The Card Game
12142,36604,Basic Impetus
12143,147427,King's Ransom
12144,8727,"U.S.N.: The Game of War in the Pacific, 1941-43"
12145,190828,I Love Portugal
12146,109077,Iron Sky: The Board Game
12147,3936,The Siege of Constantinople: The End of the Middles Ages
12148,263168,Paradox University
12149,240002,Endless Pass: A Viking Saga
12150,41198,Trafalgar: Naval Warfare in the Age of Sail (1795-1815)
12151,151357,SEVEN
12152,27830,Gemlok
12153,249817,The Bark Side
12154,260015,Gem Hens
12155,275100,The Aquicorn Cove Board Game
12156,7169,Heroes of the Soviet Union:  The Defense of Mother Russia 1942-43
12157,292130,Dolina królików
12158,323784,Ghost Letters
12159,298539,Dungeon Ball
12160,298608,Crime Story: Berlin
12161,222885,WOO
12162,37983,Monkey Lab
12163,66507,Queen's Ransom
12164,146014,Dreadball: KickOff
12165,91831,Got 'Em!
12166,331685,Hit the Silk!
12167,126076,Sheepdogs of Pendleton Hill
12168,78093,Crosshairs
12169,2710,Quivive
12170,258206,Bears&Bees
12171,164808,El Switcher
12172,20117,Chaos Arena
12173,93879,Grave Business
12174,157395,Aetherium
12175,260307,Kaboom Universe
12176,242191,Tierra y Libertad: The Mexican Revolution Game (Second Edition)
12177,154307,"Warhammer 40,000: Kill Team"
12178,1721,Business Strategy
12179,11241,"The Cossacks Are Coming!: The Tannenberg Campaign, 1914"
12180,67891,Hungarian Nightmare
12181,3806,UNO: Star Trek
12182,186489,Elementos
12183,31021,Shuffleboard Game
12184,42704,Mi Tierra
12185,31846,Liberia: Descent Into Hell – The Liberian Civil War 1989-1996
12186,76352,Bid Euchre
12187,170381,Mars Attacks: Ten-Minute Takedown
12188,68187,Gettysburg: The Wheatfield
12189,252712,Carrossel
12190,200593,Quest Stories
12191,11084,Jumbo & Co
12192,197911,Onami
12193,252684,Supertall
12194,267036,Core Connection: Rise of Atlantis
12195,192605,Iliad: Heroes of Troy
12196,27884,Halo ActionClix
12197,14709,Gangs of Mega-City One
12198,8042,Heavy Gear Tactical
12199,164284,Nord
12200,132532,"Here, Fishy, Fishy!"
12201,6979,Match of the Penguins
12202,178939,Dalek Dice
12203,236801,Wayward
12204,68083,Gold Mine
12205,5001,Telepaths
12206,76487,Tricked-Out Hero
12207,6720,Warplan Dropshot
12208,3064,CribbGolf
12209,203195,Keep Cool
12211,139607,Runicards
12212,182978,Landed
12213,65521,Chaos
12215,1411,"Fugger, Welser, Medici"
12216,316113,Buy the Vote!
12217,14010,Nonsense Classic
12218,287219,Hurlyburly
12219,174975,"Take The ""A"" Chord"
12220,312738,"Storm Over Madrid 1936: ""Miracle of November"""
12221,1869,Jägersro
12222,22061,TEG: La Revancha
12223,14088,Starfight
12224,126069,Oh My Lair!
12225,37260,Flying Circus: Aerial Combat in WWI
12226,8424,"Panzer '44: Tactical Armored Combat, Europe, 1944-45"
12227,85826,Kursk: Burning Tigers – A Panzer Grenadier Game
12228,308385,Nytelyfe Solitaire
12229,261316,Waroong Wars (Second Edition)
12230,250643,Happiest Town
12231,255020,Rising for the Throne
12232,209644,The Pacific War: From Pearl Harbor to the Philippines
12233,95679,Oz
12234,6338,Seekrieg (Fourth Edition)
12235,8803,The American Revolution 1775-1783
12236,75382,Karnaxis
12237,2271,Creeper
12238,296321,Black Seas: Master & Commander Starter Set
12239,244738,Anatomy Fluxx
12240,155245,In Security
12241,251726,CONFIDENT?
12242,6699,Command Decision III
12243,260277,Rolnicy
12244,154890,Click & Crack
12245,5275,Piercing the Reich
12246,219926,Pemberton & Grant: Vicksburg Campaign of 1863
12247,88925,Records of Three Kingdoms 190-280
12248,4352,Fightball
12249,209344,Rewordable
12250,255962,No Swap No Pay
12251,164566,McJohny's
12253,268899,Foreign Legion Paratroopers: Rapid Response Force
12254,185457,Jackson & Sheridan: The Valley Campaigns
12255,40602,Rabbit Hunt
12256,2307,Greyhawk Adventures: Wars
12257,9259,Combined Arms: Command Decision Series Game
12258,4967,Rome at War II: Fading Legions
12259,155877,Jugula
12260,219985,DC Comics Dice Masters: War of Light – Collector's Box
12261,25569,Spicy Farkel
12262,15212,Berlin '45: The Nightmare Ends
12263,3157,All-Star Baseball
12264,187164,The Martian Investigations
12265,123635,PLAGUE: The Card Game
12266,192201,Wiener Walzer
12267,179606,"Mafia, cosa di capo"
12268,7106,Tabu: The Game of Aztecs
12269,114,Ransom
12270,6735,Star Explorer
12271,154274,Samsara
12272,6088,Rommel: The Last Glory in Kasserine
12273,297663,Monster's Coffee
12274,197865,Ravingspire
12275,176478,No Man's Land: Trench Warfare 1914-1918
12276,63829,Irondale
12277,237715,Castle Climbing Frog
12278,271820,Forgotten Pacific Battles
12279,167185,Mumia: Wyścig w bandażach
12280,3612,Pro Football Fantasm
12281,224060,Pigment
12282,182487,Little Drop of Poison
12283,4875,How to Host a Murder: The Class of '54
12284,309341,5x15
12285,64142,"Lilliburlero: The Battle of the Boyne, July 1690"
12286,163908,This House Is Haunted
12287,95449,Fame Us
12288,18600,Ball Park Baseball
12289,151892,Sign of the Pagan
12290,242630,O Palácio do Marquês
12291,124290,Open Sesame
12292,148424,30 Carats
12293,6487,Fantasy Warriors
12294,17649,First Blood: The 1st and 2nd Battles of Manassas
12295,103807,Dojo
12296,329529,Magellan: Elcano
12297,18785,Miscellaneous Game Magazine
12298,322451,RisiKo!
12299,37724,Paul Koenig's D-Day: The Canadian Beach
12300,283217,Kenny G: Keepin' It Saxy Game
12301,332018,Funkoverse Strategy Game: Alice in Wonderland 100
12303,27127,Montebello
12304,14441,Kinder Bunnies: Their First Adventure
12305,69638,Goblin Market
12306,16829,"La Bataille de l'Ebre, 1938"
12307,117549,Bullenparty
12308,86006,Hinkel & Stein
12309,122399,Bloqs
12310,153368,La Bataille de Paris 1814
12311,292961,The Suits: Season 2
12312,8358,East Front Battles I: Blitzkrieg in the South
12313,155412,Red Tide West: The Cold War & World War III in Europe
12314,275087,Auf der Walz
12315,25516,A Fatal Attraction: The Gallipoli Campaign
12316,141089,Jazz: The Singing Card Game
12317,273005,Rory's Story Cubes: Mystery
12318,5701,Dark Blades
12319,23912,Dread Pirate: Buccaneer's Revenge
12320,297374,"Return to the Rock: Corregidor, 1945"
12321,180202,Southern Rails
12322,7071,Gaslight
12323,265634,DOCE
12324,7067,Schloss Schlotterstein
12325,7142,Zitadelle: Duel for Kursk
12326,342638,BIOTOPIA
12327,166019,Mafia: Vendetta
12328,86165,Neos
12329,34381,Käseklau!
12330,627,Royal Tank Corps
12331,163186,Ray Master
12332,323068,Chef Umami
12333,164279,Twilight Sparkle's Secret Shipfic Folder
12334,244305,Coral Islands
12335,82863,Gruntz 15mm Sci-Fi
12336,150797,CLEVER
12337,13240,Panzer Miniatures Rules: A Tactical Game of Armored Combat
12338,96440,Farrapos
12339,8415,En Pointe Toujours II: Normandie 1944
12340,230081,Pizza Master
12341,223573,Supervillain: This Galaxy Is Mine!
12342,210465,Magic: The Gathering – Duel Decks: Mind vs. Might
12343,330560,Bunte Blätter
12344,144587,Atacama
12345,279727,Harakiri: Blades of Honor
12346,118336,Paul Koenig's Market-Garden: Eindhoven Bridge
12347,130603,Start 11!  The Board Game
12348,17529,Haggle
12349,191292,Mafia the Party Game
12350,255396,Vamp on the Batwalk
12351,123923,Super Hero Squad Card Game
12352,181005,Les taxis de la Marne
12353,244327,Rolling Bandits
12354,90142,Tricky Bid
12355,179386,London Markets
12356,171579,Dwarves Inc.
12357,7047,The Mother Lode of Sticky Gulch
12358,8913,"The Russo-Turkish War, 1877-78"
12359,128388,Librium
12360,216895,Das Duell um die Geld
12361,6250,Chez Grunt
12362,310578,Paleontologists
12363,229640,Munchkin Spell Skool
12364,255928,Burger Battle
12365,24475,Balam
12366,24704,Stratego: Marvel Heroes
12367,317313,Warhammer Age of Sigmar: Crypt Hunters
12368,125549,Infinity Dungeon: Peril without End
12369,979,The Powerpuff Girls: Saving the World Before Bedtime
12370,263763,Stworze International Edition
12371,168429,Foldable Table Curling
12372,11135,Balkans 1941
12373,3317,Royal Hearts
12374,318083,Misión Rescate
12375,260335,Astro Drive
12376,235427,Tanto Cuore: Doki Doki Beach Volleyball
12377,1470,Venezia
12378,8724,Torgau
12379,299803,PATIOS
12380,321756,Hammer Time
12381,8283,Blood & Thunder: Tactical Combat on the Eastern Front
12382,235904,Pandorum
12383,203715,The Shooting Party
12384,728,The Sun Never Sets: Three Campaigns of the British Empire
12385,22227,"No Prisoners: The Campaigns of Lawrence of Arabia, 1915-1918"
12386,10447,Ostatnia Wojna Cesarzy: Front Wschodni 1914
12387,3984,Tahiti
12388,17779,Kaiser
12389,37755,Scallywags
12390,273009,"Bar-Lev: The 1973 Arab-Israeli War, Deluxe Edition"
12391,18342,The Best of Board Wargaming
12392,318322,Hidden Strike: American Revolution
12393,210406,Magic: The Gathering – Duel Decks: Sorin vs. Tibalt
12394,285893,HILO
12395,317298,Dogs: Card Game
12396,237927,Alakazoo
12397,284617,King Thief Minister
12398,10878,Visual Game
12399,96728,The Beautiful Game
12400,203104,Cthulhu in the House
12401,176633,İhtilâl
12402,4472,Arnhem Bridge
12403,202227,German Rails
12404,215389,Head of Mousehold
12405,197069,Traitor Mechanic: The Traitor Mechanic Game
12406,207602,Goodwill
12407,22244,Toppo
12408,288276,Tough Calls: Dystopia
12409,173336,Million Club
12410,10470,March to Victory: West Front 1914-1916
12411,172414,Ball's Bluff
12412,291445,Virtue Signal: the Game of Social Justice
12413,185813,Murderer's Row
12414,145492,Der Schatz von Castellina
12415,42498,Ambagibus
12416,88147,Adaman
12417,88931,"Verbàlia, el joc"
12418,13375,Submarine
12419,250525,Paleolithic
12420,247029,Sojourn
12421,164190,Diex Aïe
12422,267414,Blume
12423,396,Der dreizehnte Holzwurm
12424,210412,Magic: The Gathering – Duel Decks: Elspeth vs. Kiora
12425,11188,Superstar Pro Wrestling Game
12426,123511,Guns of Galicia
12427,218769,Lucky Captain
12428,296113,Station Master
12429,265682,Dunaïa
12430,97469,Blokus Junior
12431,133713,Vem aí a Troika
12432,237212,The Hearmees
12433,257316,Weapon Wars
12434,228601,The Gate of R'lyeh
12435,1775,Password Plus
12436,268248,Warhammer Fantasy Battle (Third Edition)
12437,261370,Sarah's Vision
12438,238636,Escape Team
12439,287839,8 Bit Attack
12440,1716,Knights of the Air
12441,984,Name Burst
12442,237079,FootClub
12443,161063,Stipulations
12444,147352,Cuboro Tricky Ways
12445,224416,The Legend of Zelda: Clockwork Realm
12446,2201,Redemption
12447,6803,Pacru
12448,192909,Sneaky Cards
12449,272692,Medieval Pong
12450,255618,dude
12451,8334,Trail of the Fox
12452,9801,Ostrakon
12453,1474,Ohio
12454,246685,Witless Wizards
12455,155943,Stac
12456,292464,Grimm: A Card Game
12457,209774,100 Swords: The Silver Queen's Dungeon
12458,9846,Jours de gloire Campagne II: La Pologne
12459,30020,La Belle Alliance: The Battle of Waterloo
12460,92591,Das große Kullern
12461,286549,Caty Mini
12462,318392,Star Trek: Voyager Fluxx
12463,2409,Duell
12464,25749,Gangster
12465,2436,"Murder, She Wrote"
12466,27970,Star Wars PocketModel TCG
12467,168544,De Stijl
12468,38866,Im Wald da sind die Räuber
12469,956,Azteca
12470,1401,Crash!
12471,175689,Trenton 1776
12472,220885,Battle Ravens
12473,256391,Queen Bee
12474,107012,The Sun Never Sets volume II
12475,244909,Bermuda Pirates
12476,282300,Pitt's War
12477,291549,Go Slow!
12478,290610,Beat That!
12479,102676,Reverse Charades Junior Edition
12480,258440,(Come on) Let's Quiz Again
12481,201510,Gadgeteers
12483,203788,Candy Time
12484,15391,"Death in the Trenches: The Great War, 1914-1918"
12485,16332,The Battle of Tanga 1914
12486,342021,Space Invaders
12487,155414,Angola: Cold War Struggle in Africa
12488,92876,Jurassik
12489,143663,Migration: A Story of Generations
12490,9509,Iglu Iglu
12491,167190,Of Dungeons Deep! (Second Edition)
12492,282278,Drachensachen
12493,191178,Wolfed
12494,217201,D-Day at Iwo Jima
12495,282437,Katana: Samurai Action Card Game
12496,238834,Tolomeo
12497,180006,Fram R'lyeh
12498,26692,Eynsteyn
12499,278484,Partán
12500,213834,Four Elements
12501,182406,Sealion: The Proposed German Invasion of England
12502,6978,Neutron
12503,181670,Wolf & Hound
12504,25973,Kannibohne
12505,25866,Wizard Junior
12506,37097,Quincunx
12507,161913,Camelot: The Court
12508,118950,Mafia
12509,27926,Metropolis
12510,192321,Rory's Story Cubes: Scooby-Doo
12511,235071,Re-Chord
12512,305838,Sea Change
12513,192634,Revolution Road
12514,59031,In their Quiet fields
12515,5052,"Austerlitz: The Battle of Three Emperors, 2 December 1805"
12516,91653,Zicke Zacke
12517,224979,Tournament of Towers
12518,250291,Hold the Line: The American Civil War
12519,7938,The Battle of Prague
12520,305270,Chronicles of Waral
12521,289055,KAITŌ
12522,58565,Panic Tower!
12523,5522,UNO Rummy-Up
12524,85004,Interstellar Mayhem
12525,12049,Wintergewitter
12526,146746,Longstreet
12527,97248,Judge Dredd Miniatures Game
12528,150429,Carrier Battlegroup: Solitaire
12529,250406,Hero Master: An Epic Game of Epic Fails
12530,111387,Star Trek HeroClix: Tactics
12531,13800,"Cambrai, 1917: The First Blitzkrieg"
12532,1687,Red Empire
12533,57052,Black Stories: Real Crime Edition
12534,236365,TOKYO JIDOHANBAIKI
12535,313352,Jungle Speed Limited Bertone Edition
12536,255586,Micro City
12537,9197,The Seven Years War
12538,192226,Showdown
12539,37777,Ochs & Esel
12540,227163,Cooking Rumble
12541,180943,Sabordage
12543,8101,Team Yankee
12544,32337,About Time
12545,175150,Casting
12546,9866,Normandie 1944
12547,153939,Tortuga
12548,210411,Magic: The Gathering – Duel Decks: Jace vs. Vraska
12549,22664,Phase 10 Masters Edition
12550,289438,STRIKE!: The Game of Worker Rebellion
12551,154633,Clue
12552,161765,Railroads
12553,98475,7 Islands
12554,21293,Celtica
12555,1043,Pitstop
12556,292507,Ramen Ink
12557,6848,Dinosaur Chess
12558,99131,The Alamo Remembered
12559,2164,Square Off
12560,205478,Covenant
12561,248385,IT Startup
12562,186501,Super PACS: The Game of Politics About the Game of Politics
12563,108155,Fox's Party
12564,248196,Pumpkin Patch: Bad Seeds
12565,182274,NXS
12566,296892,Sacred Rites
12567,7470,Battlespace: The Battletech Game of Space Combat
12568,8326,The Fall of Rome
12569,20966,Queen of the Cupcakes
12570,211128,Coma Ward
12571,158895,Periorbis
12572,152824,Enigmàrius
12573,123162,Democracy: Majority Rules
12574,118051,Spinnengift und Krötenschleim
12575,137328,Monster Café
12576,126941,Seven Swords
12577,39219,Turandot
12578,25593,Der Prestel Kunstmarkt
12579,285902,Riot Quest
12580,37351,Trivial Pursuit: Genus Edición III (Spain)
12581,34195,Kawaguchi's Gamble: Edson's Ridge – The Battle for Guadalcanal
12582,201026,Warlords
12583,12505,Clash of the Eagles: Borodino & Friedland
12584,784,Discretion
12585,32821,Battle Leader Tactics
12586,342542,Less Is More
12587,15432,Pour Dieu et pour le Roy
12588,287110,NICE TRY: The Challenge Party Game
12589,169550,Looting Atlantis
12590,301015,Meeple Towers
12591,97432,The Phoenix Syndicate
12592,1712,Showbiz
12593,198898,Area 51: Top Secret
12594,2531,Valley Of The Four Winds
12595,64431,Buraco
12596,29138,Katamino Duo
12597,151448,Danmaku!!
12598,10140,The Scrambled States of America: Deluxe Edition
12599,7754,Smithereens: The End of World War II in Europe
12600,37394,Kayak Chaos
12601,235361,Albedo
12602,172837,Dead Man's Chest
12603,244163,Sherlock Holmes: The Challenge Of Irene Adler
12604,3036,Kung Fu 2100
12605,241731,Rick and Morty: The Ricks Must Be Crazy Multiverse Game
12606,140995,Colonial Space Wars: New Horizons
12607,4336,Cromwell's Victory: The Battle of Marston Moor
12608,7978,Mason-Dixon: The Second American Civil War
12609,4764,Casino Yahtzee
12610,2605,Tri-Tactics
12611,71956,Ports of Europe: Antwerpen
12613,40619,Tonga Island
12614,11983,Fab Fib
12615,28096,De Bellis Magistrorum Militum: Wargame Rules for Ancient and Medieval Battle from 3000 BC to 1525 AD
12616,757,Lunatix Loop
12617,5930,Campaigns of Marlborough
12618,17464,Blood of Noble Men: The Alamo
12619,334267,ヒーフー!! (Hii Fuu!!)
12620,195842,Kampf gegen das Bünzlitum
12621,157053,Pocket Odyssey
12622,256626,Deus lo Vult
12623,305772,Immune
12624,309,Arabana-Ikibiti
12625,85467,Anno Domini: Im Osten
12626,104353,Savage Streets
12627,1623,Space Station Zemo
12628,20617,Battles of the Ancient World Volume II
12629,293981,The Adventure Zone: Bureau of Balance Game
12630,8754,The Moscow Campaign: Strike and Counterstrike Russia
12631,249166,Zoned Out
12632,321713,Quest Calendar: The Dragon Staff of Maladoria
12633,190758,Psychomachia
12634,17697,Lineage II: The Boardgame
12635,224590,Code Triage
12636,14410,"Oh No, There Goes Tokyo!"
12637,91512,Bella Blümchen
12638,6940,The Battle of the Alma
12639,276121,Nobjects
12640,272502,"Counter-Attack: The Battle of Arras, 1940"
12641,120580,Battleship: Hidden Threat
12642,92465,Sporz Original Outbreak
12643,182135,iKNOW: Amazing Earth
12644,137968,Schmovie
12645,124881,Swordfish
12646,8353,"Triumphant Return: The Soviet Liberation of Kiev, November 1943"
12647,235628,CONEX
12648,80474,Busstop: The Boardgame
12649,273769,"Napoleon Retreats: Campaign in France, Part II"
12650,64955,Hexenflug
12651,145496,Privateer
12652,303650,Disney Jungle Cruise Adventure Game
12653,173755,Aquaducts
12654,295788,Plakks
12655,235926,Empires & Alliances
12656,257766,¡Arre Unicornio!
12657,311828,Sherwood Bandits
12658,337784,Number Drop
12659,6653,Strange Synergy
12660,7830,Eagles of the Empire: Borodino
12661,20090,Double Agent
12662,277035,Monster Mansion
12663,23605,Les Dieux Nomades
12664,238329,Dan and Phil's Truth Bombs
12665,17855,Castle Keep
12666,183780,Heart of Darkness: An Adventure Game of African Exploration
12667,102253,Spearpoint 1943: Eastern Front
12668,25994,Sea Lords on the Mekong Delta
12669,40238,Order Up
12670,237217,Speedy Pickers
12671,282421,Unlock!: Escape Adventures – Noël en Juillet
12672,100447,Sherlock
12673,89319,Gardens of Mars
12674,279931,Animalchemists
12675,195869,C'est mon Fort!
12676,5843,Royalty
12677,140468,You Suck
12678,10561,Warsaw Pact
12679,165946,Green Beret: Vietnam
12680,46369,Old Town: Solo
12681,6402,Forward to Richmond!
12682,5728,Grand siècle
12683,18061,Chennault's First Fight
12684,256700,Wonderland Xiii
12685,35813,The Garlic Vampires
12686,169470,Lemuria
12687,179581,Havenfall
12688,234616,Rory's Story Cubes: Strange
12689,190915,BetaBotz
12690,73589,Ruthenia
12691,332181,IQ Files: Pecados
12692,3161,Port Stanley: Battle for the Falklands
12693,283208,Runaljod: The sound of the runes
12694,156453,Tutti Frutti
12695,196328,Constantinople
12696,373,Wrott & Swindlers
12697,26890,Wormhole
12698,18536,Nok-Hockey
12699,251405,Creatures and Cupcakes
12700,64769,"Desert War: Egypt, 1940"
12702,14514,Metric Mile
12703,99777,Lupin the 3rd
12704,170980,Elven Castle
12705,1003,Das Regeln Wir Schon!
12706,218923,Pitch Deck
12707,239435,Red HINT
12708,7829,Eagles of the Empire: Friedland
12709,235760,Tribe
12710,21447,Brother against Brother
12711,111026,"Opération Husky, Sicile 1943"
12712,270445,Omerta
12713,69,Bollox
12714,322202,Usurper: A Game of Dark Factions
12715,182410,The First Crusade
12716,85468,Anno Domini: Fussball
12717,6007,Fortress Stalingrad
12718,262291,Barakka
12719,25628,Tranquility Base
12720,9084,Grunwald 1410
12721,106969,BASKETmind
12722,16439,Loot
12723,9787,Beer Money
12724,142691,World Series of Yahtzee
12725,6360,"Antietam: The Bloodiest Day, 17 September 1862"
12726,36333,Dirge: Carnage in Crimson
12727,5733,Star Wars Lightsaber Dueling
12728,131894,Vietnam Battles: Snoopy's Nose & Iron Triangle
12729,220461,Bla5t
12730,707,When Tigers Fight
12731,4317,Mayday
12732,92177,Articulate! Your Life
12733,234615,Rory's Story Cubes: Rampage
12734,83228,Fairy Tale in My Pocket
12735,563,Doolittle & Waite
12736,178051,SCAPE
12737,11629,Guillotine
12738,201668,Cosmic Balance
12739,130400,TF22: LOAD!
12740,227842,Saratoga 1777
12741,226457,Magnificent Flying Machines
12742,128855,Pyramidion
12743,6919,Invasion: Earth
12744,102150,Rising Sun Railroads
12745,299928,Celtic
12746,287198,Ka Pai
12747,30264,Ultimus Romanorum: La Chute de Rome
12748,7870,Columns
12749,172599,Theomachy: The Ancients
12750,11373,Autumn of Glory
12751,9063,Brettfußball
12752,172875,Drillit! A Fuga da Montanha de Cristal
12753,184797,Dark Frontier
12754,253074,Exodus: Paris Nouveau
12755,259829,Loser
12756,276,La Guerre de l'Empereur
12757,7735,Fatal Alliances II
12758,5924,Napoleon and the Archduke Charles: The Battle of Aspern-Essling
12759,4503,Grand Prix: F1
12760,286534,The Quick and the Undead
12761,180850,Queen of the Hill
12762,20610,Rapid Fire! (Second Edition): Fast Play World War Two Wargames Rules
12763,17939,18US
12764,2721,Wembley
12765,298618,Hatairo
12766,192731,Skiwampus
12767,283848,Control V
12768,248154,Gunfighter
12769,27789,Rotterdam
12770,29447,Guerra a Muerte
12771,302463,Telestrations: Upside Drawn
12772,3182,Vanished!
12773,253862,Little Monster That Came For Lunch And Stayed For Tea
12774,294231,Gangster's Dilemma
12775,212883,Tzulan Quest
12776,97494,Nordwind 1945
12777,9095,Diplomacy: Classical Variant
12778,3921,Street Illegal
12779,44125,Ogre Castle
12780,13919,"Shiloh: The Battle for Tennessee, 6-7 April, 1862"
12781,18690,Urban War
12782,127229,1830 Cardgame
12783,158604,Aristo-Maze
12784,234274,Wing It: The Game of Extreme Storytelling
12785,479,Bambuti
12786,162614,Santa's Bag
12787,10573,Poison Pot
12788,1916,Shuttles
12789,7641,Three of a Crime
12790,1405,Adventurer: A Game of Man to Man Brawling in the Far Future
12791,240415,Desktop HEBOCON Battle Kit
12792,282332,Waterloo: Napoleon's Last Battle
12793,337961,Transformers Deck-Building Game
12794,77200,All Time Championship Soccer
12795,116737,Six Day War: 1967
12796,168834,Rocca Rails
12797,5590,Hallo Dachs!
12798,259501,Xerxes
12799,33427,S'quarrels: A Game of Absolute Nuts
12800,4349,Jutland: Duel of the Dreadnoughts
12801,175265,Piñata Party
12802,226330,Trash Lords
12803,245644,Kobold
12804,76994,Target: Leningrad
12805,80934,Cité
12806,228310,Captain Dice (キャプテンダイス)
12807,11499,"Chariot: Tactical Warfare in the ""Biblical"" Age, 3000-500 BC"
12808,85165,Chess 2: The Sequel
12809,302268,Godtear: Eternal Glade Starter Set
12810,193103,Ameritocracy
12811,191135,Vivarium
12812,247576,Poetry Slam
12813,8533,Quintillions
12814,173666,Renaissance Wars
12815,445,Die Osterinsel
12816,123386,Baden-Württemberg Catan
12817,81100,Bohnanza Fun & Easy
12818,55841,Schwarzes Gold
12819,557,Laguna
12820,8743,"Saipan: Conquest of the Marianas, June 1944"
12821,235841,Telma
12822,97329,El mundo de Águila Roja
12823,171548,Bermuda
12824,183404,In A Bind Jr
12825,282863,Astroforce: The Dice Game
12826,244203,Red Panda
12827,16719,Manhattan
12828,8461,First Team: Vietnam
12829,132773,Ovni
12830,99791,Road to Enlightenment
12831,264742,Jabberwocky
12832,230130,Forsaken Forest
12833,38829,Greater East Asia War
12834,13094,Category Game
12835,153486,Age of Assassins
12836,175824,Labyrinx
12837,56022,Dice of the Living Dead
12838,280730,Monster! Monster!
12839,36674,Albion 20
12840,149814,Guild Stack
12841,275086,Above
12842,51199,Epic Solitaire Notebook Adventures
12843,7095,Call My Bluff
12844,6768,Battlestar Galactica
12845,263175,Torpedo Dice
12846,249312,War for Indagar
12847,107027,"Operation Anaconda: Battle in Afghanistan, March 2002"
12848,1390,Auf Kurs
12849,177927,Res Publica: 2230AD
12850,166633,Bounce-Off
12851,11011,Ancient Conquest
12852,660,Riffifi
12853,4650,Across the Board
12854,12352,Kineti-Go Magnetic Shuffleboard
12855,163565,"Pirates, Ninjas, Robots, & Zombies"
12856,76920,Orient Bazaar
12857,33140,Hyper Slide
12858,198060,Lex in Lemniscate
12859,204397,Warhammer Age of Sigmar: Storm of Sigmar
12860,233094,MS Batory
12861,10236,Byzantium
12862,7367,More Backpacks and Blisters
12863,86003,Aether Captains
12864,51401,Pentalath
12865,4683,Prochorovka: Armor at Kursk
12866,183340,Der Schatz der 13 Inseln
12867,11993,"The Cossacks Are Coming!: The Tannenberg Campaign August and September, 1914 – 2nd Edition"
12868,38924,Amerigo
12869,20130,Liebrary
12870,166767,Imperial Harvest
12871,158968,Maha Yodha
12872,6509,The Oilman Game
12873,187032,Lettow-Vorbeck East Africa 1914-1918
12874,10822,The Seven Years World War
12875,34245,Wizards of Mickey CCG
12876,39708,Roliça et Vimeiro 1808
12877,285102,Dans les Cordes
12878,15399,Kharkov 1943: le coup de maître de Von Manstein
12879,116736,Somali Pirates
12880,303552,Magic: The Gathering – Unsanctioned
12881,12129,Giant Monster Rampage
12882,32414,Manimals: Europa 1
12883,179560,Wo ist bitte Umtata?
12884,223946,War of Supremacy
12885,6448,Murder Mystery Party: A Taste for Wine and Murder
12886,182581,Super Hazard Quest
12887,123399,Dragon Quest: Slime Race
12888,178572,Waterloo: Quelle Affaire!
12889,262122,Quix!
12890,147145,Primate Fear
12891,321305,Crime Zoom: A Bird of Ill Omen
12892,7943,BattleTech: Battletroops
12893,86169,King's Valley
12894,213631,"To Unlimited, and Beyond"
12895,24483,Wackee SIX
12896,86538,Black Stories 6
12897,20136,Rabohnzel
12898,231960,Sunny Day
12899,200549,Royal Defense
12900,709,Dragons of Glory
12901,153120,Transylvania: Curses & Traitors
12902,12676,Mini Car Wars
12903,17209,Cineplexity
12904,225274,Deep Space D-6: Armada
12905,158243,Dragon Slayer
12906,329613,Paper Apps: Dungeon
12907,160494,"War in the Wind: The Battle of Attu Island, 1943"
12908,18588,Les Fils de Samarande
12909,388,Finale
12910,313274,Alhambra: Roll & Write
12911,5258,Star Trek: The Next Generation – Interactive VCR Board Game – A Klingon Challenge
12912,176071,Sitting Ducks Deluxe
12913,140626,Target: Iran
12914,328859,Hula-Hoo!
12915,244073,Heróis de San Villano
12916,6529,Panzer Grenadier: Airborne
12917,197,HellRail: Second Perdition
12918,246094,PJ Masks: Team of Heroes
12919,9932,Champs de bataille: Soissons 486 et Poitiers 732
12920,172932,Flashlights & Fireflies
12921,275214,Among Thieves
12922,130912,The Lord of the Rings Dice Building Game
12923,11531,Snake Pit
12924,5692,Flintloque
12925,13915,"Bastogne: The Desperate Defense, December 1944"
12926,148330,Burning Rome
12927,22756,Optimus Princeps: Les Guerres Daciques
12928,256334,Dungeon WC
12929,2567,Who Stole Ed's Pants?
12930,132452,Pink Hijinks
12931,246728,Gunfights & Gamblin'
12932,23707,Venus Needs Men
12933,3238,Rally: Risk and Evaluation on All Roads in the Worlds
12934,7184,Weapons & Warriors: Pirate Battle
12935,36599,Level Up
12936,1252,Pyramidis
12937,283790,Truck Off: The Food Truck Frenzy Roll And Write
12938,265585,Linkee 3
12939,130764,Mr. Card Game
12940,167787,Die die DIE
12941,319921,Elf: Journey from the North Pole
12942,27373,Guillotine
12943,224662,Sushi War: All You Can Hit!
12944,109070,Eden: Survive the Apocalypse
12945,210097,Nisyros
12946,129308,Border War: Angola Raiders
12947,220541,Museum Heist
12948,1130,Halali
12949,2205,The Lost World Jurassic Park Game
12950,12111,Grand National
12951,10221,Over the Top! Four Battles from World War One
12952,3229,"The Game of Medici: Arms, Loves and Betrayals in XVth Century Europe"
12953,19372,Dragon Lairds
12954,173770,Swamped
12955,22329,Fatal Frame: The Card Game
12956,130725,Jackal & High
12957,3485,Anno Domini
12958,61319,Uppsala: Città d'Italia
12959,10261,Blitzkrieg 1940
12960,695,Fibonacci
12961,18084,Anno Domini: Schweiz
12962,166341,7 & 7
12963,319600,Die Seher von Santiiba
12964,181390,Buttons
12965,66695,Sumoku
12966,2713,James Clavell's Noble House
12967,287711,The Path of the Adventurers
12968,7203,Ophidian 2350 CCG
12969,206061,Snooker Solitaire
12970,192984,Revenge of the Dictators
12971,175864,Stratego Conquest
12972,60158,Fast Food
12973,84776,Summy
12974,38825,Chosin: X Corps Escapes the Trap
12975,330401,Dokojong
12976,282389,Robinson Crusoe: Escape from Despair Island
12977,47130,Shootin' Ladders: Frag Fest
12978,16323,Panzer Korps
12979,1698,X-Men: Under Siege
12980,235819,Scribble Time
12981,238510,Farkle
12982,27071,Sardines
12983,26869,Little Thunder Witch
12984,3265,NUTS!
12985,4172,Veracruz: U.S. Invasion of Mexico 1847
12986,256957,Monkey Temple
12987,7657,Astron
12988,154778,AssassinCon
12989,15548,Trivial Pursuit: DVD – The Lord Of The Rings Trilogy Edition
12990,1028,Kraut & Rüben
12991,8544,Battle for China
12992,52332,Sherlock Deluxe
12993,200632,QANGO
12994,7578,Word-Whiz
12995,241488,Where's Mr. Wolf?
12996,333348,Dirge: The Rust Wars
12997,175221,Orphan Black: The Card Game
12998,260212,The Forgotten City
12999,213301,Murder at Blood Mansion
13000,3604,Mamba
13001,246723,Krom
13002,267404,Warlords of Erehwon Rulebook
13003,6085,East & West: The Third Mondial War
13004,7065,Pusher
13005,98931,Pirates of the Caribbean: Master of the Seas Strategy Game
13006,182214,Gremlins Inc
13007,32639,Politico
13008,274442,hexaGONE
13009,14299,Tunisie 1943
13010,25302,Austerlitz 1805: Le choc des cavaleries
13011,193699,Konflikt '47
13012,164022,On to Paris 1870-1871: The Franco-Prussian War
13013,34419,Kheops
13014,116231,Wordz
13015,307715,High Noon
13016,175516,MoonQuake Escape
13017,187515,Zooscape
13018,191681,Lagoonies
13019,136086,"Die Welt: Singapur, wo liegt das nur?"
13020,5303,APBA Pro Hockey
13021,28843,300: The Board Game
13022,26141,Tavern
13023,260282,Pet Evil
13024,277903,7: The Sins
13025,6672,Seven Seas to Victory
13026,569,Maestro
13027,83907,Assist
13028,209734,Conflicting Legends
13029,69687,Anzio/Cassino
13030,8329,"Pegasus Bridge: The Beginning of D-Day – June 6, 1944"
13031,8703,"The Ardennes Offensive: The Battle of the Bulge, December 1944"
13032,174618,Schäferstündchen
13033,284821,Bossin' Space
13034,335541,We Care: a Grizzled Game
13035,81588,OMEGA
13036,3617,Operation Pegasus
13037,165090,CLUE: Firefly Edition
13038,257924,Globe Twister
13039,15267,Des chiffres et des lettres
13040,192323,Rory's Story Cubes: Rescue
13041,6611,Battlelines: The Stalingrad Campaign
13042,1816,Mississippi
13043,285250,Pencilvillage
13044,123223,Pike & Shotte
13045,5755,Guadalcanal
13046,154904,Easy Breezy Travel Agency
13047,457,Jumbo Grand Prix
13048,143403,Petits meurtres & faits divers: au tribunal
13049,325704,Escape Room: The Game – 2 Players Horror
13050,3838,Firestorm
13051,1663,Clue: Dungeons & Dragons
13052,111855,Lumacorsa
13053,145027,Pentos
13054,42256,Cold War Battles 2: Pentomic Wurzburg & Kabul '79
13055,11160,Think: Memo Crime
13056,274445,Embers of Memory: A Throne of Glass Game
13057,37997,Zombie Cinema
13058,248366,Brutality
13059,3892,Star Blazers Fleet Battle System
13060,39084,CrossWise
13061,8245,Bloody Buna
13062,1701,Toscana
13063,256486,Polyssimo Challenge
13064,121987,Crimebox Investigation
13065,297478,Cortex + Challenge
13066,5668,Mini Mastermind
13067,11763,Campaign for Guadalcanal: Long Lance & Henderson Field
13068,2600,Gods
13069,27682,Ultimate Werewolf: Whitebox Edition
13070,39279,Somosierra 1808
13071,7558,Battlegame Book 2: Knights at War
13072,147251,Lembitu
13073,16432,Vinegar Joe's War: CBI
13074,260980,Power On!
13075,10880,Calciomania
13076,339214,HIT !
13077,283073,Zoo Run
13078,63710,Silk Road Maker
13079,1082,Invers
13080,17684,"Operation Star: The Soviet Winter Offensive, 1943"
13081,257841,Yogi Guru
13082,234614,Rory's Story Cubes: Explore
13083,34305,Legends of the High Seas
13084,8161,Fall of Berlin
13085,65554,Sounds Like a Plan
13086,19676,Escrete
13087,197893,Crazy Mistigri
13088,103328,LIXO?
13089,158487,Dragon Tides
13090,1832,Spree!
13091,33812,Island Trader
13092,290025,Astronomy Fluxx
13093,163062,Mare Nostrum: War in the Mediterranean
13094,27687,Star System
13095,182198,Superfight: The Anime Deck
13096,1289,All The King's Men
13097,297318,¡Desplumados!
13098,73091,Momentum
13099,274557,Match Up! Travel
13100,315882,Santa Cookie Elf Candy Snowman
13101,97751,Hit the Throttle!
13102,92777,Ragnarök: Aesir and Jötunn
13103,124034,"Position Magnifique: The Battle of Mars-la-Tour, 1870"
13104,279776,A Sheer Butchery: Solferino 1859
13105,255227,カマクラコレクション (Kamakura Collection)
13106,255235,WW2 Deluxe: The War in Europe
13107,313750,Personal Space
13108,244702,Geistesblitz Junior
13109,208377,Guardians' Chronicles: Clash of Heroes
13110,8833,Firefight: Modern U.S. and Soviet Small Unit Tactics
13111,218235,Ticket to Mars
13112,8571,Austerlitz 1805: Napoleon's Greatest Victory
13113,209225,Vikingjarl
13114,20054,"Red God of War: The Soviet Operation Mars, 1942"
13115,14012,Boing!
13116,237834,Rattaneer
13117,234834,Apocalypse au Zoo de Carson City
13118,11050,Bastogne or Bust (Second Edition)
13119,269145,Mū
13120,7723,"Yeoman: Tactical Warfare in the Renaissance Age, 1250-1550"
13121,34118,Ultimate
13122,198778,SYNOD
13123,7003,The Battle of Britain
13124,5162,Chinese Chess
13125,154281,Legends and Lies
13126,97747,Electronic Taboo
13127,109215,Gunship: First Strike!
13128,177641,Tinker Tailor
13129,241492,Cubeez
13130,60682,Gift Trap mini
13131,331056,Mozzaroller
13132,275817,Yum Yum Island
13133,6885,Rebels & Redcoats: Volume I
13134,257604,Macbeth
13135,199497,Squirmish
13136,270237,Red Peak
13137,13290,Byzantium Reborn
13138,3560,Ice War
13139,298143,Nutty Noodles
13142,6924,Shot and Shell: Naval Combat in the Civil War
13143,298545,Spoilers: The Game – Travel Edition
13144,335467,白と黒でトリテ (Trick-Taking in Black and White)
13145,239907,Seat Wars
13146,224011,Gold Armada
13147,231457,Bitskrieg
13148,335131,Sticky Cthulhu
13149,310968,Bite and Write: The Treaty of Rodentia
13150,312744,Titanic
13151,344114,Bag of Chips
13152,133421,Bankraub
13153,2474,Götterdämmerung
13154,3666,Raider!: A Tactical Game of Commerce Raiding in WWII
13155,267732,Who's She?
13156,228742,Bushido Breaker
13157,6920,The Omega War
13158,7112,NATO Division Commander
13159,13498,Epic of the Peloponnesian War
13160,38038,UNO Flash
13161,282255,Zimbabweee Trick
13162,11674,"The Lost Battalion: The Meuse-Argonne Offensive, 1918"
13163,124918,Raid the Pantry
13164,174049,Sandcastles
13166,177995,"Graveyards, Ghosts & Haunted Houses"
13167,4017,Charlemagne: Dark Ages in Europe
13168,39382,18EZ
13169,165797,Der unendliche Fluss
13170,2263,Crusades II
13171,312965,Hogs of War: The Miniatures Game
13172,17765,Blam!
13173,302465,Obsidia
13174,32031,Art of War
13175,69815,Arnhem '44: The Operation Market Garden Boardgame
13176,85124,The Battle of Stalingrad
13177,112557,Guild
13178,174128,Zambezi: The Expedition Game
13179,254498,Girl Genius: The Works
13180,264843,El Maestro
13181,5346,Skittle-Bowl
13182,167238,Zombie Terror
13183,21061,Go/Stop
13184,25944,Julchen und die Monster
13185,6049,Czechoslovakia 1938
13186,178154,One Hit Kill
13187,2061,A Line in the Sand: The Battle of Iraq
13188,90004,Kniffel Extreme
13189,38287,Beep! Beep!
13190,183839,Flip a Bird
13191,107173,Stalag 17
13192,79312,Zombie Survival: The Board Game
13193,257994,Trappist One
13194,163688,Six Sons of the Sultan
13195,20675,King's Blood
13196,112532,Feed the ducks
13197,226426,Valerian: The Alpha Missions
13198,6742,Dungeons & Dragons Chainmail
13199,12189,The Patrons of Venice
13200,39070,Rappakalja Extreme
13201,6036,Tet '68
13202,31067,Luftwaffe: Aerial Combat – Germany 1943-45
13203,5955,Patton Goes to War
13204,282216,Wolves of Mercia
13205,11601,Botts and Balls
13206,84864,Insidious Sevens
13207,3615,Agincourt: The Triumph of Archery over Armor
13208,195149,DETHRONED: The Real-Time Combat Card Game
13209,22427,Miscellaneous Game Book
13210,246510,Wissembourg et Spicheren 1870: Premiers combats en Alsace-Lorraine
13211,190073,The Contender: The Game of Presidential Debate
13212,254322,Marvel Strike Teams
13213,2395,Thoughtwave
13214,12562,Sunrise of Victory: The 1942 Campaign in Russia
13215,10634,Napoleon and the Archduke Charles: The Battle of Abensberg
13216,9835,Paris vaut bien une Messe! Les Guerres de Religion 1562-1598
13217,278322,Pinnacle
13218,166648,Imagidice!
13219,162680,War of the Worlds
13220,182276,Marvel Heroclix: Infinity Challenge – Premiere Edition
13221,5459,No Dice
13222,162022,6 nimmt! Schnupperspiel
13223,8985,The Lord of the Rings Labyrinth
13224,147465,Scribe's Arena
13225,256480,Disastles
13226,210065,SLAPZI
13227,241964,Home on Lagrange
13228,111802,8-Bit Invaders
13229,34744,Clue Express
13230,277931,King of Indecision
13231,121322,Knights of Ten
13232,312968,Pitch&Plakks
13233,790,Terra Turrium
13234,273433,Tentacle Town
13235,231316,Fly Down
13236,56685,Insula
13237,155406,Football Stars: Jogo de Cartas Ilustradas
13238,276023,Shadows of Macao
13239,1304,Credo!: the Game of Dueling Dogmas
13240,206446,Gämsh Alpin
13241,185987,Waroong Wars
13242,251481,Braintopia Beyond
13243,2814,Rapid Recall
13244,3772,Mystick Companion
13245,298631,Don Carlo
13246,286295,Quantik
13247,182228,Hordes of Grimoor
13248,162660,Secret Moon
13249,284107,Zodiac Clash
13250,11930,Renju
13251,3067,James Clavell's Shogun Card Game
13252,301614,ドキッと！アイス (Dokitto! Ice)
13253,11433,Operation Spark: the Relief of Leningrad 1943
13254,69587,Get Nuts
13255,5298,Curses!
13256,246911,Streets Of Steel: Kickin' Asphalt
13257,262447,MeowMeow Mia
13258,292333,Cowboys II: Cowboys & Indians Edition
13259,258325,Banjooli Xeet (Second Edition)
13260,141829,7-Card Slugfest
13261,283609,Rubik's Cage
13262,147372,Irish Freedom
13263,31412,Dungeon Plungin'
13264,273092,Crumbs
13265,280742,Godzilla Total War
13266,182172,Allies: Realm of Wonder
13267,278359,Runes & Regulations
13268,8747,Chinese Farm: Egyptian-Israeli Combat in the '73 War
13269,268762,Kibble Scuffle
13270,222741,DIG
13271,67542,Essentia
13272,13593,Drive on Damascus
13273,115325,Les Maréchaux: Junot 1808 –  Soult 1809
13274,153916,Sergeants D-Day
13275,220848,Pentaurus: Duel
13276,146188,Mauna Kea
13277,7129,Force Eagle's War
13278,26306,Vietnam Solitaire
13279,15683,War For the Motherland
13280,39089,Tiku
13281,127433,Dahschur: Die Rote Pyramide
13282,23724,Dragon Chess
13283,202581,Ascendants of Aetheros
13284,2716,Suzerain
13285,250348,Stock hold'em
13286,92186,Aether Captains: Pirates and Traders
13287,209748,Find Your Seats
13288,282390,Tattoo Brawl
13289,217344,Die Gärten von Versailles
13290,183459,Halfling Feast
13291,171258,Cabaret
13292,138616,Shift: The Single Card CCG
13293,10394,Avalanche: The Salerno Landings
13294,230316,Dice of Pirates
13296,465,Zankapfel
13297,207310,Infected
13298,118561,Sequence
13299,269440,Botanists
13300,191687,Jungle Party
13301,190264,Eye Found It: Journey Through Time
13302,3532,Damocles Mission
13303,12160,APBA American Saddle Racing
13304,218637,Dr. Beaker
13305,236861,Full Moon Jacket
13306,3979,Wabanti
13307,4794,Soldier King
13308,10065,Pokémon Master Trainer II
13309,191201,Siege of Sunfall
13310,159685,Deal: American Dream
13311,155577,Jungle Speed: 20 Years
13312,25313,An Evening With Bram Stoker's Dracula
13313,280143,Volcanic Isle
13314,96703,Aether Captains: Clockwork Cabal
13315,195476,Master Thief
13316,5828,Aachen
13317,265019,MAMEY
13318,6907,Mai '68 Le jeu
13319,140939,Actionworks
13320,209538,Alexandria
13321,182101,Dark Matter
13322,23614,Imperial Sunset: The Battle of Leyte Gulf 1944
13323,19416,Celtic Quest
13324,136954,Road Rally USA
13325,39530,Element
13326,256609,Nunami
13327,161148,Monsoon Market
13328,150323,Berserk: Knights and Villains
13329,57310,Hau La
13330,41878,Coast-to-Coast Rails
13331,177477,Tavern Fame
13332,12146,Gonnect
13333,60574,Mausgeflippt
13334,8909,Lu Zhan Jun Qi
13335,10557,The Black Prince
13336,170867,Battle of Durak
13337,8804,Stoner Fluxx
13338,17448,Rocketmen: Axis of Evil
13339,10266,"Armati: Rules and Lists for Ancient, Medieval & Renaissance Wargaming"
13340,88045,From Overlord to Berlin
13341,191049,Smugglers
13342,10038,Fateful Lightning
13343,150623,Flippin' Fruit
13344,220930,Optimates et Populares
13345,264221,Mini Miners
13346,150424,Ghost Division: The 7th Panzer Division's Drive to the Sea
13347,42216,Death Note Investigation Card Game
13348,310846,Urgency
13349,222913,Qwarks
13350,27665,Korsoun 1944
13351,38828,"The Finnish Front, 1941-42"
13352,8180,Floriado
13353,446,Avalanche
13354,30111,Ludus Gladiatorius 2
13355,123915,Anyways
13356,292013,Fresco: Card & Dice Game
13357,223455,Terra-017
13358,313776,"Defending America: Intercepting the Amerika Bombers, 1947-48"
13359,20587,Nuts!
13360,34948,All Queens Chess
13361,256708,Limbo: Eternal War
13362,223674,Zombie Tsunami
13363,61477,My Kind of Town
13364,227813,Doctor Who: Exterminate! The Miniatures Game
13365,8243,Rolit
13366,258184,The Battle for Ramadi
13367,207905,Magic: The Gathering – Duel Decks: Speed vs. Cunning
13368,71889,Third and Long: The Football Card Game
13369,2096,Caprice
13370,28102,Sakkara
13371,19732,Berserker Halflings from the Dungeon of Dragons
13372,94371,"The Battle of Blenheim, 1704"
13373,116402,"Sheep, Dogs and Wolves"
13374,232358,Killing Code: Venice Vendetta
13375,217298,Anansi and the Box of Stories
13376,11435,Lee Takes Command
13377,208217,Morpheus
13378,119782,Paiko
13379,98046,Sake & Samurai
13380,218905,L'Arbre
13381,18966,Marvin Marvel's Marvelous Marble Machine
13382,306074,The Butterfly Garden (Second Edition)
13383,39324,Pass the Popcorn! Game
13384,103843,Fandooble
13385,268255,Cactus
13386,37633,Lightning: Poland
13387,298147,Einer geht noch!
13388,221982,Animagicians
13389,2310,Cash
13390,260322,Potions Class
13391,17615,1792: La Patrie en Danger
13392,17119,Head-to-Head Poker
13393,300725,Ripple Rush
13394,257967,Speed Cups⁶
13395,19634,Crossword Pyramids
13396,186142,Mythomakya
13397,232300,Wallet
13398,94338,Paradisio
13399,204407,Toire o Yogoshita nowa Dareda?
13400,153292,Nobody is Perfect: Mini Edition
13401,66825,Kraken-Alarm
13402,152985,Omertà: Clan ohne Plan
13403,33857,Prince of Chaos: Battle for Tae Orn
13404,298705,Animal Rescue
13405,214970,ORE-SOME
13406,3993,Necromancer
13407,13742,Void 1.1
13408,188759,Invasion Afghanistan: The Soviet-Afghan War 1979-1989
13409,249362,SSO
13410,24079,Katoiz
13411,324344,§egment Trix
13412,244083,Haste Worte? Das Würfelspiel
13413,153724,Pie Factory
13414,150599,Takara Island
13415,47414,City of Guilds
13416,13960,Pirates & Plunder
13417,33581,Mwahahaha!
13418,242317,Postcard Dungeons
13419,625,Business
13420,204141,Cat Town
13421,148939,A Night in Deepwail Manor
13422,108459,Strat-O-Matic Baseball Express
13423,125608,The Current Number of the Beast
13424,178397,Samhain
13425,23957,Stand at Mortain
13426,134069,Alexander's Campaign
13427,146747,TF22: RELOAD!
13428,194640,Under My Bed
13429,264157,Star Trek: Conflick in the Neutral Zone
13430,2762,Alpha Playing Cards
13431,146152,Flash 10
13432,249692,Rare Roses
13433,184664,Sandwich Masters
13434,5725,The Journeys of Paul
13435,36737,Army Ants
13436,89386,Quiz: Iisen Ikima Show !
13437,66964,The Last of the Independents
13438,312594,The Forest Watch
13439,23999,Tie One On
13440,34890,"Assault on Sevastopol: Von Manstein in the Crimea, 1942"
13441,199382,Kingsport Festival: The Card Game
13442,158341,Zaginione Dziedzictwo: Wieża Białozłota
13443,104769,Jungle Speed: Electronique
13444,100275,C. C. Higgins Rail Pass
13445,19246,Catherine the Great
13446,298017,Treelings
13447,10589,"Bittereinder: The Second Anglo-Boer War, 1899-1902"
13448,2031,Starship Command
13449,13771,Hellfire Pass
13450,35040,Elemental Rift
13451,178984,Civicus Dice Game
13452,280729,Les Guerres du Roi Soleil 1667-1713
13453,5723,Shattered States
13454,6008,Ruweisat Ridge: The First Battle of El Alamein
13455,10968,Crash Canyon
13456,8888,August Fury
13457,156023,El Cinéfilo
13458,19304,Rebels & Redcoats: Volume III
13459,4413,Star Trek III
13460,349131,Splitter
13461,7354,Bomber: A Game of Daylight Bombing of Europe
13462,10308,The Campaigns of Frederick the Great
13463,254695,Inoka
13464,207351,Nimbee
13465,9194,Personality
13466,20543,Pirates!
13467,144993,Clusterfight!
13468,142219,All Quiet on the Martian Front
13469,103236,Fusion
13470,117986,Card Goblins
13471,1691,Whodunit
13472,296044,Fruit Picking
13473,26604,Forceball
13474,16673,Over the Top: Command Decision Series Game
13475,341164,Exploding Minions
13476,285707,DUBITO
13477,4320,The Air-Eaters Strike Back!
13478,295571,Deckscape Crew vs Crew: The Pirates' Island
13479,172465,Tabletop Pathologic
13480,284192,Fairy Season
13481,336195,League of Dungeoneers
13482,5198,Stalin's Tanks: Armor Battles on the Russian Front
13484,205263,StoryLine: Scary Tales
13485,17146,Rommel at Bay
13486,20036,Spinnentwist
13487,272697,Newfoundland Jam
13488,166260,Demonslayer: Siege of Mt. Kunlun
13489,22999,"25 Words or Less: People, Places and Things Edition"
13490,21342,The Great Chili Cookoff
13491,125547,Grimoire Shuffle
13492,218612,Face de bouc
13493,89478,Imaginiff: 10th Anniversary Edition
13494,270512,Gone Fishing
13495,252962,Sports Dice: Football
13496,144412,Power Play: Schemes & Skulduggery
13497,28017,Bleff
13498,37392,Fleets 2025: East China Sea
13499,6797,Voice of the Mummy
13500,303544,Bill & Ted's Riff in Time
13501,2826,Jackpot Yahtzee
13502,271043,UNDO: Blood in the Gutter
13503,342703,Balada
13504,35122,"Yetisburg: Titanic Battles in History, Vol. 1"
13505,226736,Good Little Martian
13506,94140,"Mirror, Mirror"
13507,31770,Joker Marbles
13508,172312,Tausch Rausch
13509,6890,The Last Blitzkrieg
13510,226,Isi
13511,168077,Dragon Ball Z TCG (2014 edition)
13512,3330,Peloton
13513,268185,Warhammer: The Game of Fantasy Battles (Fourth Edition)
13514,276280,Spring on a String
13515,165627,Rincala
13516,297139,Potato Pirates: Enter the Spudnet
13517,314009,Pirate Legends
13518,192496,Clash of the Cards
13519,21666,Mad Scientist University
13520,225740,Skull Port
13521,90002,Meatgrinder: Battle for  Xuân Lộc 1975
13522,274049,Nope!
13523,208073,XYbrid
13524,226502,Gladiator Gauntlet
13525,20302,Punch!
13526,185350,One Night Werewolf: Monster
13527,1235,Yellowstone
13528,182915,ILIOS
13529,9971,Seasons: The Calendar Rummy Game
13531,176557,My Fair Princess
13532,206437,Drinking Quest: Journey into Draught
13533,67022,RisiKo! Challenge
13534,96342,Black Stories: Holiday Edition
13535,200871,Hanna Honeybee
13536,6615,Napoleon at Austerlitz
13537,54501,Die Insel der steinernen Wächter
13538,133535,Foosball tabletop soccer
13539,190047,Into the Black: Boarding Party
13540,283849,The Only Word: the Party Word Game
13541,82397,Genesis
13542,8902,Das Quiz des 20. Jahrhunderts
13543,29281,Party & Co: Original
13544,1053,Orbit
13545,223286,Bullets and Teeth
13546,5727,Europe at War
13547,344839,Dog Lover
13548,113700,Dash! A whimsical race through Singapore
13549,4780,Der Herr der Ringe: Die Zwei Türme – das Kartenspiel
13550,73536,The Chinese Civil War of 1930
13551,37718,"The Games of War:  A Treasury of Rules for Battles with Toy Soldiers, Ships and Planes"
13552,9113,In Flanders Fields
13553,185302,Xtronaut: The Game of Solar System Exploration
13554,179912,Gladiator: Quest for the Rudis
13555,269077,The Game of Wolf
13556,286885,Mokuru: Card Game
13557,3402,Modigliani
13558,5964,American Civil War 1861-1865
13559,7567,Proteus
13560,18083,Anno Domini: Münzen
13561,251399,Doxie Dash
13562,218489,Clutch Baseball
13563,146262,Formissimo
13564,182225,Drinking Quest
13565,18248,Diceland: Cyburg
13566,13979,The Big Push: The Battle of the Somme
13567,12319,Quandary
13568,2836,Dragon Lance Mage Stones
13569,101668,Time's Up! Green Edition
13570,302840,Carcata
13571,301662,Epic Spell Wars of the Battle Wizards: Hijinx at Hell High
13572,191432,Town of Salem: The Card Game
13573,68943,Aether
13574,108679,Mow Money
13575,8046,Alien Space Battle Manual
13576,201917,Mech Command RTS
13577,95607,Killer Bunnies and the Conquest of the Magic Carrot
13578,205496,PaiMiahhh
13579,166991,Addictive Alchemy
13580,10998,Word Jam
13581,229297,Before the Earth Explodes
13582,69543,Lemonade Stall
13583,89972,15
13584,111142,Zombie Town
13585,308126,The Coding
13586,2161,Tyranid Attack
13587,8089,X-Machina
13588,41428,Consensus Movie Edition
13589,7566,The War of the Worlds
13590,649,Thieves of Bagdad
13591,150923,Pirates! Card Game
13592,12142,"The Battle of Austerlitz, December 2, 1805"
13593,89807,Bradley's D-Day
13594,245750,Sonic the Hedgehog: Battle Racers
13595,12202,Battle of the Atlantic
13596,8363,Turning Point: The Battle of Stalingrad
13598,165471,Col-Or-Form
13599,285529,Dragon's Breath: The Hatching
13600,11129,"Krim: von Manstein's Battles for Sevastopol, 1941-1942"
13601,246346,Cat'astrophes
13602,245058,The Neverland Rescue
13603,164428,Ultimate Scheme
13604,289494,Drogi do Rzymu
13605,512,Holiday!
13606,245134,Dackel Drauf!
13607,162578,Collapse
13608,2284,Fight!
13609,183528,Captain Black
13610,23643,Nine Navies War
13611,148138,Mat Goceng
13612,20643,Friesen-Törn
13613,2720,Shooting Stars: A Tactical Game of Fighter Combat in Space
13614,175867,[microfilms]
13615,33692,Brandubh
13616,145206,The Other Hat Trick
13617,17644,Rebels & Redcoats: Volume II
13618,178266,Fate Of Akalon: Tribes
13619,192349,Risky Adventure
13620,283713,Final Fantasy XIV: Gold Saucer Cactpot Party
13621,12478,Battlegame Book 4: World War II
13622,173240,Fruit Picking
13623,239452,Judge Dredd: Block War
13624,906,Abilene
13625,183305,Science Ninjas: Valence
13626,680,Dune
13627,293691,Rick and Morty: The Morty Zone Dice Game
13628,193854,Gnomi
13629,172598,H.I.D.E.: Hidden Identity Dice Espionage
13630,286658,Ausser Rand & Band
13631,16268,Miss Monster
13632,192016,Castlecards
13633,154811,MERCS: Conflict
13634,2341,Confrontation
13635,234216,Niwa
13636,197414,Moop's Monster Mashup
13637,322148,Pocket Detective: Die Bombe tickt
13638,144486,Them's Fightin' Words!
13639,158495,Da Yu: The Flood Conqueror
13640,278142,Outpost 18
13641,265105,Red Dragon
13642,4778,Sinaí
13643,230916,Chop! Chop!
13644,184780,Dark Assembly
13645,129313,Custer's Final Campaign: 7th Cavalry at Little Bighorn
13646,184460,Back to the Future: An Adventure Through Time
13647,15159,Coloretto
13648,4296,Battles & Leaders: A Game of Tactical Level Combat in the American Civil War 1861-1865
13649,104239,bezzerwizzer kompakt
13650,6086,Okinawa: The Bloodiest Battle of the Pacific Ocean
13651,198825,Incantris
13652,155700,Happy Birthday!
13653,22336,"Kreuzverhör: Krimi-Kartenspiel für zwei ""Ermittler"""
13654,1987,Emperor of China
13655,130202,Cock & Bull
13656,288664,Straszydła
13657,96564,Engage
13658,41757,Opus-Dei: Existence After Religion
13659,220234,Time Breaker
13661,286434,UBike Tour: Taiwan
13662,12218,"Lille: The Classic Vauban Siege, 1708"
13663,185244,Autumn
13664,242328,Kontour
13665,302022,BIRDIE!: The Disc Golf Board Game
13666,31975,Retsami
13667,37477,Osaki ni Shitsurei Shima-su!!
13668,27339,3 Man Chess
13669,3947,Cannibal Pygmies in the Jungle of Doom
13670,16874,Vince Lombardi's Game
13671,25627,SeaRovers
13672,129969,Schlag den Raab: Das Quiz
13673,4815,The Campaign for North Africa: The Desert War 1940-43
13674,95503,Donkey: It's a Kick!
13675,312346,Munchkin Disney
13676,9759,Outta Control
13677,37370,Seii Taishogun
13678,9790,Triumph & Fall of the Desert Fox
13679,123689,Fornovo 1495
13680,26363,Nomads of Arabia: The Wandering Herds Game
13681,89898,Faux•Cabulary
13682,135557,Wizard's Brew
13683,186755,Cadaver
13684,125609,Pixel Lincoln: The Deckbuilding Game
13685,301019,Museum: Pictura
13686,11925,Quizzle
13687,186980,Holdfast: North Africa 1941-42
13688,259064,Das Maß aller Dinge
13689,154674,Castle Assault
13690,15721,N-Tropy
13691,307369,Instacrime: Munford
13692,194505,Tallinn
13693,9111,War of 1812
13694,287552,TransAmerica & Japan
13695,7815,Secrets of the Deep
13696,288098,Shadow Raiders
13697,288068,Steven Universe: Beach-A-Palooza Card Battling Game
13698,291415,Ostkrieg: WWII Eastern Front
13699,160614,Soqquadro
13700,130223,Auf die Nüsse!
13701,232238,New Lost Legacy
13702,1331,Showdown Yahtzee
13703,173408,Legends of Empires
13704,10914,Hannibal: Rome and Carthage in The Second Punic War 219-202 B.C.
13705,269504,Two Robots
13706,130685,Construction Zone
13707,176433,Zombies vs Cheerleaders
13708,119193,Crazy Creatures of Dr. Gloom
13709,208543,"Dwarves: Dig, Delve, Die"
13710,285892,Boss Quest
13711,55999,Les Nettoyeurs
13712,282287,Rescue Animals
13713,229408,Death Show TV
13714,173372,Hawken: Real-Time Card Game – Sharpshooter vs. Bruiser
13715,115370,Cuttle
13716,90375,Mieses Karma
13717,310196,The Original Sherlock Holmes and His Baker Street Irregulars
13718,63433,Tantrix Gobble
13719,39034,North Pole
13720,244939,Greedy Dragons
13721,191999,Uglydoll Loonacy
13722,24658,Avanti mare!
13723,41305,Orchard: The Card Game
13724,189218,曼荼羅 (Mandara)
13725,173514,Meeple Quest
13726,277003,Exiled Legends
13727,233933,Kitty Cataclysm
13728,303635,Rat Attack Party
13729,175704,Racing Hedgehogs
13730,347146,Salvage
13731,243612,Brain Connect
13732,218615,Tropico
13733,1873,Babylon 5 Component Game System: Core Sets
13734,6507,Major Campaigns of General Douglas MacArthur
13735,4021,"Road to Richmond: The Peninsular Campaign, May-July, 1862"
13736,2369,Fiasko
13737,230955,El Aprendiz de Merlín
13738,258512,Communist Cats
13739,37391,Scotland Yard
13740,151972,Village in a Box
13741,231872,Heirs of the Wizard King
13742,320677,Noch mal!: Kids
13743,362,Elefantenparade
13744,10084,Stuff Yer Face
13745,235865,Skogen
13746,301099,Lupos
13747,142996,Dragon vs Bear: China vs Russia in the 21st Century
13748,256502,Whales Destroying The World
13749,179,Nuba
13750,50560,Sherwood Showdown
13751,4176,Armies of Arcana
13752,1820,Z-G
13753,127572,Battleship Live
13754,231302,The Cat Game
13755,134618,Zen Garden
13756,18247,Diceland: Dragons
13757,47408,Acqua Dolce
13758,38637,Age of Scheme: Routes to Riches
13759,276832,Fantasy Ranch
13760,1045,Malawi
13761,244725,Show & Tile
13762,234657,TRUT
13763,266421,Ubongo! Fun-Size Edition
13764,143085,7 Dice Wonders
13765,4894,Three For All!
13766,196342,Word Porters
13767,26124,Draco Mundis
13768,179020,La bataille de Jemmapes
13769,291550,Foto Fish
13770,20881,You Must Be an Idiot!
13771,209976,Código Enigma
13772,284845,Bananagrams Duel!
13773,10611,The Battle for Jerusalem 1967
13774,6995,Castle Danger
13775,35546,Aronda
13776,261355,Cortex Challenge 3
13777,196031,The Pioneers Program
13778,146999,Katapult
13779,20050,Tekeli-li
13780,179973,GobbleStones
13781,10946,The American Civil War
13782,68201,Topology
13783,298261,Mekhane
13784,96188,Nuts!
13785,56195,Galaktico
13786,287346,Kai-Zen
13787,150143,Guerra en el Pacífico
13788,324884,Monster 12
13789,129038,Wolsung Steampunk Skirmish Game
13790,244910,Brainwaves: The Astute Goose
13791,29106,Letter Roll
13792,200957,NecronomiCORP
13793,130053,Compatibility 15th Anniversary Edition
13794,138127,Night Eternal: The Game
13795,203215,Robit Riddle: Storybook Adventures
13796,281310,Waters Edge
13797,28454,The New Yorker: Cartoon Caption Game
13798,955,Super Giant Monster Showdown
13799,7378,Sprouts
13800,255478,Ninja Squad
13801,142981,"The Greek Civil War, 1947-49"
13802,184490,Mein Schatz
13803,131346,New York Kings
13804,21188,Liar!
13805,203673,Complicated Board Game the Card Game
13806,216360,Karty Dżentelmenów: Epizod Drugi
13807,230146,Obelisk
13808,173302,News@11
13809,24994,"Island of Death: Invasion of Malta, 1942"
13810,223790,Neon Knights: 2086
13811,16617,"The Wilderness Campaign: Lee vs. Grant, 1864"
13812,14137,Party Animals
13813,13436,Hopp hopp Häschen
13814,1952,Long Short
13815,241486,Kang
13816,46991,À la charge: Normands et Byzantins
13817,256170,Schönbrunn
13818,236905,Castles of Caleira
13819,297570,Biber Gang
13820,207335,Mandrago
13821,236827,Vudulhu
13822,1516,USAC Auto Racing
13823,39914,Zombiegeddon
13824,66197,Spiel mit Lukas: Dribbel-Fieber
13825,11469,Phalanx: Tactical Warfare 500-100 BC
13826,241323,Letter GO!
13827,1460,Earthquake
13828,68340,Tell Tale
13829,30879,Police 07
13830,208801,Phobos Rising!
13831,35635,Get to the Chopper!!!
13832,257814,Cats
13833,4196,Fantasy Forest
13834,138682,Spy or Die Trying
13835,148592,"Bigfootses, The Card Game"
13836,30438,Tous au dodo
13837,247714,Kids of London
13838,244528,Der geheimnisvolle Zaubersee
13839,25045,Mechaton:  Giant Fighty Robots
13840,310885,Belaad: The Land of Swords and Quills
13841,39872,Guess Who? Extra
13842,9062,Borodino '41
13843,41148,Fuzzy Tiger
13844,309319,Apogee
13845,211492,Wonky: The Unstable Adult Party Game
13846,132188,Spin Monkeys
13847,181083,European Union: The Board Game
13848,20920,Candle Quest
13849,265293,Space Worm
13850,328286,Mission ISS
13851,228420,Schneeble
13852,11937,Red Army: The Destruction of Army Group Center
13853,38763,11 de Setembre. Setge 1714
13854,1378,Odysseus
13855,6460,The Testimony of Jacob Hollow
13856,165737,Flip 9
13857,341286,Eriantys
13858,203002,Zampa La Granja
13859,182869,Hong
13860,76681,The Kingdoms of Crusaders
13861,8122,Konane
13862,8428,Shenandoah: A Civil War Games of the Valley Campaigns – 1862 and 1864
13863,17735,Jailbreak
13864,197928,Dreamwars
13865,4015,MacArthur's Return: Leyte 1944
13866,216367,Taiwan Monsters Brawl
13867,246409,Fences
13868,24013,"Bitter Victory:  The Invasion of Sicily, 1943"
13869,318551,Fiesta Mexicana
13870,10264,"The First Afghan War, 1839-42"
13871,149459,Assaultous
13872,17591,Mohawk
13873,3008,Wicketz
13874,220199,Snappy Dressers
13875,318702,Tumbleweed
13876,9010,Dvorak
13877,33624,Trivial Pursuit: Deluxe
13878,6748,Scum: The Food Chain Game
13879,69632,Greenrock Village: Tatort – Hotel
13880,10605,Stratego Tournament
13881,7939,Vector
13882,204429,More Bloody Nights
13883,14523,Sergeants: On the Eastern Front
13884,5893,Haunted Mansion Game
13885,139627,Dragon Teeth Washer
13886,254613,"ROLL for Your Life, Candyman!"
13887,7337,Shining Path: The Struggle for Peru
13888,3528,Priceless
13889,38679,Tenka
13890,72373,R-Eco Recycle
13891,2011,Top Banana
13892,295646,Spyfest
13893,188527,Stramash
13894,315267,Tuppfehler
13895,3240,Victory at Sea
13896,300400,Crossed Words
13897,247394,EXO: Mankind Reborn
13898,196256,TRIUMPH: A card-arranging strategy game
13899,162038,Private Die
13900,284227,Munchkin Disney DuckTales
13901,91442,Zwerg Riese
13902,217229,Ubongo Junior 3-D
13903,6625,Seapower & the State
13904,195535,The Architect
13905,150197,Les Guerres de Bourgogne 1474-1477
13906,257073,Trollfjord
13907,84991,Bizzarie
13908,242900,Brutus
13909,5199,The Lords of Underearth
13910,128072,Vege Tables
13911,1753,Im Märchenwald
13912,118537,Fortress Sevastopol
13913,2214,Saga
13914,271447,3 Laws of Robotics
13915,325611,Runes of Zun
13916,2415,The High Kings of Tara
13917,193436,Double Ditto
13918,229910,Gangs of Britannia
13919,204323,Planet Rush
13920,9973,"Cauldron: Battle of Gazala, May 1942"
13921,220674,Mercatores
13922,8911,On to Moscow
13923,11766,SS Amerika
13924,37741,Secrets of the Third Reich
13925,153723,Dr. McNinja's Legendary Showdown
13926,259945,NFL Showdown
13927,269756,3 Secrets: Crime Time
13928,30261,Bushwhackin' Varmints out of Sergio's Butte
13930,88402,Crappy Birthday
13931,129603,Παλέρμο: Το Μεγάλο Ξεκαθάρισμα
13932,244080,Fenix
13933,11707,USN Deluxe
13934,7708,Hisss
13935,21479,Knight Moves
13936,146290,Malacca
13937,871,Fire
13938,1649,Colonisator: The Twelve Planets' War
13939,127093,Stormy Seas
13940,37612,Apples to Apples to Go
13941,144413,Shindig Machine
13942,176642,ひとひら (Hitohira)
13943,194231,Poker Assault
13944,198537,Buck: Legacy (2nd Edition)
13945,164091,Reis de Portugal
13946,93997,1000 and One Treasures
13947,121663,SłowoStwory
13948,1110,Kathai
13949,284323,Cro-Magnon: First Steps of Civilization
13950,244506,Last Stand
13951,13715,Surakarta
13952,227265,Kleiner Fuchs Tierarzt
13953,327371,Psycho Killer
13954,5055,The Great War 1914-1918
13955,1029,Lieber bairisch sterben
13956,261838,Borders of Kanta
13957,35492,Wiedeń 1683
13958,931,Corner
13959,218943,WordSpiel
13960,54986,duck! duck! SAFARI!
13961,231801,Party & Co: Extreme 3.0
13962,9988,Solferino 1859
13963,199394,Marooned! A solo game of survival
13964,191906,Family Flutter-By
13965,291048,"Lord of the Chords: The Geekiest, Punniest Music Theory Card Game"
13966,5933,Red Sky Morning
13967,6042,Samurai Sunset
13968,181194,Cucina Curiosa
13969,150827,Monster City Planners
13970,23404,Les morts aux trousses
13971,2160,Robots!
13972,256233,Mountains
13973,164930,BANG!: Halo
13974,1210,Cults Across America
13975,286247,Hedgehog Hop
13976,134884,ZnajZnak
13977,69233,Schloss Schlotterstein: Das Kartenspiel
13978,231575,Hero's Crossing
13979,194966,Among Thieves
13980,102698,Hull Breach!
13981,186265,Minecraft Card Game?
13982,154243,Menu Mash-Up
13983,79216,Plateau X
13984,6146,S.F.3.D. Original
13985,179930,Avalanche at Yeti Mountain
13986,260238,Claim Kingdoms
13987,7799,Bloodiest Day
13988,5135,Malarky
13989,289018,On a Scale of One to T-Rex
13990,1632,Shapeshifters
13991,35934,Tile Rummy
13992,283076,Combat Arena
13993,327062,Popcorn Dice
13994,145586,sQuizz
13995,29676,Monopoly: Tropical Tycoon DVD Game
13996,10776,Sword & Shield
13997,56410,Activity kompakt
13998,7650,Battlefield: Europe
13999,2304,Knock Out
14000,162974,Chroma Cubes
14001,221938,Careta
14002,257965,BiberClan
14003,2217,Columbus
14004,39029,Castle Builders
14005,191095,Scoundrel
14006,129322,Kaijudo
14007,273937,Mopsen
14008,273349,Draw Your Own Conclusions
14009,199800,Hatflings!
14010,20848,Stratego: The Chronicles of Narnia
14011,300081,Hideous Abomination
14012,257599,Invasions: Volume 1 – 350-650 AD
14013,183649,Escape the Nightmare
14014,166710,Dragon's Ransom
14015,58003,Kenta
14016,324885,Das NEINhorn
14017,94123,The Forgotten Planet
14018,176247,Mixtape Massacre
14019,219502,Templars' Journey
14020,20954,Alpen Express
14021,8990,Bantu
14022,251622,Moneybags
14023,166977,Gangster Dice
14024,9849,Ardennes 1944
14025,933,New Orleans Big Band
14026,37103,Spangles
14027,306072,Merchants of Qultah
14028,286632,Blood of the Northmen
14029,305564,Anchorman: The Game – Improper Teleprompter
14030,35508,Chainmail
14031,98352,O Último Grande Campeão
14032,25246,Esagek
14033,2917,Age of Chivalry
14034,303621,Tiny Acrobats
14035,159384,Medieval Battle
14036,2779,Sauron
14037,258783,Into the Black Forest
14038,13936,Dark Age
14039,192322,Rory's Story Cubes: Looney Tunes
14040,24186,Treasure Fleet
14041,257205,Hasp
14042,11399,Black Gold (Texas Tea)
14043,38299,Borkowo 1806
14044,233144,Manipulate
14045,32346,Super Tock 4
14046,36944,Electronic Guesstures
14047,276880,Frenemy Pastry Party
14048,4935,Test of Arms
14049,230488,Hexcalibur
14050,116739,Decision: Iraq
14051,113066,RR
14052,6478,Dictionary Dabble
14053,41496,Chickyboom
14054,3725,Qwitch
14055,138729,Hull Breach: Loyalty & Vigilance
14056,39375,The Battle of Red Cliffs
14057,260,Starship Troopers: Prepare For Battle!
14058,1364,Pillage & Plunder
14059,98780,Aether Captains: The Search
14060,188793,Game of Thrones: The Trivia Game
14061,23570,Napoleon
14062,13994,Alsace 1944
14063,6024,"Warsaw Rising: Revolt of the Polish Underground, 1944"
14064,312904,Conan the Cimmerian: The Tower of the Elephant
14065,2043,Shogun
14066,19735,Terakh: A Creative Strategy Game
14067,6771,Sceptre 1027 A.D.
14068,2354,Scan
14069,130763,Storage Wars: The Game
14070,7683,Ronda Magica
14071,9863,Champs de Bataille III: D'Alexandre à Hannibal
14072,96266,Aether Captains: Triad
14073,120781,Wild Fun West
14074,204892,You Gotta Be Kitten Me!
14075,283259,Mint Condition
14076,187199,MiG Alley: Air War Over Korea 1951
14077,341426,If It Fits
14078,130014,Hinge of Fate
14079,7522,Wave of Terror
14080,4010,Bodyguard Overlord
14081,197551,Hall of Fame
14082,267179,Port Gdańsk
14083,2864,Automania: The Game of the Motor Giants
14084,24025,Attacktix Battle Figure Game Marvel Superheroes
14085,7230,Battle for Normandy
14086,2733,Stimmvieh
14087,17967,Origins of World War I
14088,226358,Altitude
14089,30021,Wavre: The Lost Opportunity
14090,28817,Blindes Huhn
14091,486,Barnyard Buddies
14092,12280,Geistesblitz
14093,86754,I Signori dei Draghi
14094,2889,Golem
14095,7182,TimeLine
14096,257440,Dungeon Duel
14097,121043,Pass-Ackwords
14098,237311,The Smog Riders: Dimensions of Madness
14099,3643,Spellmaker
14100,196634,Nightmare Forest: Alien Invasion
14101,236713,Sea of Plunder
14102,301541,Latte Throwdown
14103,36431,Time Line
14104,29691,Look Away!
14105,279056,Pompiers!
14106,1000,Corona
14107,26795,Day of the Chariot: Kadesh
14108,282224,Cinephile
14109,2668,Picture Picture
14110,217424,Tenno
14111,10906,Beggars and Thieves
14112,145578,CLUE: The Big Bang Theory
14113,31887,AmuseAmaze
14114,279649,Balk
14115,410,D'raf
14116,21269,Finger Football
14117,177868,Game Election
14118,281257,Aeolis
14119,266769,Jinja
14120,228889,Helios Expanse
14121,284003,Sunflower Valley: A Tile-Laying Game
14122,233284,Bergnein
14123,104558,Burdigala
14124,158267,Double Feature
14125,33958,Rapscallion
14126,9048,Cinq-O
14127,316090,Vivid Memories
14128,12455,Attila: Scourge O'God
14129,7366,Flix
14130,244609,Flick Fleck
14131,25999,Hus
14132,8693,1918: Operation Michel
14133,271027,Agents: Sword and Shield
14134,243080,PlingPong
14135,84230,Pirates 2 ed.: Governor's Daughter
14136,8394,Ludoviel
14137,1875,Isolation
14138,11640,Klabberjass
14139,146157,30 Seconds Junior
14140,113337,Global War 1939
14141,19554,Plext
14142,170423,Comment j'ai adopté un gnou
14143,275738,Knitting: The Card Game
14144,311708,Oracle
14145,266381,ZU Tiles: Hime Starter Set 1
14146,5704,Capt'n Clever
14147,17267,Laserburn: Sci-Fi Combat Rules
14148,198668,Top Hats And Treachery
14149,173121,Pirato Poker
14150,96672,TieBreaker
14151,149885,Te Kuiti
14152,99062,Famous Divisions: Grossdeutschland Panzer
14153,171475,Särge schubsen
14154,109786,Serica: Plains of Dust
14155,42685,Connect 4x4
14156,94456,Color Stix
14157,157995,Noueni
14158,4048,"War of the States: Gettysburg, 1863"
14159,26786,Number Rumba!
14160,186089,Sapotagem
14161,174491,Steam Court
14162,227468,Ancient Artifacts
14163,21437,Agora Barcelona
14164,11060,Normandy: The Invasion of Europe 1944
14165,36790,Pickpocket
14166,203421,Ankh
14167,35054,Meepile
14168,134279,Mafia Casino
14169,27227,Contrario 2
14170,261491,Takla
14171,12520,"Bélisaire, la gloire de Byzance"
14172,206594,Witch Slapped!
14173,313178,Backwoods
14174,222584,Clustered
14175,19908,Clue:  Limited Gift Edition
14176,146094,Plunder
14177,198881,The Princess and the Goblin
14178,35254,Monopoly: Indiana Jones
14179,179813,Manhattan TraffIQ
14180,172557,Pretense
14181,200257,We Come in Peace
14182,257045,Murder on the Cosmic Express
14183,313100,"Bye, Felicia!"
14184,312613,Oversiege
14185,170337,Dwarfest
14186,19623,Handy
14187,291154,Timeline: Brasil
14188,23642,Storm of Steel
14189,228,Lunch Money
14190,5321,The Battle of the Little Big Horn
14191,138470,Erie Railroad
14192,1079,Tokami
14193,272078,Rat-a-Tat Roll
14194,244172,Sherlock Holmes: The Beginning
14195,4060,Undead
14196,10802,Somethin' Fishy
14197,130017,"War of the Pacific, Chile vs. Perú and Bolivia, 1879-1883"
14198,8043,Gear Krieg Wargame
14199,75668,Whist 22
14200,252530,JetLag
14201,2319,Trade
14202,17157,Forbidden
14203,166246,Sifaka
14204,198086,Rushi
14205,132322,Snug as a Bug in a Rug
14206,32429,Mouse Match
14207,106631,Space Bastards
14208,69761,Panzer General: Russian Assault
14209,8749,Mukden: Sino-Soviet Combat in the '70's
14210,12662,To the Wolf's Lair!
14211,25772,Astoria
14212,34692,Dino Detektive
14213,18701,Ludus Gladiatorius
14214,63014,Mapominoes: Asia & Australasia
14215,18791,Star Wars: Attack of the Clones Card Game
14216,195489,Slush Fund 2
14217,13316,Operation Overlord: Normandy 1944
14218,337195,Growing Season
14219,13361,Spaceopoly
14220,183976,Dice Bazaar
14221,159455,Galactic Sabacc
14222,16875,Darter
14223,255696,Jungle Race
14224,169918,Magia Cum Laude
14225,220124,5ive: King's Court
14226,178098,Sherwood's Legacy
14227,118627,Kalifiko
14228,20300,Chickamauga River of Death
14229,3812,"Breakout & Pursuit: The Battle for France, 1944"
14230,7562,Monty's D-Day
14231,32086,1939-45 Harc Európáért
14232,36751,DC HeroClix: Batman (Alpha)
14233,238968,The Awful Orphanage
14234,24024,Attacktix Battle Figure Game: Transformers
14235,213304,4 Seasons
14236,160871,Scotland Rising
14237,285028,Geek Out! Disney
14238,5396,Trade Winds
14239,7921,Round-Up
14240,18256,Quartile
14241,40102,Verdun: A Generation Lost
14242,5167,Rubik's Illusion
14243,6456,Lodz 1914: First Blitzkrieg
14244,144253,Amerika
14245,309250,Empyrean Hero: The Card Game
14246,3646,Luftwaffe: The Game of Aerial Combat Over Germany 1943-45
14247,26582,Xēko Mission: Madagascar
14248,9909,Crète 1941: Opération Merkur
14249,165640,Crop Cycle
14250,254230,Thieves
14251,21457,Cover Up
14252,2119,221B Baker St.: Sherlock Holmes & the Time Machine
14253,3954,Baseball Strategy
14254,29146,Okey
14255,209033,"Por favor, não corte minha cabeça!"
14256,284948,"Dawn of Empire: The Spanish American Naval War in the Atlantic, 1898"
14257,145649,Nowheresville: Bandit Paradise
14258,272683,Guardians of Legends
14259,73244,Cauldron: Battle for Gazala
14260,101723,Hungarian Tarokk
14261,8731,Salvo II
14262,319295,National Lampoon's Christmas Vacation: Twinkling Lights Game
14263,94476,New World Colony
14264,202478,My First Bananagrams
14265,159865,Tark Mees Taskus
14266,8979,Oodles of Doodles
14267,803,Dragonhunt
14268,315021,Strawberry Sunset
14269,281919,Mice To Meet You
14270,7838,Emmerlaus Duel of Mages
14271,205072,Disney Eye Found It!: Hidden Picture Card Game
14272,108862,Elfer raus! Master
14273,231315,Wanted: Rich or Dead
14274,7254,The Battle of Shiloh
14275,11357,Brewhouse Bash
14276,43168,Scrappers
14277,2159,Kimbo
14278,21036,Stratego: Star Wars Saga Edition
14279,90855,Scavengers
14280,158967,Kaleido
14281,3102,Banque Fatale
14282,35961,Beim Jupiter: Göttliche Sticheleien
14283,2757,Marine: 2002 – A Game of the First Lunar War
14284,186404,Vault
14285,70597,Trollland
14286,209320,Druids
14287,186510,RallyRas
14288,42188,Make 'n' Break CHALLENGE
14289,29415,HeroCard Nightmare
14290,286138,Dim Sum Jam
14291,127129,Batman: Arkham City Escape
14292,164670,Mr House
14293,5226,Rocroi 1643
14294,31797,Classic Battletech RPG
14295,121031,Franco-Prussian War 40: August 1870 - March 1871
14296,226237,RPGQuest: A Jornada do Herói
14297,69582,Buzz It!
14298,1307,Haunted Castle
14299,260524,Beyond Humanity: Colonies
14300,54073,Fish Stix
14301,178517,Black Ops: Tactical Espionage Wargaming
14302,5858,Clue II: Murder in Disguise VCR Mystery Game
14303,28050,Pixel
14304,250051,The Seals of Cthulhu
14305,5223,Champs de Bataille II: La bataille de Kadesh
14306,21987,Doktor Schlüsselbart
14307,198044,Sign
14308,340040,Neoville
14309,280148,Gizeh!
14310,14013,In Extremis
14311,9438,First Blood: The Guadalcanal Campaign
14312,5778,Chancellorsville (Second Edition)
14313,250834,Anomia Kids
14314,43693,Delve the Card Game
14315,18580,Skallywaggs
14316,163031,Cartography
14317,219208,Poison
14318,172159,King's Champion
14319,9913,"Alésia, 52 Av. J.-C.: César contre Vercingétorix"
14320,163963,League of Hackers
14321,9915,Denain 1712
14322,187000,Block Out!
14323,224635,Dragoborne: Rise to Supremacy
14324,103016,Expedition Sumatra: Dadu Dadu
14325,296363,Aztec
14326,164778,Encounters: Bravest Warriors
14327,248496,Medvěd WRR: Karetní hra
14328,783,Letter Head
14329,84017,Football Leader
14330,209053,Wicked Apples
14331,8434,Extinction: The Game Of Ecology
14332,132598,Black Swan
14333,111097,Villains and Vigilantes Card Game
14334,122168,Brethren of the Coast
14335,13299,1918: Imperial Germany's Last Chance
14336,2092,Elfengold
14337,171665,Scotland Yard Junior
14338,2003,Spectrangle
14339,12679,Scottish Highland Whisky Race
14340,24927,Scrabble Scramble
14341,231368,Arboria
14342,228724,Dead Throne: World of Veles – Deluxe Edition
14343,217430,Bellum
14344,8787,Armageddon: Tactical Combat 3000 to 500 B.C.
14345,282,Vikingatid
14346,286706,Word Bank
14347,11855,"Tamburlaine the Great: The Battle of Angorra, 1402"
14348,238041,CLUE: The Legend of Zelda
14349,231126,Small Warehouse
14350,1140,Ballonrennen
14351,149705,Croquet: A Cardboard Game
14352,154681,Flizz & Miez
14353,178053,Schatz-Rabatz
14354,117558,Escape: Fighting for Freedom
14355,4574,Slang Teasers
14356,194088,Fast Flip
14357,3081,Rubik's Flip
14358,151191,Pan  T'es Mort
14359,18732,Marvel Super Heroes Game
14360,203238,Tricky Dungeon
14361,7986,Crazy Rally
14362,7141,Crossbows and Cannon II
14363,46925,Kámen – Zbraně – Papír
14364,4049,Hammer's Slammers
14365,8518,Belisarius: The Byzantine Empire Strikes
14366,257445,Super Camelot
14367,13885,The Guns of Cedar Creek
14368,243694,Cryptocurrency
14369,2709,The Beastlord
14370,160470,Ice Cream Combo
14371,11056,Fantasy Rules! Fast Play Rules for Miniature Wargames in the Worlds of Fantasy
14372,175735,Rocca Town
14373,5380,Lancelot
14374,64877,Flashpoint
14375,31401,Knjaz'ja
14376,67037,Schatz der Kobolde
14377,126213,When Zombies Attack!
14378,18683,Salta
14379,341315,Olé Guacamolé
14380,59309,Orchard: Memo Game
14381,4878,How to Host a Murder: Grapes of Frath
14382,510,Eschnapur
14383,4379,Bug-Eyed Monsters
14384,37743,Consensus
14385,143703,NanoBot Battle Arena
14386,182960,Termity
14387,5193,The Fury of the Norsemen
14388,296353,Color It!
14389,248956,Fry Thief
14390,8728,Ultra Marines
14391,174218,You're Fired!
14392,1268,What's That on My Head?
14393,3129,1876: Trinidad
14394,3358,Affenraffen
14395,323352,Timeline: España
14396,266071,Obama Llama 2
14397,311829,The Arctic
14398,12577,Stupiduel
14399,8159,Regista
14400,294723,Dragon Ball Super: Universe Survival
14401,1985,Overturn
14402,193301,Sail Away
14403,34311,"First Battle of Britain: The Air War Over England, 1917-18"
14404,1167,Flower Power
14405,2362,Tower of the Wizard King
14406,118515,Piranhas
14407,315624,World Changers
14408,256967,Shuffle Grand Prix
14409,24020,Blitzwar
14410,252141,Monster Slayers of Slawia
14411,126255,Keltis Ór
14412,291,Courtisans of Versailles
14413,27751,Organic Soup
14414,200314,Jack the Ripper
14415,20514,Dagger Thrusts
14416,6896,MechWar 2: Red Star / White Star
14417,247199,Fanhunter: Assault
14418,101539,First Bull Run: 150th Anniversary Edition
14419,202223,Zoop
14420,234101,Samurai Vassal
14421,99880,Drop Site
14422,829,Battle of the Bands
14423,177209,"Pizza, Spaghetti e Mandolino"
14424,240844,Fungeon Party
14425,9853,Champs de Bataille IV: Asie
14426,86433,Morphology
14427,182400,Poor Choices
14428,5743,Win Place Show
14429,145897,Choose One!
14430,243437,The Cat
14431,102792,Zero
14432,286310,Blokus Dice Game
14433,31935,Scrabble Express
14434,175592,The Village Crone
14435,73242,Saipan: Conquest of the Marianas
14436,108079,Bibliogamo
14437,1570,Sirocco
14438,36554,Enuk
14439,40352,Wir spielen Einkaufen
14440,299028,Dream Catcher
14441,277109,Sencha
14442,1789,Raiders and Traders: The Heroic Age of Greece
14443,28522,Finger Ball
14444,86025,Captain Jack's Gold
14445,154515,Vampir Mau Mau
14446,237171,Last One Standing: The Battle Royale Board Game
14447,32598,Manimals: Dinos 1
14448,5877,Phantasy Realm
14449,11127,"Kursk: Operation Zitadelle, 4 July 1943"
14450,3108,Goblin
14451,36698,The Crusades
14452,11534,Risorgimento: Italy's Wars of Liberation 1848-1866
14453,85076,"The Battle of Tours, 732 A.D."
14454,35481,The Suitcase Detectives
14455,304490,Friday the 13th: Horror at Camp Crystal Lake
14456,107181,Scene It? Harry Potter: The Complete Cinematic Journey
14457,284684,Evidence
14458,236577,Five Ravens
14459,37099,Bharg
14460,117555,CLACK!
14461,210937,Dia de los Muertos
14463,94916,Zed Deck
14464,1896,The American Dream Game
14465,64656,Wampum
14466,254025,Operators
14467,255608,The Cleaner
14468,187834,Come to Fishing Village!
14469,319593,Pizzeria
14470,251445,The Perfect Moment
14471,5881,Tet Offensive
14472,412,Yukon Company
14473,1468,Anybody's Guess
14474,284585,World of Draghan: Once Upon a Dragon
14475,29286,Stratego: America's Civil War Collector's Edition
14476,120444,Project Pandora: Grim Cargo
14477,73240,Aachen: First to Fall
14478,20111,The Golf Game: Par Excellence
14479,219988,In Tenebris Lux
14480,300521,Rush Out!
14481,1341,Crib Wars
14482,153388,Faulpelz
14483,252901,Rats to Riches
14484,16018,A Greek Tragedy: The Italian Invasion of Greece 1940-1941
14485,125436,Word Winder
14486,304666,Wild Life: The Card Game
14487,325834,Candy Crush DUEL
14488,28121,Fluxx en Español
14489,116735,Oil War: Iran Strikes
14490,29736,Little Italy
14491,355,Das letzte Paradies
14492,293605,Trekking the National Parks: Trivia
14493,155484,Cheesonomics
14494,269982,More Game of Quotes: Neue Verrückte Zitate
14495,70912,UNO MOD
14496,657,Münchhausen
14497,160608,Dungeon Bazar
14498,204496,Villannex (2nd Edition + expansions)
14499,220980,Solstice: Fall of Empire
14500,43802,1940: What If Germany Went East?
14501,19351,"Dark Millennium: The Warhammer 40,000 Collectible Card Game"
14502,5335,The Horse Soldiers: Forrest at Bay
14503,42470,Aljubarrota
14504,86849,Total Soccer
14505,84609,ROLLICK!  The Hysterical Game of Clues and Collaboration
14506,23030,DaVinci's Mancala
14507,1348,Web of Gold
14508,6939,The Battle of Guilford Courthouse
14509,170583,Capture: A Medieval Wargame
14510,133992,Sorcerers of the Magic Kingdom
14511,5492,Zar
14512,6891,24 Game
14513,112445,Disaster Looms!
14514,343898,Espresso Doppio
14515,14077,Nin-Gonost
14516,136029,Le Tricheur
14517,165889,Safe Breaker
14518,18870,Wykersham
14519,12963,Succession: Intrigue in the Royal Court
14520,219661,Crop Rotation
14521,22266,Zig-Zag
14522,38334,Logan Stones
14523,218590,Pit Crew
14524,15676,Terrace 6x6
14525,245025,Paradise Lost
14526,5194,Fire When Ready
14527,6022,13: The Colonies in Revolt
14528,54707,Fantom Staré Prahy
14529,187769,Rolling World
14530,58707,Truth Be Told
14531,158774,Psychological Warfare
14532,1346,Crazy Race
14533,20240,Écarté
14534,287088,Block Happy
14535,260931,Go Go Eskimo
14536,7368,North Wind Rain
14537,174943,Ninja Arena
14538,8103,.hack//ENEMY
14539,256397,more dude
14540,7931,Remember Gordon! The Battle of Omdurman
14541,114863,Ragami
14542,11466,Peppino the Clown
14543,80908,4 Monkeys
14544,256214,Trivial Pursuit: Friends
14545,12479,Battlegame Book 5: Fighting Ships
14546,9736,"Crusader: Battle for Tobruk, November 1941"
14547,4518,Sauerbaum
14548,137780,Thématik
14549,35207,Likewise!
14550,162295,Zik
14551,14468,Blood & Iron: Bismarck's Wars for Empire
14552,258751,Whiskey Business!
14553,161773,Little Cooperation
14554,275857,Cat Tower
14555,100278,Tripolo
14556,161429,Who Stole the Cookie?
14557,302316,A Sky of Stars
14558,274205,3D Labyrinth
14559,173389,Rush Hour Shift
14561,272234,Los Muertos No Hablan
14562,192268,Cool am Pool
14563,26353,Scum
14564,187673,Hérois & Monstros
14565,166215,Tricks & Deserts
14566,41835,Minotaurus
14567,203884,CINECITTA 1937 (チネチッタ1937)
14568,3620,TrainSport: Austria
14569,112462,Schlock Mercenary: Capital Offensive
14570,156406,The Chronicles of Dragon Wing
14571,80869,MUNERA: Familia Gladiatoria
14572,32333,Die Wiege der Renaissance
14573,40006,Herkules Ameise
14574,217095,Magyar népmesék: A társasjáték
14575,6982,Mission Command Air
14576,300146,UNDO: 600 Seconds
14577,188753,ElemenZ
14578,22407,1066: End of the Dark Ages
14579,611,Ironman Football
14580,126471,Nowhere to Go
14581,24280,Mimic
14582,142158,Plucky Pilots
14583,3716,Tractics
14584,215110,Kingdom of Aer: Kingmaker
14585,8336,Top Speed
14586,191081,Schnapp den Sack
14587,283161,Chocobo Party Up!
14588,275777,Erune
14589,147136,Elemental Blast
14590,121195,Grandpa  Beck's Golf
14591,15430,Marignan 1515
14592,30945,La Bataille d'Orël Octobre 1919
14593,223597,Dance of the Fireflies
14594,32047,The Circle
14595,231196,Laurel Crown
14596,1580,Legends of Robin Hood
14597,260709,Yozu
14598,69347,Barca
14599,7506,Operation Konrad
14600,66611,Metropoli
14601,17787,Phoenix Command
14602,226085,Sailor Moon Crystal: Dice Challenge
14603,248722,Daring Contest
14604,8981,Anagram: The Ingenious Game of Juggling Words
14605,30370,E.T.I.: Estimated Time to Invasion
14606,209322,Sabbat Magica
14607,129031,Relic Knights: Darkspace Calamity
14608,282525,Catlantis
14609,84778,Tricky Safari
14610,4620,The Prestel New York Architecture Game
14611,192059,Fano330-R-Morris
14612,59650,Hatalom Kártyái Kártyajáték
14613,277481,Little Battle
14614,175313,AARRR!
14615,74203,Dungeon Venture
14616,15731,The Game of Life: Card Game
14617,205345,Anno Domini: Essen & Trinken
14618,178595,Trickster: Fantasy
14619,299191,Migration: Mars
14620,175739,Pictopia: Disney Edition
14621,12795,Big League Hockey Manager
14622,23521,Ringgz
14623,1077,Baubylon
14624,262370,Spiky Dastards
14625,183344,Ugah Ugah!
14626,32187,Chaos in the Kids' Room
14627,27852,Taifa
14628,158163,Invazions
14629,1877,Pig Pile
14630,879,Tacara
14631,151070,Gladiatoris
14632,650,Fairy Meat
14633,172559,Targets
14634,300090,Rose Ceremony
14635,110570,Black Stories 7
14636,151801,Oddly Obvious!
14637,171889,Sawanna
14638,36413,Pressure Point
14639,2989,Instinct
14640,42499,1000
14641,219348,Trivial Pursuit: Star Wars – The Black Series Edition
14642,3916,How to Host a Murder: Roman Ruins
14643,224999,Witching Hour
14644,236199,Steven Universe y las Gemas de Cristal
14645,293708,Panic in the Air
14646,123587,Triominos Challenge
14647,5197,Helltank Destroyer
14648,14698,Keep Cool
14649,22910,Naruto Collectible Card Game
14650,180133,Rubbish Auction
14651,9564,William the Conqueror: 1066
14652,100015,Zoom Zoom Ka-Boom!!
14653,18647,Colpevole!
14654,200888,Med Sirocco
14655,3155,Lumberjack
14656,165190,Boom Bokken
14657,1650,The Lord of the Rings Adventure Game
14658,255744,Scotland Yard: Tokyo
14659,8128,Atta Ants
14660,6054,Norge: the first battle between the Germans and the Allies
14661,67034,VeloCity
14662,265120,Copernico
14663,171494,Kniffel Master
14664,787,Palermo
14665,16471,Great Medieval Battles Bannockburn and Angora
14666,208419,Titan Dice
14667,283820,King Me!
14668,283699,Towers of Am'harb
14669,6414,Genius Rules
14670,3674,Fast Attack Boats: A Game of the Arab-Israeli Naval War 1973
14671,232348,Rise of the Exiled
14672,2207,Land Grab
14673,4316,"Belter: Mining the Asteroids, 2076"
14674,205156,Amis Cube
14675,4962,1914
14676,188198,Zaginione Dziedzictwo: Gwiezdne Ostrze
14677,488,Stake Your Claim
14678,57865,X610Z
14679,84453,Nexos
14680,66888,Dizios
14681,260334,Winston
14682,3500,Schmuggler an Bord
14683,301637,Crazy Fishing
14685,36510,The Game of Life Express
14686,313723,Samoa
14687,127434,Taschkent
14688,1588,Bauernschlau
14689,11510,"Robert at Bannockburn: The Battle of Bannockburn, 1314"
14690,1033,"Xenophon: 10,000 Against Persia"
14691,82577,i9n
14692,130734,Central Market
14693,167463,Kuhlorado
14694,287586,Top Secret
14695,256151,Veracruz 1631
14696,277018,Kanban Menu
14697,791,Löwendynastie
14698,688,Manchu: The Taiping Rebellion – 1852-1868
14699,140861,Operation: Maccabee
14700,5859,Minuteman: The Second American Revolution
14701,120770,Day of the Dead
14702,260037,Composition
14703,5343,Hang on Harvey!
14704,153478,Putz die Wutz
14705,129952,Make 'n' Break Party
14706,1833,The Willow Game
14707,267133,Carnavalo
14708,20828,Decipher
14709,501,Dschungelrennen
14710,37307,Fladderadatsch
14711,26080,Im Bann der Pyramide
14712,165417,Puerto Diablo
14713,130674,Loos: The Big Push
14714,240108,Pocket Sub
14715,36412,Goblin Slayer
14716,168900,D. Afonso Henriques
14717,2843,Absacker
14718,127646,Black Stories: Mittelalter Edition
14719,230063,Love Formula
14720,6897,The '45
14721,136215,Red Menace
14722,98960,Rogue Agent
14723,18843,Sombras Sobre Isla Negra
14724,279527,Orbital Conflict
14725,28596,GridIron Master
14726,318996,Welcome to Sysifus Corp
14727,162654,Villannex
14728,250284,MONSTArgh!
14729,30286,Territories
14730,218993,Candy Match
14731,233501,Yummy World: Party at Picnic Palace
14732,342,Hong Kong
14733,236533,Magos y Tabernas
14734,275634,Dungeon Royale
14735,4163,Quest for the Faysylwood
14736,311020,Marvel Battleworld
14737,7464,Battleship Card Game
14738,258725,Lord of the Fries: Superdeluxe Edition
14739,39787,Bindle Rails
14740,144420,Nichtlustig: Noch mehr Labor Chaos
14741,519,Mush
14742,10785,D-Day: The Great Crusade
14743,69721,Scrabble Trickster
14744,316760,Assault on the Marmot King
14745,153830,Tic Talk
14746,231538,Goatfish
14747,281663,Smile Life
14748,1637,Situation 7
14749,819,Quacksalbe
14750,212688,Cthulhu Crusades
14751,8748,Golan: Syrian-Israeli Combat in the '73 War
14752,162888,Phoenix Covenant
14753,1277,Fish & Chips
14754,135327,Kniffel: Das Kartenspiel
14755,8965,1 Stein + Co.
14756,126168,Oh no... INVASION!!!
14757,4677,Lee Invades the North
14758,42279,Run Wild
14759,73238,Crusader: Battle for Tobruk
14760,39802,Mountain of Inferno
14761,107464,Kabuki
14762,10716,Kemps
14763,286983,Squire: The Collector of the Glorious Rarities
14764,16741,System 7 Napoleonics
14765,33208,What?
14766,2400,The Brotherhood
14767,243191,Animale Tattica
14768,97582,Kwizniac
14769,1953,Mystic War
14770,33801,UNO: The Simpsons – Special Edition Card Game
14771,12870,Film Frenzy
14772,8960,Roma
14773,246203,Magic Mandala
14774,28609,The Game of Life: Twists & Turns
14775,5870,Syzygy
14776,4593,Blooming Gardens
14777,65243,Invasion Pearl Harbor
14778,176400,The King's Men
14779,1628,Elric
14780,3337,Double Down
14781,164201,Okoshki
14782,91440,Expedition Dino
14783,12672,It Came to Pass
14784,288430,Penguinramids
14785,113428,Cazadores de Fosiles
14786,4437,Gaudí
14787,12743,The Battle of Helm's Deep
14788,71304,Iron Man 2: Game of War
14789,158236,Tortilla de Patatas: The Game
14790,35354,Dry Gulch Junction
14791,183677,Rookie Heroes
14792,224680,Dungeon Digger
14793,323882,Dark Story
14794,4971,Viva España: A Game of the Spanish Civil War – 1936-1939
14795,10508,Leinen los!
14796,4554,Phalanx
14797,176634,Arcanya: Magic Academy
14798,276459,Kensington
14799,39545,"Reconquista! The Struggle for Iberia, 850-1250 AD"
14800,158818,Politiko (2nd Ed)
14801,39745,An Loc: 1972 – The North Vietnamese Push Towards Saigon
14802,250463,Stadt Land Vollpfosten
14803,1012,Die Magier
14804,227425,Treachery in a Pocket
14805,10265,Molotov's War
14806,330593,Go for Gold
14807,9345,Drops & Co.
14808,260033,Concerto
14809,229172,Anime Saga
14810,325828,Let's Dig for Treasure
14811,93555,Miss Lupun…und das Geheimnis der Zahlen
14812,146765,Granny Wars:  A Game of Tit for Tat
14813,160773,First to Fight
14814,11131,Hell Before Night: The Battle of Shiloh
14815,255642,Rogers' Rangers: America's First Commandos
14816,17183,1001
14817,155440,Pleasant Dreams
14818,259342,Luxantis
14819,229703,Adellos
14820,11085,Packen Wir's!
14821,145274,Quest: Awakening of Melior
14822,130286,Volcano Island Countdown
14823,159573,Taxi Wildlife
14824,247107,Catchup & Mousetard: Fast Food Battle!
14825,17352,Subbuteo Cricket
14826,150971,Lucca the City of Games
14827,201012,Chernobyl
14828,6125,Austerlitz: The Battle of the 3 Emperors
14829,43041,Black Stories: Movie Edition
14830,288087,Berridos
14831,18023,Postcard from the Revolution
14832,3731,Stock Market Guru
14833,19793,Robber Barons
14834,10386,SiegeStones
14835,166532,Cubo
14836,39245,Neu
14837,195158,Project Z: The Zombie Miniatures Game
14838,258818,Connect 4: Shots
14839,215526,RobotLab: The Card Game
14840,7956,Formel 1 Nürburgring
14841,35618,G.I. Joe Commando Attack
14842,3370,Connections
14843,193134,Memory: The Board Game
14844,257080,Fast Food!
14845,10584,Texas Revolution
14846,15066,Cat & Mouse
14847,27781,Jetsetters
14848,296354,In a Flash Firefighters
14849,140600,Scalawag!
14850,1171,Ricochet
14851,916,Pete the Pirate
14852,301638,Out Of This World
14853,4012,"Army Group Center: June 22-28, 1941"
14854,28238,Kitty Bitty
14855,156077,A Fistful of Dinero
14856,21635,Number Chase
14857,203266,Cortex Challenge GEO
14858,39527,Block Buster
14859,172550,Harry Hopper
14860,37732,Boss Kito
14861,1680,Elements
14862,28253,C.S.A. America's Civil War 1861-1865
14863,10304,Julius Caesar: Game of the Gallic Wars
14864,38466,Reflection
14865,324602,Firebase Vietnam
14866,191879,Rival Kings
14867,260563,Artline
14868,240825,Planetopia
14869,10836,Moguli
14870,154244,The South Shall Rise Again
14871,251253,Heroes & Treasure
14872,12267,Dwarves and Dice
14873,173752,The Cookie
14874,311751,I Am Death Now?
14875,41788,Striking the Anvil: Operation Anvil Dragoon
14876,7847,Blood on the Snow: The Battle of Suomussalmi
14877,40958,6 nimmt! Junior
14878,256792,The Oregon Trail Game: Journey to Willamette Valley
14879,285128,Unlock!: Une Aventure – Ralph Azham: Le Foie de l'Axolotl
14880,8589,Viele Dinge
14881,169574,Zombie Run!
14882,129625,Irezumi
14883,148430,Downtown
14884,2040,Trippples
14885,310888,Bobail
14886,211485,Wizards' Towers
14887,21634,Cincinnati
14888,235482,Utter Nonsense: Naughty Edition
14889,117975,Impact City Roller Derby
14890,38784,Flames of War: Firestorm Campaign – Operation Bagration
14891,145304,Cthulhu's Vault
14892,9869,De Bull Run à Appomatox
14893,17754,Horror House
14894,56208,The Lash of the Turk
14895,164202,Divorce! The Game
14896,135213,Stack-A-Biddi
14897,275349,Folded Wishes
14898,160868,Last Starfleet
14899,63779,Shake 'n Take
14900,281477,Lawrence of Arabia: The Arab Revolt 1917-18
14901,87926,Yago Pool
14902,39124,Huang Dih: O Grande Imperador
14903,217378,BABEL
14904,141577,SłowoStworki
14905,8201,In 80 Karten um die Welt
14906,10780,The Powerpuff Girls: Mojo Jojo Attacks Townsville Game
14907,73243,Kasserine: Baptism of Fire
14908,243927,Boom & Zoom (Second Edition)
14909,227316,Lost in Time
14910,158059,God Hates Charades
14911,213500,1672: The Lost Crew
14912,22392,T.E.G.: Plan Táctico y Estratégico de la Guerra
14913,9350,Das große Fressen
14914,44715,Pega o Pinguim!
14915,295295,Berrymandering
14916,12169,Henry V
14917,9668,MooT
14918,6268,Maze
14919,69973,Ticked Off
14921,147852,Mission: Combat!
14922,34291,Tridom
14923,300094,Droll
14924,159041,Vikings on the Volga
14925,19127,Chinese Poker
14926,231611,You've got problems
14927,4300,The Barbarians: Games of the Fall of Rome and the Mongol Invasion of Europe
14928,192500,Brynk
14929,288654,Tipsy
14930,3099,Gettysburg
14931,200396,Long Range Desert Group: Special Operations Against Rommel 1941-1942
14932,124992,Komodo
14933,806,West Riding
14934,19186,The French & Indian War: Struggle for the New World
14935,189603,Flower Fairy
14936,180910,Chronicler
14937,3829,Trainsport: Switzerland
14938,12629,Marching Through Georgia
14939,7307,Cranium Hullabaloo
14940,146247,Showdown: Icons
14941,4983,Der Herr der Ringe: Die Zwei Türme
14942,201144,Merrill's Marauders: Commandos in Burma 1943-1944
14943,150691,Rok 1863
14944,22990,Les Aigles
14945,287678,Rat Attack
14946,342016,Tetris
14947,197433,Miskatonic School for Boys
14948,294773,La Résistance
14949,9018,Trafalgar
14950,173253,Black Stories: Dark Tales Edition
14951,533,Labyrinth: The Card Game
14952,235867,Unicorn Glitterluck: A Party for Rosalie
14953,214849,Build or BOOM
14954,127436,Der Hobbit: Eine unerwartete Reise – Das Spiel zum Film
14955,6346,NBA Showdown
14956,188952,Maigo-Neko
14957,237388,Horticulture Master
14958,4855,Crazy Race
14959,263089,Zoocracy
14960,171500,El Dorado Canyon
14961,184351,Honey Wars
14962,68251,Loot and Scoot
14963,86882,Medieval Mastery
14964,227018,7 pecados
14965,257633,Nexus Infernum
14966,41329,Fire Bulls
14967,234052,Doomseeker
14968,201560,Neverland's Legacy
14969,4957,Timberland
14970,259724,EXIT Kids: Code Breaker
14971,18011,Chaturanga
14972,218842,Yukon Salon
14973,181476,Grandpa Beck's Nuts about Mutts
14974,342209,echoes: The Microchip
14975,189434,Lab Wars
14976,139137,Firefly: Out to the Black
14977,6842,Battles of the Ancient World: Marathon and Granicus
14978,116978,CITY Alarm
14979,135794,Méchanlou
14980,5897,Lie Detector
14981,42493,Giro D'Italia Card Game
14982,11289,Operation Whirlwind: Budapest – November 1956
14983,184247,Expedition Zetta
14984,141997,Chronos Conquest
14985,5927,Duel in the Desert: Rommel's Campaign in North Africa
14986,11125,The Marne: Home Before the Leaves Fall
14987,294252,Hogs Of War: The Card Game
14988,124248,Tóncc
14989,23920,Border Reivers
14990,11525,Successors
14991,181928,Last Front: The Strategy Card Game
14992,269607,Sidekick Saga
14993,7622,Morsecode ···–
14994,200836,Da Yunhe: Der Grosse Kaiserkanal
14995,128219,Shafausa
14996,104798,Evening in the Stable
14997,116194,Déclic!? Family
14998,239621,Human Era
14999,10893,Allegiance: War of Factions
15000,12506,"La Bataille du Matz, 9-12 juin 1918"
15001,8548,Gounki
15002,55686,Double Series
15003,8067,Royalists & Roundheads III
15004,5447,Wealth of Nations
15005,9907,Kharkov 1943
15006,151530,Golf 'n' Roll
15007,11512,Leipzig: The Battle of Nations – Napoleon vs. Europe
15008,15088,Storm over Port Arthur
15009,235455,Somnicum
15010,17958,Aargh!
15011,194998,Mad Love
15012,205667,Les Misérables: Eve of Rebellion
15013,284862,Beasty Borders
15014,180916,Saving Time
15015,15110,Partners
15016,175742,Alien Wars
15017,103755,Exposaurus
15018,256621,Trainsilvania
15019,184525,Obama Llama
15020,9233,Royalists & Roundheads
15021,266652,Raid on Takao
15022,124757,Famous Fastballs: The World's Smallest Baseball Game
15023,202589,Chromosome
15024,19540,Simpei
15025,205542,Dark Castle
15026,24127,Pokémon Trading Figure Game
15027,5862,Frigate: Sea War in the Age of Sail
15028,5438,English Civil War
15029,160353,LUGU
15030,35548,Jumbulaya
15031,129086,Startropolis
15032,1557,Space Empires
15033,21141,Eastern Front 2
15034,166183,Palaces
15035,197020,Andoria Battlefields
15036,93493,Perigon
15037,24485,Take Your Best Shot
15038,89610,Mr. M' s谋杀法则：拜占庭刺客
15039,171663,Attila
15040,127258,Blades of Legend
15041,886,Der Garten des Sonnenkönigs
15042,10783,The Official Dealer McDope Dealing Game
15043,20732,La conquista del Oeste
15044,148522,Dice Crawl
15045,32885,Sequence: States & Capitals
15046,180,Pool Position
15047,4784,Test Match
15048,255732,WonderZoo
15049,2384,Safe Return Doubtful
15050,189902,Space Pioneers
15051,7241,Fight for the Sky
15052,14151,Quickword: The Ultimate Word Game
15053,1504,Bakschisch
15054,124647,Top This! A Pizza Flicking Game
15055,294348,Top Gun Strategy Game
15056,9539,Beat the 8 Ball
15057,1793,VI Against Rome
15058,248421,Sonic the Hedgehog: Crash Course
15059,25448,Khan Tsin
15060,147616,Virgin Seas
15061,251987,Rainbow Knights
15062,246757,Long Cow
15063,85338,Antigua
15064,283700,Crazy Theory
15065,6365,The Totally Insane Card Game
15066,11404,LetterFlip
15067,26033,Maratón Clásico
15068,21001,Alibi Saknas: Herrgårdsmordet
15069,137179,Deck of Thieves
15070,8331,Revolt in the East: Warsaw Pact Rebellion in the 1970's
15071,6566,VisualEyes
15072,63015,Mapominoes: Africa
15073,73230,Showdown: The Coming Indo-Pakistani War
15074,9597,Vier zu mir!
15075,255695,Venture Angels
15076,261738,Blankout
15077,170555,Who Knows Where?
15078,93402,Kart sur Glace
15079,105305,Coraxis & Co.
15080,3827,Creature Castle
15081,12776,Dragonchess
15082,1688,Star Commander
15083,276641,Super Punch Fighter
15084,282410,Escape Pods
15085,16355,The Difference Between Women & Men
15086,144383,Dungeon Dwellers
15087,10533,Central Command: Superpower Confrontation in the Straits of Hormuz
15088,9398,War Games Rules  3000 BC to 1485 AD
15089,8848,Star Cruiser
15090,162727,Victory through Industry
15091,2606,Dover Patrol
15092,232874,Die rote Kralle
15093,11482,Case Green
15094,8102,Typhon sur le Pacifique
15095,118539,Medieval Conspiracy
15096,2392,Mastermind
15097,17807,Inquisitor
15098,237501,Klattschen
15099,35137,Bezzerwizzer Familieudgave
15100,5453,Granada: The Fall of Moslem Spain
15101,249047,The Abandons
15102,30164,Mechwarrior Solaris VII
15103,182799,Take a Train
15104,138015,Swish Jr.
15105,136177,Super Race
15106,329710,"Loot, Shoot, Whisky"
15107,174529,Waterloo: Enemy Mistakes
15108,298442,Novgorod
15109,3457,Tabula
15110,41712,Desafino
15111,5120,Doubles Wild
15112,57458,Darwinci
15113,35167,Quadrago
15114,209014,Front Line No Komrades
15115,6944,"The Battle of Moscow: The German Drive on Moscow, 1941"
15116,267832,Blanc-Manger Coco 2: Le déluge
15117,20533,Daihinmin
15118,5589,Full House
15119,185246,AGES
15120,274605,Pandaï
15121,254618,"Four pints, please"
15122,235696,POK
15123,1878,Moonshot the Game
15124,185288,Una Notte da Lupi
15125,160550,GodZ
15126,145653,Hemloch: Vault of Darkness
15127,164829,Flea Marketeers
15128,290500,Flip & Fish
15129,164645,"Mine, All Mine!"
15130,270632,Bon Appetit!
15131,63497,Pochspiel
15132,180915,Storytelling
15133,7526,Welfen und Staufer
15134,288606,Coraline: Beware the Other Mother
15135,142584,"Moby Dick, or, The Card Game"
15136,22464,Margin for Error
15137,20204,Drunter und Drüber
15138,38390,Exalted: Legacy of the Unconquered Sun
15139,292,Attacke
15140,28306,Inversé
15141,223222,Midnight Taboo
15142,37686,Où étiez-vous?
15143,1004,Der Feuersalamander
15144,11339,Korea '95
15145,180210,tak•tak
15146,20630,Corintho
15147,148581,District-Z
15148,210966,Quadrum
15149,118325,RoboTroc
15150,209488,The Game of Things: Travel/Expansion
15151,530,Entenrallye
15152,51624,Know It or Blow It
15153,273699,Weird Alchemy
15154,209578,"Little Bird, Big Hunger"
15155,262443,Shadow Blocks
15156,224596,9 Card Siege
15157,30951,Nanu?
15158,8426,Man to Man
15159,3245,Cerberus: The Proxima Centauri Campaign
15160,10188,Sale of the Century Quizzard
15161,20708,Alamein: History’s Turning Point 1942
15162,33664,"Red Dragon, Blue Dragon: The Huaihai, 1948-1949"
15163,323236,Penalties: Animal Cup
15164,249658,Burger Party
15165,3535,Nightmare House
15166,57834,Counter-Attack! Arras
15167,24042,La Caída del Imperio Romano
15168,52827,ZoxSo
15169,191893,Gigi Gnomo
15170,37770,Palio
15171,34713,Desert Duel: First Alamein
15172,32253,Caveman
15173,10014,Norway 1940: The Kriegsmarine Strikes
15174,138167,Я твоя понимай
15175,2970,Squatter
15176,38524,Kimaloé
15177,183511,Destiny Aurora: Renegades
15178,124372,Le Petit Poucet
15179,133637,Temple Run: Danger Chase
15180,146245,Kings of Artifice
15181,5437,Raid on Iran
15182,3657,Redemption: City of Bondage
15183,16272,Little Round Top
15184,266842,The Walking Dead: Something to Fear
15185,31302,Advanced Dungeons & Dragons Battlesystem (Second Edition)
15186,41065,Longships
15187,93679,Aether Captains: Capek Golems
15188,68504,Outrider
15189,1076,Captain Future
15190,36985,Logger
15191,92661,O Jogo da Enciclopédia
15192,144957,Battle of the Scheldt: The Devil's Moat
15193,286834,Superlemming
15194,245385,Papering Duel
15195,99044,The Battle of Lepanto
15196,331126,Scrap Racer
15197,3075,Hamlet!
15198,3920,Monster Maker
15199,147418,Ajo y Agua
15200,349,Halunken & Spelunken
15201,191923,Roadkill
15202,105602,Dabble
15203,239165,Eastern Front Battle Card Game
15204,328569,Mint Bid
15205,229369,Bobbidi Boom
15206,165585,TrakkX
15207,189678,Berserk: Heroes
15208,225979,Jane Austen's Matchmaker: Chapter Two
15209,2487,Why
15210,14128,Jupiter
15211,159501,Hull Breach: Corporate Wars
15212,186947,The Grimwood
15213,67112,Deterrence
15214,288969,Puzzle-Memo
15215,29107,Hop! Hop! Hop!
15216,36332,Field Command: Singapore 1942
15217,175778,Zombies!!! Jr.
15218,88960,Godzilla: Stomp!
15219,9152,The Damned Die Hard: Philippines '41
15220,17298,Branches and Twigs and Thorns
15221,7795,"Bundeswehr: Northern Germany, late 1970's"
15222,124856,Anno Domini: Penne e Pennelli
15223,242818,Dice Wars: Heroes of Polyhedra
15224,4036,Anzio Beachhead
15225,9181,TacForce
15226,138799,LOKA: A Game of Elemental Strategy
15227,272711,Monsters vs. Heroes: Volume 2 – Cthulhu Mythos
15228,208134,Danger the Game
15229,505,Goldener Drache
15230,139728,MCS
15231,172168,Tschakka Lakka: Die rasante Würfeljagd nach dem Tempelschatz
15232,21730,Delta
15233,130598,10 Tage durch Deutschland
15234,1310,Auf Achse: Das Kartenspiel
15235,223332,King's Life
15236,25925,Origin of Failing Water
15237,308028,Drop Drive
15238,186799,Cardline: Animals 2
15239,265715,METAL
15240,166650,Gingerdead House
15241,43486,The Trial of Socrates
15242,129326,Lebanon '82: Operation Peace for Galilee
15243,22176,"Lest Darkness Fall: Rome in Crisis, AD 235 – 285"
15244,224039,Farsight
15245,23212,Cockpit
15246,151952,Gathering Storm
15247,221059,Little Action
15248,13103,Triolet
15249,175086,"San, Ni, Ichi"
15250,2725,Star Wars: Escape From The Death Star
15251,13832,Vulkan!
15252,124598,Maya
15253,141337,Gold Nuggets
15254,298397,Der verzauberte Turm
15255,137156,Zombie House Blitz
15256,64657,Sticht oder Nicht
15257,233080,Book of Dragons
15258,255651,Pocket Dragon
15259,151416,Creative Clash
15260,7995,Quits
15261,40653,Walter Wick Can You See What I See?
15262,196234,Clash d'Ardèche
15263,243757,Gangster City
15264,13547,Brain Warp
15265,246814,Trool Park
15266,244913,Brainwaves: The Brilliant Boar
15267,94571,Oh Gnome You Don't!
15268,6044,Attila: The Huns Invasion
15269,182556,Shinobi
15270,136712,"Linus, der kleine Magier"
15271,40440,Sector 41
15272,209447,BaRRacuda
15273,109643,World Conquerors
15274,142963,Cache Me If You Can!: The Geocaching Board Game
15275,202516,Blank Marry Kill
15276,82223,Feast & Famine
15277,500,MARK
15278,31556,The Russo-Swedish War
15279,127994,Heroes of Metro City
15280,147590,Habe fertig
15281,27007,For Bloody Honor: The Russian Civil War
15282,202674,Ore City
15283,153056,The War for Turkish Liberation
15284,207809,Sultans of Wind
15285,120801,Nizam
15286,119109,"Go Goblin, Go!"
15287,27618,Classic Statis Pro Baseball
15288,182136,iKNOW: Innovations
15289,8279,Death Angel
15290,144378,Help Wanted
15291,125148,Lap Dance
15292,139842,Quinto Império
15293,143666,The Majority
15294,2137,Quest for the Grail
15295,13363,CAV: Combat Assault Vehicle
15296,21879,Mastergoal
15297,180908,Alan's Adventureland
15298,274527,antyszczepionkowcy.biz
15299,22062,Le Mur de Pise
15300,6912,Cinch
15301,103745,Plethora
15302,233854,Leviathan
15303,186442,Pictopia: Star Wars Edition
15304,93678,Spring Fever
15305,137047,Pets
15306,213578,Yōkai Quest
15307,39998,Epic Trading Card Game
15308,8408,Siege at Peking
15309,2907,James Clavell's Tai-Pan
15310,11320,Samurai
15311,217015,Level 8 Master
15312,666,Stump
15313,187806,TimeBomb II
15314,162288,Nightlight
15315,8168,Campus
15316,153107,Masters of the Gridiron
15317,245240,Goblin Grapple
15318,148,Die Glücksritter
15319,218556,No Game Over
15320,2134,Rage (Second Edition)
15321,169652,Turbo Rally Card Racing: Thunder Track
15322,965,Ben Hurt
15323,9843,Barbarossa 1941
15324,131444,Like Dice
15325,194536,Back to the Future: OUTATIME
15326,7973,My Haunted Castle
15327,165447,UFO Farmer
15328,1571,Sanctuary: Thieves World
15329,231559,Quirk!
15330,131812,[_BLÄNK]
15331,3970,BattleTech Science Fiction Combat Book Game: SHD-2H Shadow Hawk
15332,5669,Salvo!
15333,103937,If I'm Going Down...
15334,42275,Black Prince: Crecy & Navarette
15335,302911,Mein Königreich für ein Pferd
15336,168226,Black Stories: Funny Death Edition 2
15337,19188,World Cup Cricket
15338,190523,CATS: a sad but necessary cycle of violent predatory behavior
15339,11527,Friedland
15340,55222,Clue: The Office
15341,66533,Turning Point
15342,250905,カゲロウ (Mayfly)
15343,1936,Paparazzo
15344,209661,Supernatural Socks
15345,228419,Baby Cruise
15346,22305,Sudoku: Duell der Meister
15347,19399,Socken zocken
15348,168728,The Hen Commandments
15349,231966,Stworze
15350,14585,Scene It? Turner Classic Movies
15351,13818,Jurassic Jumble
15352,1054,Pacific Northwest Rails
15353,259525,Mystical Seeds
15354,41107,Onexeno
15355,157406,LACORSA Grand Prix Game
15356,139026,Q•bitz Extreme
15357,171543,Pronto
15358,220137,Scurvy Dice
15359,31558,"First Blood: Second Marne, 15 July 1918"
15360,11421,Uisge
15361,90016,Tricky
15362,287863,Monopoly Gamer: Sonic The Hedgehog
15363,6983,Jungle
15364,5086,Electronic Mall Madness
15365,169768,Space Opera
15366,180157,Magical Treehouse
15367,66969,Zagłada Atlantydy
15368,21412,Take Your Pick
15369,130841,Stratego Card Game
15370,3815,"World War II: European Theater of Operations, 1939-45"
15371,173673,Legendary Showdown: Machines & Magic
15372,73245,Arnhem: The Farthest Bridge
15373,267989,Tempus Imperium
15374,265219,Chicken Time Warp
15375,39451,Schätzen Sie mal! Mord & Totschlag
15376,108711,The Mystery of the Templars
15377,56759,Tricky Trek
15378,4455,"The Great Invasion: The Gettysburg Campaign June 24 – July 3, 1863"
15379,42336,Ultimate Tic-Tac-Toe
15380,143588,Codename: Oracle
15381,253568,Kings' Struggle
15382,9204,Cherkassy Pocket: Encirclement at Korsun
15383,2584,Code Name: Sector
15384,140244,Chains to Champions
15385,190330,In Your Head
15386,5707,Cuckoo Zoo
15387,6698,Shadowrun Duels
15388,20710,Tiger of Malaya
15389,957,PanzerZug
15390,3247,Planet Busters
15391,150530,Moteneba.
15392,67499,Schlafmütze
15393,200407,Rummy 17
15394,144874,Trailer Park Boys Board Game
15395,186722,True Messiah
15396,1719,Dark Emperor
15397,7386,Wake Island
15398,39104,Händler auf dem Forum Romanum
15399,17909,PS
15400,302421,SpongeBob SquarePants Fluxx
15401,6832,The Siege of Minas Tirith
15402,12811,Strat-O-Matic College Football
15403,101685,Dead Fellas
15404,14715,Dueling Nobles
15405,19201,Who? What? Where? Jr.
15406,35763,Climb!
15407,215806,IKAN
15408,107834,Montana
15409,156224,Foretold: Rise of a God
15410,14377,Windschatten
15411,2299,Lords of the Renaissance
15412,166333,Primiera
15413,33870,Quest Master
15414,187205,Randomise
15415,99227,Rallytaire
15416,148668,Turbo Rally Card Racing
15417,1866,Brainstorm
15418,29291,Tako Judo
15419,4273,Temple of the Beastmen
15420,256526,Zaar
15421,101872,"Win, Don't Lose"
15422,33414,Ghost Hunters
15423,165587,DOG Cards
15424,25924,Trivial Pursuit: Genus Edicion II (Spain)
15425,277410,Magazynier
15426,41326,Curious George: Discovery Beach Game
15427,9861,France 1940
15428,47158,Elemental Clash: The Basic Set
15429,154682,Gib Gas!
15430,229955,Nutz!
15431,57409,Shashki
15432,6879,Super Rack-O
15433,314413,Fluxx
15434,31159,Piratatak
15435,9033,The Marcher Lords: The Norman Conquest of Wales
15436,151640,Iron & Ale
15437,173669,Backstab Card Game
15438,29879,Blood & Sand
15439,16608,Jewels in the Attic
15440,180565,Die geheimnisvolle Drachenhöhle
15441,162070,Populi Turolii
15442,4675,"Knights of Justice: The Siege of Malta, 1565"
15443,223149,Village of Horror
15444,158760,Quack a-doodle Moo!
15445,3499,3-D Chess
15446,98197,Labyrinth: The Paths of Destiny
15447,73233,Golan: The Last Syrian Offensive
15448,4979,Blood Berets
15449,237630,Cortex Challenge 2: Kids
15450,1019,Le Gang des Traction-Avant
15451,7181,Myths and Legends
15452,211882,Beyond the Gates of Antares: The Dice Game
15453,163144,Scheffeln
15454,73241,Bastogne: A Desperate Defense
15455,47475,Ex illis
15456,23270,Paddle Pool
15457,25069,Med andra ord
15458,8744,"Okinawa: The Last Battle, April 1945"
15459,184861,Hawken: Real-Time Card Game – Scout vs. Grenadier
15460,268377,11:59
15461,31604,"Civil War in the Far West: The New Mexico Campaign, 1862"
15462,12018,1st Alamein
15463,7557,Battlegame Book 1: The Wild West
15464,175468,Foe Hunters
15465,236480,NOVA
15466,32688,Scene It? Movie Second Edition
15467,24083,Desert Bazaar
15468,215259,The Sock Game
15469,87876,The Card Game of Oz
15470,113456,POWER
15471,172558,Crashland
15472,242523,Dolly Crush
15473,1622,Strata 5
15474,149332,Trivial Pursuit: World of Warcraft
15475,325830,Don't Talk to Strangers
15476,76442,Those Pesky Humans!
15477,80833,Michigan Rummy
15478,274296,Wordsmith
15479,113324,Dungeon Delver
15480,186141,Tong
15481,7981,Paradux
15482,8382,Light Division
15483,144310,Artifact
15484,18765,Shabadabada
15485,143070,Even Steven's Odd
15486,91313,Ataxx
15487,4177,ShowBiz Shuffle
15488,161881,Fin Finaud questionne tout
15489,124760,Famous First Downs: The World's Smallest Football Game
15490,140179,De Poorters van Nieuwstad
15491,179304,Fisticuffs!
15492,157673,Pints of Blood
15493,253819,Monopoly: Deadpool
15494,168436,Pièces MontéeS
15495,32025,Einfach Genial Knobelspass
15496,226529,Bitten: A Game of Survival
15497,200825,Glyph
15498,2149,Renfield
15499,286891,The Last Station
15500,124264,Zombies at Your Heels
15501,138206,How Many?
15502,7336,Trivial Pursuit: The Lord of the Rings Movie Trilogy Collector's Edition
15503,25477,"Fredericksburg: The Union Repulsed, Dec. 13, 1862"
15504,17836,Warhammer English Civil War
15505,268408,Robin Hood: Hero of the People
15506,216740,Czas Zaorać Socjalizm
15507,157838,Roll For It! Express
15508,146728,Badass Zombie Killers
15509,4213,Mao
15510,112840,Mine Shift
15511,41587,Эрудит
15512,112210,Metro 2033
15513,298376,MEOW
15514,76481,Persian Incursion
15515,254029,Grand Dog Park
15516,61383,VerTIPPT nochmal!
15517,1365,Olix
15518,19630,Bone Wars: The Game of Ruthless Paleontology
15519,217680,Mexican Standoff
15520,221298,NewSpeak
15521,132261,Cosmic Empires
15522,8134,History of War
15523,2680,Stock Ticker
15524,6040,Desert Storm: The Mother of All Battles
15525,2111,Nix für Ungut!
15526,70488,GloBall
15527,58696,Bugs
15528,235249,Alchemistry
15529,243698,Djinn
15530,2756,Alien Contact: Extraterrestrial Empires in Conflict
15531,5902,Man-Eater!
15532,6130,Wohrom: Swords and Magic Against Evil Forces
15533,150422,"Bloody Ridge: Guadalcanal, 12-14 September 1942"
15534,257955,3x8
15535,153213,Livestock Uprising
15536,11124,Operation Sea Lion
15537,176887,Perspective
15538,7026,"Grunt: Tactical Combat in Vietnam, 1965"
15539,231331,Tilting at Windmills
15540,16389,Undercut
15541,173292,Cup-A-Cup
15542,242649,War Vikings
15543,280202,Social Train
15544,3435,Zwergen Ziehen
15545,219564,Final War
15546,3552,Infinity
15547,229131,Terra Shifter
15548,286831,Panic Diner
15549,203760,Estado de Sitio
15550,9496,Burma
15551,202896,Package!?
15552,230065,Ink Monsters
15553,256399,Game to Pick a Game: The Gateway Edition
15554,217268,Wyścig Odkrywców
15555,5519,Air Charter
15556,143841,Saalfeld: Prelude to Jena – 10 October 1806
15557,11562,Crimean War
15558,4434,The Poll Game
15559,261112,Predator: Partida de Caza
15560,26956,Cranium Super Showdown
15561,192352,Super-Vampire
15562,20953,Piratissimo
15563,178038,Think It Up!
15564,10256,Thirty Years War: the Great War 1618-1648
15565,323118,Crack the Code
15566,224122,AVES
15567,198142,TMNT HeroClix: Mouser Mayhem Starter Set
15568,9133,When Dragons Fight
15569,4740,"Run Silent, Run Deep"
15570,46957,Square Shooters
15571,313539,Something Wild! Villains
15572,269175,Wooly Whammoth
15573,210935,10 Dwarves
15574,7081,Portable Adventures: Lair of the Rat-King
15575,155113,Ark of Animals
15576,321711,My Very First Games: Rhino Hero Junior
15577,31557,The Egyptian Campaign
15578,1993,Troke
15579,94596,Geistermühle
15580,129315,Cactus Air Force: Air War Over the Solomons
15581,4245,Asteroid Zero-Four
15582,216301,Scotland Yard: Das Kartenspiel
15583,11027,Reich: The Iron Dream of German Unification
15584,172509,Asterix & Obelix: Das große Abenteuer
15585,251593,From Batavia
15586,8132,Winter Fury: The Battle of Tolvajärvi 1939
15587,208661,Legends of Labyrinth
15588,4580,Who Is Going to Do the Dishes?
15589,64520,Gongor Whist
15590,5724,The Great Patriotic War: Nazi Germany vs. the Soviet Union
15591,8746,"Bloody Ridge: Turning Point on Guadalcanal, September 1942"
15592,193328,Blanc-Manger Coco
15593,3664,Grand Mastermind
15594,4537,Baston
15595,66277,Sync Up!
15596,22614,Petróleo
15597,11195,Karottenklau
15598,4272,Punk sucht Lady
15599,22594,Universal Fighting System: Soul Calibur III
15600,587,Sumera
15601,21012,Pentago XL
15602,9784,Cold Days in Hell
15603,14474,The Final Frontier
15604,26446,LovePigs (Porcellini)
15605,273,Africa 1880
15606,166071,Combate de San Lorenzo
15607,94363,Vizia
15608,11689,Noble Armada
15609,21849,UNO H2O Splash
15610,205495,1001
15611,4281,Freeloader
15612,165095,Pirate Loot: Base Set
15613,29489,Tai Chi Chuan
15614,314893,Fox Matters
15615,2597,Jurassic Park III: Island Survival Game
15616,171862,Vikings: The Board Game
15617,167718,Escola de Dragões
15618,83199,Mille Grazie
15619,156113,Grim End Manor
15620,12059,"The Ottomans: Rise of the Turkish Empire, 1453-1571"
15621,38826,San Juan Hill: The Santiago Campaign 1898
15622,89611,Digger
15623,5994,Tsushima
15624,3746,Star Trek Trivia Game
15625,248157,Deadpool vs The World
15626,39834,Glenn's Gallery
15627,105004,Sarena
15628,140097,Imagem & Ação: No Limite
15629,286236,Poisons
15630,122867,Four Taverns
15631,179561,Black Stories: Das Verhör
15632,4082,Can't Stop the Turtles
15633,3325,Chartbuster
15634,262164,Mob Sitters
15635,235293,Apocalypse Z: The Board Game
15636,3305,Anticipation
15637,15334,Sag's mit Symbolen
15638,286714,Division: Throne Room
15639,88011,AstroNuts
15640,10472,The East is Red: The Sino Soviet War
15641,24826,Zatre: Das Kartenspiel
15642,257076,Vollpfosten
15643,11149,It from the Pit
15644,136415,Alles Käse!
15645,233994,Sunken Sailor
15646,15196,Flunkern
15647,290131,Cleocatra
15648,330555,5 Minuten Puzzle
15649,147931,End of Atlantis: Revised Edition
15650,117885,Chef Cuckoo!
15651,198984,Oligarchy: A Dystopian card game
15652,75783,Draco
15653,341009,Armonia
15654,266525,Yoz
15655,158851,Play Me: Alice in Wonderdice
15656,166556,Aqua Brunch
15657,32969,Innsmouth Escape
15658,37,Dragon Masters
15659,1132,Top Secret
15660,300088,"Knock, Knock! Dungeon!"
15661,4892,Dragon Strike
15662,118326,Vignobles
15663,38331,Fiese Kühe
15664,882,Derby
15665,3557,Steppe
15666,35901,Verfühlt nochmal!
15667,88900,Yaniv
15668,10326,Woods & Water
15669,8405,Hamburger Hill
15670,9343,Stapelei
15671,9189,"Rostov: The First Soviet Counter-Attack, 1941"
15672,169465,Shinobi: El Juego del Asesino
15673,36538,Dracula: El Vampiro del Castillo
15674,2532,New York
15675,135598,Pub Trivia
15676,13767,Scene It? 007
15677,7948,"Dark Ages: Tactical Warfare, 500-1300"
15678,131895,Holyland: Full Spectrum Warfare in the Middle East
15679,13017,Animal Olympics
15680,239982,The Enigma Box
15681,167579,Hawaiki
15682,218632,Grumpf
15683,6988,Nile
15684,20645,Tenakee
15685,529,Charlemagne
15686,147892,Councils & Contracts
15687,3249,Rescue from the Hive
15688,244460,Invisible
15689,139374,DTC
15690,26560,Asalto al Banco de Inglaterra
15691,5224,Vitoria 1813
15692,31380,Modern Society
15693,129224,HERO versus GUARDIAN: A Game of Dungeon Craft
15694,1173,Millionenspiel
15695,237831,Seimi in the Super Crazy World
15696,161887,Amber Route
15697,8756,Eastern Front Solitaire
15698,104814,Magic ABC Duel
15699,168220,"Deal, Gentlemen Collectionneurs"
15700,219312,MINDJOB
15701,6810,Star Wars: The Interactive Video Board Game
15702,201345,Kerosene
15703,233206,Werebeasts
15704,218854,Invisible Ink
15705,19039,Fullmetal Alchemist: Trading Card Game
15706,10753,Ações Exame
15707,202776,Imps: Devilish Duels
15708,2599,Valkenburg Castle
15709,20642,CubiCup
15710,123514,Tweegles
15711,32428,Rugby World
15712,38949,Córdoba
15713,162120,Schraube Locker
15714,8741,Indo-Pakistani Wars
15715,6053,Little Big Horn
15716,2209,Klondike
15717,4570,Wordsters
15718,94633,Conquest Tactics
15719,244269,Wizardz Bluff
15720,848,Tip Tap
15721,152761,Aztack
15722,193695,Let Them Eat Cake
15723,265571,Monopoly: Game of Thrones
15724,1884,Fireside Football
15725,212610,Munchkin Wonderland
15726,76085,Unauthorized Production
15727,209642,Sherlock Holmes and Moriarty's Web
15728,277424,Narwhal Free for All
15729,118001,Kleine Fotosafari
15730,284417,Mister Rogers' Neighborhood Game
15731,14196,Ocean Trader
15732,2098,Heresy
15733,6774,High Ground
15734,40171,Peeper
15735,10855,Le Paresseux
15736,38263,Sushi Bar
15737,65333,Das Magische Labyrinth Kartenspiel
15738,30081,Salvo!
15739,33359,Weilong
15740,115944,another damn Civilization game
15741,4285,Chattanooga
15742,10348,Second Front Now!
15743,1700,Outpost Gamma
15744,8816,Frenzy
15745,182540,Robots & Rockets
15746,245401,The Veil
15747,160420,Catalogue
15748,23081,HeroCard Cyberspace
15749,157291,Alpaca Pakapaka
15750,329230,Bluffaneer: Dice Game
15751,5860,Descent on Crete: May 1941
15752,28109,Malaya: V-Mail Postcard Game #1
15753,19361,Casablanca
15754,37059,Charioteer
15755,7491,Princess
15756,153811,Wu Wei: Journey of the Changing Path
15757,300007,Showdown Tactics
15758,231019,Competition Kitchen
15759,272803,Monopoly Gamer: Overwatch Collector's Edition
15760,34218,Slush Fund
15761,210350,Contária
15762,148117,All Hands on Deck!
15763,33803,Octego
15764,1355,Willy Waschbär
15765,218459,Think 'n Sync: The Great Minds Think Alike Game
15766,2634,Quo Vadis
15767,198886,Warage: Extended Edition
15768,3293,König Artus Tafelrunde
15769,2296,Bermuda Triangle
15770,306029,Dark Force Incursion
15771,317722,Mythalix
15772,33024,Mapominoes: Europe
15773,17285,Alfredo's Food Fight
15774,4479,Ratrace
15775,268901,"Objective Nuremberg: 7 Days to the Rhine, Volume 1"
15776,65796,Big Pirate
15777,41529,Creepers
15778,227599,Brew Dice
15779,112811,Search for Gnomes
15780,25470,Summertime
15781,87288,Cinco
15782,139660,Tasnia
15783,182193,Stealing Mona Lisa
15784,25665,Red Russia
15785,206087,Garden Gnomes: Violent Vendetta
15786,15311,Halli Galli Extreme
15787,5502,Yu-Gi-Oh! Dungeon Dice Monsters
15788,191364,Twilight Squabble
15789,186905,Monopoly: Pokémon Kanto Edition
15790,207911,Trivial Pursuit: 2000s
15791,9379,Escalado
15792,3543,Spider-Man
15793,247488,King of Con
15794,5210,Scarab
15795,259638,10 Latidos
15796,19046,Ruckus
15797,252373,Azimuth: Ride The Winds
15798,323367,Outsmarted!
15800,251137,Vietnam: Rumor of War
15801,218988,Debtzilla
15802,175274,Labyrinth: The Paths of Destiny (Second Edition)
15803,300008,Fish Club
15804,4579,Pirates des Caraïbes
15805,188292,Ten
15806,322705,Hórreos
15807,22205,Trapture
15808,8755,Destruction of Army Group Center: The Soviet Summer Offensive
15809,1065,Vigo
15810,198634,Möbi
15811,129988,Over/Under
15812,192017,Trivial Pursuit: The Big Bang Theory Edition
15813,121787,RYŪ
15814,41354,Sueca
15815,2863,The Great Downhill Ski Game
15816,15407,TATATA!
15817,43080,Miksi juuri Mäntsälä...?
15818,194438,SixStix
15819,150033,Sheepzzz
15820,121295,Coven
15821,73759,Kemomimi Panic
15822,30583,Black Ice
15823,105280,Können Schweine fliegen? Mitbring-Spiel
15824,269564,Captain Marvel: Secret Skrulls
15825,4295,Murfreesboro: A Game of the Battle of Stones River
15826,280378,Fluxx: Rick and Morty
15827,244150,Arbra Kadabra
15828,255335,Shit Happens: Too Shitty for Work
15829,26920,Turkish Checkers
15830,4853,Tripoley
15831,42311,My First BrainBox
15832,36993,COLORS
15833,124199,Raid sur Bruneval 1942
15834,136032,A Thunder Upon the Land: The Battles of Narva and Poltava
15835,25795,Hexago Continuo
15836,2428,Battle-Cry
15837,109005,Jagdfieber
15838,153820,Spot it! Freeze
15839,126771,Moo's Code
15840,259727,Owly Tribe
15841,166300,Twistocity
15842,236114,Hida-furukawa
15843,176651,Cantankerous Cats
15844,250870,Formosa Flowers
15845,276622,Borderlands: Tiny Tina's Robot Tea Party
15846,42352,Morgan's a' Comin'!
15847,7947,Lucky Catch
15848,21488,Petteia
15849,9512,"Chancellorsville: Pinnacle of Victory, April 30 - May 5, 1863"
15850,117862,Step by Step
15851,40774,Lucky Sock Dip: The Card Game
15852,5875,Last Battle: Twilight – 2000
15853,85948,Scho K.O.
15854,40416,Martians!!!
15855,16830,Over the Top! Lemberg 1914 & Verdun 1916
15856,88296,BOLSA: the board game
15857,143520,Monster Mansion
15858,60579,Poo: The Card Game
15859,18590,RPGQuest
15860,25104,Absolut överens
15861,66537,Kakuzu
15862,176523,Zombie Sheep
15863,223892,Jeopardy! Card Game
15864,334543,Rolling Dice
15865,145872,Vici
15867,10898,Tricky Fingers
15868,1616,Remember the Alamo!
15869,276264,Dominate Grail War: Fate/Stay night on Board Game
15870,184266,Wongamania: Banana Economy
15871,168654,Stier zoekt Bier
15872,205884,Schwupps
15873,84247,Âge de Bronze
15874,212668,Drawing Dead
15875,17577,Granny Apples
15876,195623,Politricks: Dirty Card Game
15877,286659,Voll verasselt
15878,20810,Jenga Ultimate
15879,217838,Babylon Tower Builders
15880,3423,Equations
15881,26067,Kropki
15882,23777,Pieces of Eight
15883,85999,Black Stories Stadt-Land-Tod
15884,15164,Rag'narok
15885,230890,Animal upon Animal: Memory Stacking
15886,193029,Tiffin
15887,2833,Wanted!
15888,8330,Rapid Deployment Force (RDF)
15889,180570,Undercover
15890,32410,Papillons
15891,85474,Verona
15892,8457,Condottieri: The Battle of Castagnaro
15893,7145,"Catz, Ratz and Batz"
15894,1146,Shadowlord!
15895,12062,Pro Draft
15896,109936,Fliegende Teppiche
15897,201305,Running with the Bulls
15898,26293,Kreta 1941
15899,93134,Einfach tierisch
15900,183346,My Very First Games: Little Garden
15901,231620,Food Chain
15902,3159,Zahltag
15903,14102,Toss Up!
15904,23402,Die unendliche Geschichte
15905,246822,Partners+
15906,19417,Third World Debt
15907,305498,Tomorrow Dies Today
15908,19442,Tally-Ho
15909,19414,H2Olland
15910,146204,Ruckus: The Goblin Army Game
15911,1960,Last Word
15912,31358,Cranium Triple Triumph
15913,180238,RevoltaaA
15914,132406,Shadow of the Sun
15915,28258,Ubongo Mini
15916,137332,That's It!
15917,4139,Rommel's Panzers
15918,67695,Nab-It!
15919,217230,The Walking Pet
15920,1861,Dragonfire
15921,792,Megiddo
15922,164187,The Battle of Bushy Run
15923,1599,StarGate
15924,13654,Yut Nori
15925,201973,Trivial Pursuit: Star Trek 50th Anniversary Edition
15926,23891,Die Kullerbande
15927,42257,Battle Spirits: Trading Card Game
15928,25013,Fagin's Gang
15929,135107,Paradise Fallen: The Card Game
15930,220198,BOLD
15931,8364,Assault on Leningrad
15932,11547,Carambouille
15933,40961,Topas
15934,153372,NichtLustig: Fäkalini
15935,7680,The Match Game
15936,155836,Hollywood Game Night Party Game
15937,131200,Quarantine Z
15938,2676,Demo Derby: Saturday Night at the Track
15939,14471,The Terminator: CCG
15940,200115,Rollers
15941,178177,Orkensturm
15942,192235,Difference Junior
15943,213260,Zoar
15944,41860,Kangaroo
15945,6003,Donau Front
15946,6124,Waterloo: The Last Great Battle
15947,7712,Cluedo  Passport to Murder
15948,16826,Barbarossa Solitaire
15949,68743,Jin Li
15950,183874,Balloon Challenge
15951,148049,Heroes of the Three Kingdoms
15952,173800,Adorable Pandaring
15953,182168,F**k. The game
15954,104351,Raphia
15955,40198,Oktoberfest
15956,102145,Defeat Into Victory: The Final Campaigns in Burma
15957,26386,RPGQuest: Oriental Adventures
15958,269072,Feelinks Revelations
15959,38747,Accused! Getting Away With Murder?
15960,194820,Mission to Mars 2049
15961,70922,Vicious Fishes
15962,165926,Calçotada Wars
15963,6660,Cubus
15964,1750,Knots
15965,83378,King Maker
15966,38868,Zanziar
15967,7080,Portable Adventures: 8th Grade
15968,157014,ESSEN
15969,27857,Blindside
15970,11407,Matching Madness
15971,9844,Batailles pour le Canada
15972,5460,The Deck of Dice
15973,92499,Djam
15974,5411,Die Schatzinsel
15975,19671,Battlestar Galactica Collectible Card Game
15976,231587,Hockey on Cards
15977,285712,Tan-tan Caravan
15978,5786,Star Trek: The Enterprise 4 Encounter
15979,3885,Gold Digger
15980,415,Espresso
15981,2839,Fair Play
15982,191216,Gob'z'Heroes
15983,140702,Cat Hiding
15984,5059,Gazala: The Clash of Armor
15985,69602,Phase 10: Das Brettspiel
15986,253705,Plucky Penguins
15987,313085,Sleep Tight
15988,168446,Doggy GO!
15989,153432,Blöder Sack
15990,2051,Pico
15991,104858,Rock Science
15992,24069,Jogo dos Conquistadores
15993,254227,Crazy Eggz
15994,1133,Organized Crime
15995,24794,Line Up!
15996,313540,Something Wild! Tim Burton's The Nightmare Before Christmas
15997,183197,Serengeti: A Race For Life
15998,55828,"Mees, kes teadis ussisõnu"
15999,287692,Kippelino
16000,107604,Privacy No Limit
16001,232385,Rat Trap
16002,2763,Touché
16003,33157,Aviation Tycoon
16004,72751,Fleeting Foxes
16005,4239,Korea: The Mobile War 1950-51
16006,3924,Smart Mouth
16007,6119,Laser Attack
16008,29020,Party & Co: Extreme
16009,274206,ESCAPE Dysturbia: Falsches Spiel im Casino
16010,70262,Long Live The Revolution!
16011,1385,Aber Hallo!
16012,2503,Godsfire
16013,93575,Double Double Dominoes
16014,32016,Gumball Rally
16015,6610,Spinergy
16016,218165,La Macarena
16017,257081,My Hero Academia: The Card Game
16018,209836,Wild West Shepherds
16019,3634,Iberos
16020,3468,Panzer Pranks
16021,176884,Reign: The Card Game
16022,13830,Metallurgie
16023,283363,What Came First?
16024,70376,Super Comics
16025,175263,4 the Birds
16026,109044,Spline+
16027,244531,Flicky Spaceships
16028,208807,Rainbow Rage
16029,231273,TerrorEyes
16030,24267,Hatu Matu: Chief of Easter Island
16031,229319,Human Interface: Be a Better Human
16032,193031,Coal Country
16033,93044,Tohuwabohu
16034,11680,Agora
16035,11790,Leapin' Lily Pads
16036,141920,Supremacy 2020
16037,97990,UNO Roboto
16038,208800,Ceres: Operation Stolen Base
16039,13357,Like Minds
16040,209812,Calabozo: La aventura de los anillos
16041,221208,MBL Pocket Pro Tour
16042,139963,FrogFlip
16043,205776,Gentleman's Deal
16044,2937,Diceland
16045,236903,Snollygoster
16046,199689,Tavern's Tales
16047,2730,Quadwrangle
16048,146161,Arche Noah
16049,179320,High Command Rapid Engagement
16050,14117,Soldier Raj
16051,12291,Animal Party
16052,29258,El Último Puente
16053,136246,Feuer & Flamme
16054,7140,Sink the Bismarck!
16055,33723,LeCardo
16056,237082,Verdammt Nochmal
16057,156962,Shazam
16058,40657,Funny Business
16059,164010,Moriarty's Machinations
16060,64426,Zug
16061,99881,Triominos Gold
16062,253861,Black Skull Island
16063,13388,The Moscow Option: Guderian's Gambit
16064,4392,Dragonstar Rising
16065,9845,Verdun 1916
16066,2958,Let's Buy Hollywood
16067,200527,Moogh
16068,204138,Women vs. Men Alias
16069,781,Tabloid Teasers
16070,22299,Marlborough: War of the Spanish Succession
16071,11446,La Ruta del Tesoro
16072,7920,Snowstorm
16073,18788,Take Your Daughter to the Slaughter
16074,36523,Castellers
16075,35256,Caledea: The Epic Strategy Game
16076,3049,Blood on the Tigris
16077,227196,Marauders of the Great Wastelands
16078,25204,UNO: Cars
16079,42066,Hotel Amsterdam
16080,19432,Hexagonal Chess
16081,236479,Alex Colt: Cadete Espacial
16082,145209,404: Law Not Found
16083,9277,Leuthen 1757
16084,90092,Bezzerwizzer Entertainment
16085,159502,Island Dice
16086,275703,Phone Bomb
16087,29352,Lupusburg
16088,2609,Das Störrische Muli
16089,40001,Mars
16090,130520,Kumbu: Dubbelzijdig Kaartspel
16091,876,Tennis Masters
16092,124761,Famous Fairways: The World's Smallest Golf Game
16093,174404,Robot X
16094,13829,Garten-Zwerge e.V.
16095,2195,Globbo!
16096,279996,Sumo Gnomes
16097,5515,Grand Master
16098,234166,Gobblin' Goblins
16099,261449,Sugar Blast
16100,31858,Geominos
16101,26244,Candy
16102,33964,Shokoba
16103,142653,IncrediBrawl
16104,232510,Timberman
16105,275085,Maiko
16106,144417,Der Hobbit: Smaugs Einöde
16107,288062,Kakerlaken Sushi
16108,255,Jena-Auerstadt: The Battle for Prussia
16109,144631,Futterneid
16110,290565,Hasty Baker
16111,20414,RPGQuest: Greek Mythology
16112,168457,HexAgony
16113,216695,Blindes Huhn extrem
16114,4516,Ragnarok: The Twilight of the Gods
16115,119525,Antartik
16116,256915,Dice & Dragons
16117,265286,War of the Three Kingdoms
16118,15139,Rapidcroco
16119,271762,Oh My Gold!
16120,136283,Memento
16121,8892,IGOR: The Mad Scientist's Lament
16122,2260,Blood and Iron
16123,13378,Mukden: Climax of the Russo-Japanese War
16124,247324,Atlandice
16125,260901,Kakerlacula
16126,175418,Aura
16127,257725,Bingolino
16128,6221,Caper
16129,7063,Double Star
16130,32946,Fluffy Bunny Tea Party
16131,1274,Cue Me!
16132,1007,Die Hanse
16133,10471,"The Franco-Prussian War: August 1 to September 2, 1870"
16134,8740,Imperium Romanum: The Clash of Legions
16135,62344,Tomb Raider: Underworld
16136,21861,Three Musketeers
16137,136523,Full Moon
16138,116849,Rimtik
16139,166,Black Death
16140,194094,Verti-Go
16141,215004,The Great Dragon Race
16142,3760,Trinity: Battleground
16143,31335,Jantaris
16144,10171,RisiKo! Master
16145,1581,London Cabbie Game
16146,11888,Bataille de la Marne 1914
16147,25758,Trüffel-Schnüffel
16148,136566,BodgerMania
16149,122069,Land of Enin
16150,188204,De 7 geitjes
16151,3059,Rebound
16152,4246,Checkpoint Omega
16153,233951,Vilar de Mouros
16154,140940,In the City: Origins
16155,257411,This Game Goes to Eleven
16156,19877,Beetlez
16157,6759,Dispatcher
16158,217671,Mag-O-Mag
16159,2131,Wildstorms
16160,252165,Role Quest
16161,10842,Insel der Schmuggler
16162,194974,DAWAK
16163,166443,Sing it!
16164,259554,Spoilers: Popcorn Edition
16165,170608,People-Person!
16166,4799,Dicemaster: Cities of Doom
16167,209649,Aurimentic
16168,7102,City of Sorcerers
16169,159570,SOS: Sheep in Trouble
16170,8262,Mücke mit Tücke
16171,247860,Fleecing Olympus
16172,5221,Quantum
16173,34009,Loopit
16174,31453,"Holy Roman Empire: Wars of the Reformation, 1524-38"
16175,8360,Lost Battles: Operational Combat in Russia
16176,40083,Cluedo Chocolate Edition
16177,173344,Booze Barons
16178,24373,Bumper Car Arena
16179,142043,Stack & Attack
16180,168535,Mops Royal
16181,91394,Ring-A-Ding-Ding
16182,26918,"Flintlock: Black Powder, Cold Steel -  Volume I: Carolina Rebels"
16183,237415,Espinas
16184,72622,Rattenkrieg: Assault on the Tracktor Factory
16185,207719,Hop le j'ton
16186,204410,Kamozza (貨モッツァ)
16187,327549,Sweetlandia
16188,25476,Hooker and Lee: The Battle of Chancellorsville
16189,1343,Mad Monks and Relics
16190,32004,Chaos
16191,179600,Fantasy Fantasy Baseball
16192,7232,Initial D
16193,141679,PicWits!
16194,4843,Give Me Liberty
16195,8652,The Haunted Clock Tower
16196,73251,Leipzig: Napoleon Encircled
16197,209893,"Go, Go Little Penguin"
16198,178933,Compact Bowling
16199,1091,Explosiv
16200,4298,Beachhead: A Game of Island Invasions in the South Pacific
16201,217863,Unauthorized
16202,295687,"Trust Me, I'm a Doctor"
16203,141107,Anno Domini: Avvenimenti bizzarri
16204,2645,Prize Property
16205,37401,Scrabble: Chocolate Edition
16206,233048,Zoomaka
16207,270501,Kawaii
16208,178028,Sort it Out!
16209,236459,Wulong
16210,286001,Dwar7s Duel
16211,4329,Drake & Drake
16212,25991,Manila '45: Stalingrad of the Pacific
16213,17962,Cranium Bumparena
16214,224937,Status Report!
16215,215065,75 Gnom' Street
16216,203170,Unlocked: The Mansion of Mana
16217,2731,Upthrust
16218,137331,Terzetto
16219,35163,Swashbuckled!
16220,59308,Volldampf voraus!
16221,20192,Meikyu Kingdom Card Game: Make You Conquest
16222,131304,Circus Grandioso
16223,199007,Adventure Time Card Wars: Doubles Tournament
16224,16970,Fanhunter Batallitas
16225,27388,Hop to It!
16226,109718,Hunting Party
16227,4445,Delphi
16228,495,Time Pirates
16229,219666,Ciudad de Cartón
16230,69356,Kalua
16231,110160,Old Men of the Forest
16232,170676,Nosocomio
16233,8365,Napoleon at Lutzen
16234,151334,Overlords: The Card Game
16235,29741,Banqi
16236,180340,Sirenen in Sicht
16237,76447,Five Fingered Severance
16238,10820,Master
16239,168055,Roots: A Game of Inventing Words
16240,178487,Bountytown
16241,202303,Western Front
16242,2372,Gazza! The Game
16243,219410,Wild Shots
16244,127947,Eagles & Missiles
16245,298477,Tellstones: King's Gambit
16246,8001,"Tahiti:  Clan Warfare, Polynesia 750 AD"
16247,209667,Golden Snitch: Snitch Snatcher – The Quidditch Game
16248,5134,Peg Poker
16249,245503,Abra Kazam!
16250,109456,Nova Cry
16251,1945,Ultimatum
16252,43295,Distrito 21
16253,277061,Dino Duel
16254,10463,Quick Chess
16255,1336,Eden
16256,32784,Russian Bank
16257,159410,Alpha Bandits
16258,103638,The Bridge to Treasure Cave
16259,251136,GiriGiri Curry
16260,11899,Le Docte Rat
16261,50356,The Bugman's Game
16262,192730,Baba Yaga
16263,12372,Shakespeare: The Bard Game
16264,5338,Ocean
16265,64430,Niche
16266,147673,Squashed
16267,20851,WrestAngel
16268,61902,Disney Apples to Apples
16269,264410,Dinos Not Assembled
16270,40609,Az Ezüst-tó kincse
16271,7143,Crossbows and Cannon
16272,86587,Monster auf der Flucht
16273,129465,Black Stories 8
16274,4851,Civil War Game 1863
16275,23596,WaveLength
16276,142859,The Offensive Band Name Generator
16277,34065,Scrabble Me
16278,1956,Game of Dracula
16279,201458,Band Manager: The Boardgame
16280,55492,MegaCorps
16281,251444,Penny Rails
16282,182736,Swords & Sails
16283,455,Am Fuß des Kilimandscharo
16284,180208,Witkacy
16285,172980,Double Mission: Beyond the Object
16286,6342,Switchboard
16287,192032,Aljubarrota: The Royal Battle
16288,31070,Horse Fair Card Game
16289,24189,Pustekuchen
16290,141087,Agora
16291,3046,"Red Sun/Red Star: The Nomonhan Campaign, 1939"
16292,284111,Drinks & Daggers
16293,21219,Red Hot Silly Dragon
16294,3527,Iliad: The Most Renowned War Legend
16295,1996,Face Off
16296,180147,Clue: Doctor Who
16297,41021,Tangram Master
16298,231,Geronimo
16299,18584,BauSquitMiao
16300,36373,The Truckers
16301,146388,Ender's Game: Battle School
16302,191205,The Ants Go Marching
16303,145765,Cucco 21
16304,3540,Tic Tac Chec
16305,181615,Nitro Glyxerol
16306,30010,Ninja Sen So
16307,8476,Le Saghe di Conquest
16308,104633,Castelli
16309,258752,Bitcoin Hackers
16310,65242,"Shiloh: Bloody April, 1862"
16311,14142,Das Prestel Nasenspiel
16312,10095,Pogo
16313,5185,Field Marshal
16314,11136,End of Empire: The French and Indian War and the American Revolution
16315,189919,Doctor Who: The Card Game – Classic Doctor Edition
16316,149112,Kill Shakespeare
16317,9076,Say When!
16318,67609,Way of the Dragon
16319,9569,The Last Starfighter Combat Game
16320,873,Offline
16321,4410,Barn Buzzin' Goofy
16322,234977,Capo della Mafia
16323,266744,Rick and Morty: Look Who's Purging Now Card Game
16324,35017,Chaos Isle: Zombi Deck
16325,65575,Hide and Eeek!
16326,4623,"The Fast Carriers: Air-Sea Operations, 1941-77"
16327,149035,Old World New World
16328,5174,Lingua
16329,98978,Take-Back-Toe
16330,6406,Hannibal: The Second Punic War
16331,9248,Taxi!
16332,11177,Cardmaster: Adventure Design Deck
16333,118697,Hand aufs Herz
16334,16802,Mastermind Challenge
16335,101766,Slate
16336,26947,Italian Checkers
16337,185393,El Macanudo
16338,5231,Orcwars
16339,147457,The Great Persuader
16340,3801,When Darkness Comes
16341,2364,Black Monday
16342,137841,Tic Stac Toe
16343,249289,Zogen
16344,22344,Fatal Rendez Vous
16345,5201,Trailblazer
16346,272325,Sprint!
16347,19957,Blitz
16348,159003,Raid & Trade
16349,238915,Dragoon: Heads Will Roll
16350,601,Take Two
16351,316594,Break In: Area 51
16352,285623,Firefly Dance
16353,25461,Pai Gow
16354,2942,Admirals
16355,148434,Gormenghast: The Board Game
16356,9070,Blood Race
16357,12856,Shove Ha'penny
16358,6805,Air Empire
16359,3077,The Game of Real Life
16360,11464,Alquerque
16361,131144,The Perfect Heist
16362,11924,Struggle
16363,155994,Movie Plotz
16364,143250,Villainous Vikings
16365,190015,Cthulhu Tales
16366,151215,Cat & Chocolate: Business Is Business
16367,133104,"Wilk, Koza i Kapusta"
16368,856,"New York, New York"
16369,172642,Dynamite: The Game
16370,3376,The Company War
16371,9319,The Train Game
16372,1727,Summit
16373,245203,Stumblewood
16374,283746,Godzilla Card Game
16375,27,Supremacy: The Game of the Superpowers
16376,148215,Sárkánytojás
16377,227318,Deadly Premonition: The Board Game
16378,2014,Thrill
16379,8863,Horus Heresy (2003)
16380,4861,Cookie Fu
16381,301946,Bivouac
16382,288648,Canosa
16383,8788,Grenadier: Tactical Warfare 1680-1850
16384,43927,Trivial Pursuit: Team
16385,140960,Raccoon Rumpus
16386,27939,Schneller als Kurz
16387,116948,Cartoona
16388,34221,Atoll
16389,3677,Ultimatum: A Game of Nuclear Confrontation
16390,244911,Brainwaves: The Wise Whale
16391,156430,Agents Secrets
16392,51067,Monopoly: The Nightmare Before Christmas
16393,25168,Magellan
16394,131450,DrachenSchatten
16395,4772,Simon de Montfort
16396,8406,Operation Solace
16397,6725,Battleship: Star Wars Advanced Mission
16398,255597,Everyone Loves A Parade
16399,42453,Triviathon
16400,4909,Fun City Game
16401,203818,Akua
16402,93577,Rocket Jockey
16403,2210,The Last Spike
16404,252990,Gift Party
16405,20112,Composio
16406,277565,Ashes to Ashes
16407,104029,Node
16408,221643,Strawberry Ninja
16409,189816,Taco Takeover
16410,243707,Fat Fish
16411,3005,Chess for Three
16412,3989,Remote Possibilities
16413,281680,Beam me up
16414,283124,Kids Against Maturity
16415,8962,The Jewish War
16416,17918,The Transformation Game
16417,10966,Battle Rider
16418,73360,Soft Underbelly: The War in Southern Italy 1943
16419,224454,Numeracy Legends and The Rainbow Unicorn
16420,41844,African Park
16421,3558,Quizzard
16422,111841,Top Promoter
16423,84454,Wer war's?: Löst das Rätsel von Schräghausen!
16424,191473,Speed Dice
16425,192237,Specific
16426,4271,Artifact
16427,128419,Dice of Arkham
16428,2317,Mückenstich
16429,37376,Gem Dealer
16430,235616,Valhal
16431,264654,Possession: A Daemonic Card Game
16432,802,Taipei: China Invades
16433,216330,Irány a Kincses Sziget!
16434,17926,Babel
16435,287304,15 Men
16436,277434,Liski: Ojojanie
16437,2349,Inspector Higgins
16438,17158,Dancing Dragons
16439,202025,Pod-X
16440,166764,Würfel Kung Fu
16441,36649,Aquarium
16442,2690,James Clavell's Shogun
16443,75292,Paying the Peiper
16444,145068,Piwne Imperium
16445,241489,Happy Bunny
16446,4625,Millennium: The Era of Invasion
16447,91513,Princess Magic Fairy
16448,15214,The McDonald's Game
16449,22753,Thing-a-ma-Bots
16450,113360,32 Dice
16451,78647,Lexigo
16452,166927,Crash Cup Karambolage
16453,6005,Korea: The Mobile War
16454,78247,Campos
16455,73367,Yamy
16456,173931,Holy Roman Empire: The Thirty-Years War
16457,168895,Corrupted Kingdoms
16458,178442,Alkemia
16459,235699,Würfelblitz
16460,166510,Magi Kitchen
16461,9246,L'Attaque
16462,31527,Formuła 1
16463,172517,Zmiennicy
16464,225481,Lowdown
16465,10809,Immer oben auf!
16466,18891,Raceway 57
16467,22644,La Guerra Civil Española (1936)
16468,41573,Schweinebammel
16469,4092,wordXchange
16470,8471,Trenchfoot
16471,16727,Play on Wordz
16472,42882,"World War IV: One World, One King"
16473,21040,Waterloo: The Fate of France
16474,224010,Medical Frontier
16475,11187,Advanced Dungeons & Dragons Battlesystem
16476,227221,Click Click Boom
16477,1120,Silver Mine
16478,4611,Haithabu
16479,5019,Buggo
16480,171221,Kniffel Kids
16481,2657,Auweier
16482,270635,World Shapers
16483,8246,Race to the Meuse
16484,125028,Colorpop
16485,33962,Match of the Season
16486,19978,Maunz Maunz
16487,274053,Vintage Racers
16488,3112,And They're Off!
16489,4259,The Trojan War: The Game of Gods & Heroes
16490,7006,Management
16491,254145,Seals
16492,298018,Memorinth
16493,6824,Gold und Rum
16494,120000,Shadow Era
16495,268921,The Goblin King is Angry
16496,11552,French Foreign Legion
16497,30000,Stratego: Transformers
16498,274635,Dual Clash Poker
16499,217827,Battle Yahtzee: Deadpool
16500,141102,DuCo
16501,860,Scotland the Brave
16502,9156,Fette Fünfzehn
16503,124387,Rule the Roost
16504,23695,Robot Face Race
16505,194079,ROX
16506,34342,Sorts
16507,5554,Vampire
16508,126159,Mausgetrixt
16509,234874,Fieber
16510,30838,Les 7 Blasons
16511,4607,Omnigon
16512,197066,Time Management: The Time Management Game
16513,38824,Marlborough's Battles: Ramillies and Malplaquet
16514,167468,Kuh Vadis
16515,293739,EL: The Chicago Transit Adventure
16516,209737,The Fairy Game
16517,1291,Input
16518,10797,Hoorah!
16519,113311,Ghost Pirates
16520,3417,Tribulation
16521,15483,Middle East Battles: Suez '56
16522,24820,High Voltage
16523,91197,Baby Boom
16524,6023,Thunder at Luetzen
16525,313817,Hello Neighbor: The Secret Neighbor Party Game
16526,4268,Razzle
16527,2176,Willi
16528,3174,Titan Strike!
16529,163478,Lunte
16530,12584,Cloak & Dagger
16531,32109,Electronic Catch Phrase: Music Edition
16532,123828,Battleship Movie Edition
16533,176859,MasterIslands
16534,3096,Ascension at Firepeak
16535,5854,Azuma
16536,162223,Mood X
16537,3349,Die Safeknacker
16538,332420,NEXUM: Galaxy
16539,180489,Los Aprendices
16540,178229,Adventure Time: Adventures in the Land of Ooo
16541,165999,Peng!
16542,4789,Trivial Pursuit: Genus III
16543,143200,Jungle Speed: Silver
16544,147824,TF22 Mine
16545,37142,There Must Be a Victory
16546,153980,Fate of the Norns: Gulveig
16547,3793,Pig Pong
16548,160488,Faras
16549,297734,Ganesha
16550,230619,Link: un juego de mesa en 8-bits
16551,67144,Frutti di Mare
16552,157586,Linkage: A DNA Card Game
16553,5118,Deduction
16554,19531,Charoodles
16555,83117,Kings of Mithril
16556,35247,Qubix
16557,8945,Stadium Checkers
16558,14024,Piracy
16559,5348,"Khe Sanh, 1968"
16560,6921,Bloodtree Rebellion: Guerilla Warfare on the Planet Somber
16561,129290,YOU are the Maniac!
16562,1192,Nanuuk!
16563,11413,Squint Junior
16564,7536,Battlegame Book 3: Galactic War
16565,43489,Politix
16567,9420,Hear 'N Seek
16568,3958,Songburst: 70's & 80's Edition
16569,151410,Cross Hares: Testing Ground
16570,76541,NBA All Star: Officially Licensed Board Game
16571,40943,bOOLeO
16572,19802,Martian Backgammon
16573,66416,The Crow and the Pitcher
16574,12823,Harry Potter: Adventures Through Hogwarts Electronic 3-D Game
16575,245376,Yu-ca-tan
16576,99707,Artefakt
16577,136563,Stack Up!
16578,16474,"Geißlein, versteck dich!"
16579,194184,Silly Street
16580,3355,Junk Yard
16581,74309,"The South Seas Campaign, 1942-43"
16582,17748,Tic Tac Doh!
16583,6706,Xerxes
16584,217959,Scrabble: Harry Potter Edition
16585,123085,MafiaDollar
16586,9565,James Bond 007 Assault! Game
16587,18780,El Día Más Largo
16588,151078,Kung Fu
16589,13031,ABC Monday Night Football
16590,65556,Sumo Ham Slam
16591,141980,Alarm!
16592,166248,Release!
16593,113517,Quadefy
16594,4237,"El Alamein: Battles in North Africa, 1942"
16595,223329,Blood Royals
16596,15614,Fantasi
16597,188389,Dragon Master: BGG Convention Promo
16598,4360,Attack in the Ardennes: The Battle of the Bulge
16599,10757,Marco Polo: Dragonda
16600,178937,El Capitan
16601,15958,Sphinx
16602,68606,12 Realms
16603,167466,Zum Kuhkuck
16604,220721,Star Plus
16605,12788,Treasure Island
16606,11498,"Centurion: Tactical Warfare, 100B.C.-600A.D."
16607,3039,Swordquest
16608,269913,Cassiopeia
16609,5797,America's Cup
16610,18563,Scavenger Hunt
16611,252580,Monster Maker 30th Anniversary Remake Edition
16612,85123,Joan of Arc's Victory 1429 AD
16613,18875,Alsace 1945
16614,23285,AirWar: Pacific!
16615,349161,Captains' War
16616,209853,Crazier Eights: Camelot
16617,46800,Tensão Total
16618,195214,Monster Lab Card Game
16619,25001,Fleet 1715
16620,140675,Enchanted Cupcake Party Game
16621,3569,Robin Hood
16622,16499,Architekton
16623,18840,Wissens-Spektrum
16624,27949,Sortie
16625,2127,Overpower
16626,239940,Fishing for Words
16627,49435,Penny Arcade: The Card Game
16628,12222,Ancients: Thapsos & Alexandria
16629,291957,Canal King Brugge
16630,451,Beutelschneider
16631,131496,Attack the Darkness
16632,53,Brauerei
16633,2473,Winkeladvokat
16635,66457,House of Spirits
16636,109017,Launchpad 23
16637,112233,FrankenDie
16638,13745,Puluc
16639,28388,Some Poles Apart: The Battle of the Westerplatte
16640,810,Amoeba
16641,12964,Space Station Assault
16642,6915,1942
16643,131163,Ghost Hunt
16644,20888,Assault on Narvik
16645,5054,War in the Falklands
16646,8008,The Construction Game
16647,2674,Coppertwaddle
16648,207063,Donkey Derby
16649,270077,Charmed and Dangerous: The Sisters Grimm – Base Set
16650,2943,Lepanto
16651,27155,J'te Gage Que...
16652,202566,Fly High
16653,21716,La Guerre de Troie
16654,5295,Tactics (25th Anniversary Edition)
16655,184443,BEARanoia
16656,3276,Skittles
16657,286261,Chrono Corsairs
16658,289720,Igen? És...
16659,192233,Karibou Camp
16660,231042,Sakura Hunt
16661,207987,No Regerts: The Game of Art and Poor Life Choices
16662,31477,Polarity
16663,4393,Elevator Eddie
16664,5779,D-Day
16665,242553,Einhorn Glitzerglück: Funkel-Bingo
16666,114405,Astronauts: The Ultimate Space Game
16667,180339,Roadkill Rivals
16668,277671,RisiKo! Edizione Torneo
16669,140386,Assassin's Creed: Arena
16670,110864,Speedway Champion
16671,12539,Amnesia
16672,42227,rioMino
16673,181089,Raben schubsen
16674,173338,Pollen
16675,249825,GrimmoiR
16676,85472,The Art of Science
16677,150978,Gatenkaas
16678,257964,Lifestyle
16679,27061,Mosquito
16680,132616,Deutschland: Finden Sie Minden? Pocket Edition
16681,304,Evergreen
16682,198269,En tu casa o donde sea
16683,111543,Teneriffa
16684,217322,Caramba
16685,2038,Skirrid
16686,262622,Absolutely Aces
16687,17517,Clue Mysteries
16688,19971,Tuppen
16689,116970,Kokoriko
16690,33086,Biafra!
16691,168174,On the Hunt for Dinos
16692,242550,Wobble King
16693,37694,Street Paintball
16694,35661,Pick a Paint
16695,5030,No Respect: Rodney Dangerfield's Game
16696,92879,Clumsy Witch
16697,256875,Sonic the Hedgehog: Dice Rush
16698,153380,Tangrams Competitive Party Game
16699,145911,Desktopia
16700,4948,Play It By Ear
16701,184900,Ophiuchus: The Thirteenth Constellation
16702,320505,Mattock
16703,164838,Flip Hue
16704,39587,Machi
16705,13623,Who's in the Bag
16706,131448,Höchste Eisenbahn
16707,40388,Dictator. Control
16708,6578,Electronic Dream Phone
16709,11292,Blood & Steel
16710,257598,MacGyver: The Escape Room Game
16711,12496,Over the Top! Mons & The Marne
16712,183777,"Wilson's Creek: Opening Round in the West, 10 August 1861"
16713,259704,Wizard Thieves
16714,23831,Ruck Zuck
16715,2495,Boggle Bowl
16716,310076,Roundforest
16717,992,Alcazar
16718,156358,The Black Rose
16719,25004,Valley of the Pharaohs
16720,275061,Rulebenders
16721,14119,Der Prestel Schlossgarten
16722,153807,Room Party: The Game!
16723,217320,Halli Galli Party
16724,6954,InterUrban
16725,209541,Dead Cat: A Quantum Physics Card Game
16726,144865,Sushi Draft
16727,18945,"Downfall: If the U.S. Invaded Japan, 1945"
16728,281429,Mammalath
16729,11476,The Atlanta Campaign: Bald Hill and Ezra Church
16730,8835,Stars and Bars
16731,208360,Venture Party
16732,1142,Sabotage
16733,40964,Unikato
16734,133886,Keep Running!
16735,114228,Little Circuit
16736,225932,Imperial Storm
16737,66245,Party Alias (Travel)
16738,4303,The Fall of South Vietnam: A Game of Combat in South Vietnam
16739,1790,Rollout: The Game of the Risk-Takers
16740,141681,Troll Hunt
16741,11116,Yarmuk
16742,88704,Oudordodo
16743,32471,Mafia
16744,40417,Der Palast von Eschnapur
16745,80296,Geistertreppe: Das Kartenspiel
16746,3946,Pyramid
16747,153484,Hedbanz Act Up!
16748,230915,Batasaurus
16749,154721,Boxes
16750,1735,Evade
16751,186461,Hunt: The Unknown Quarry
16752,3983,Sabotage
16753,251060,Saint Poker
16754,38141,Bitwy II wojny światowej
16755,7977,Balkan Hell
16756,73252,"Marengo: Morning Defeat, Afternoon Victory"
16757,277892,The Great Escape
16758,11972,Monte Rolla
16759,37680,The Heavens of Olympus
16760,184843,Cultists & Cthulhu
16761,6526,Dragon Lords
16762,6404,Seven Days Battles
16763,15712,Egyptian Ratscrew
16764,173875,Superfight: The Loot Crate Deck
16765,139177,Terrene Odyssey
16766,33782,Bonanza
16767,171430,Do Not Forsake Me (Oh My Darling)
16768,16500,Highland Clans
16769,58861,Pajaggle Boards
16770,9791,¿Pasáran? The Spanish Civil War
16771,1983,Frontier-6
16772,16760,Richthofen
16773,11126,Moscow 1941: The Enemy at the Gates
16774,11235,Golf the Perfect Game
16775,7060,NORAD
16776,34310,Hannibal's War
16777,8388,Napoleon's Later Battles I
16778,216629,Slap It!
16779,128910,Pyramid Raiders
16780,235940,Chill & Chili
16781,131126,Pescado
16782,157364,Feed the Shoggoth!
16783,27408,Dragon Ball Z CCG
16784,3338,Nimm's Leich!
16785,305587,Gierki Małżeńskie: Znamy się
16786,271942,Bathroom Rush
16787,281245,Conflicting Legends (Second Edition)
16788,60872,Rio Grande
16789,7131,Napoleon's First Battles
16790,3198,Hecht im Karpfenteich
16791,2558,Comeback
16792,29317,War: Império Romano
16793,192635,Life Is Life
16794,60210,Korruptivity
16795,8745,"Leyte: Return to the Philippines, October 1944"
16796,10214,The Hundred Years War
16797,6687,Lords Of The Middle Sea
16798,149078,Light Line
16799,16184,Gracias
16800,19498,Kille
16801,900,City
16802,9418,"Eastwall: Battles for the Dnepr, September 1943 - February 1944"
16803,165796,Assel Schlamassel
16804,337932,Taco Bell Party Pack Card Game
16805,137931,Nada!
16806,153509,Out of Mine!
16807,22674,Mława 1939
16808,174057,Kajko i Kokosz: Przygody Wojów
16809,169984,Stowaway 52
16810,244704,Rock the Bock
16811,11456,Zilch
16812,219359,Solaris
16813,1665,Airport
16814,227981,Black Stories Investigation
16815,5002,Pro Golf
16816,3091,The Great Game of Britain
16817,238912,Dragon Ball Z: Perfect Cell
16818,231040,Nitro
16819,154180,Bania
16820,18908,Cactus Throne: The Mexican War of 1862-1867
16821,145793,Dungeon Attack!
16822,264282,Red Light: A Star is Porn
16823,88088,Cranium: Disney Family Edition
16824,260815,kNOW!
16825,6129,Jena
16826,3374,Scrabble Crossword Cubes Game
16827,282483,Escape from Iron Gate
16828,10885,Royalists & Roundheads II
16829,975,The Keep
16830,7048,Big Top
16831,22123,Enkounter
16832,211693,Thug Life the Game
16833,151947,Trivial Pursuit: Doctor Who
16834,165044,EverZone: Strategic Battles in the Universe
16835,36603,Huuue!
16836,8409,Red Baron
16837,290462,Banana Bandido
16838,77548,Arkham Express
16839,99166,Monza: Das Kartenspiel
16840,94683,Coronation
16841,29118,Exalted: War for the Throne
16842,17792,ZigZag
16843,40804,Huntik: Secrets and Seekers Trading Card Game
16844,13010,Interpol
16845,230885,"Guardians of the Galaxy, Vol. 2: Gear Up and Rock Out! An Awesome Mix Card Game"
16846,198574,Verticality
16847,65488,Make 'n' Break Junior
16848,118342,Skittykitts
16849,2586,Trivial Pursuit: Game Show
16850,113780,Titty Grab
16851,21990,Lightning Reaction Extreme
16852,100470,Killer Party
16853,27546,Champions of Faith
16854,8522,Ninja Burger
16855,176898,Icarus
16856,324,Ponte Vecchio
16857,223762,Atari's Missile Command
16858,226757,Vault Assault
16859,104809,Kleiner Obstgarten
16860,9474,Flying Pirates
16861,235471,Utter Nonsense: Family Edition
16862,877,Troia
16863,15509,Scene It? Movie Deluxe
16864,199825,Danger! Danger! Dinosaur
16865,7178,Schützenfest
16866,5377,Dragon Hunt
16867,2442,Tiles
16868,211175,Undermine
16869,13863,Junta
16870,165888,Wongamania
16871,18857,Cluedo: Magnetic Pocket Edition
16872,11351,Demyansk Pocket
16873,154327,City
16874,229243,ShutterBug
16875,120924,Hug Me
16876,9681,Nosey Neighbor Card Game
16877,48867,Bourré
16878,18805,Pacifist
16879,140961,Leelawadee
16880,131182,Swintus Junior
16881,66044,Scary Tales: Prince Charming vs. Hansel
16882,27876,The Dragon's Wrath
16883,12568,Obsession
16884,207203,War Titans: Invaders Must Die!
16885,147445,We Didn't Playtest This Pasted-On Theme at All!
16886,129287,War: Batalhas Mitológicas
16887,227837,Atlas: Enchanted Lands
16888,193628,J'Accuse!
16889,224656,Quest for the Antidote
16890,231674,Who's the Dude?
16891,201243,Baby Blues
16893,255310,Shit Happens: 50 Shades of Shit
16894,2527,Attack Force
16895,13371,"Ia Drang, Vietnam 1965"
16896,113995,Jask
16897,20409,History of War: Pacific Edition
16898,25479,"Battle of the Wilderness: Gaining the Initiative, May 5-6, 1864"
16899,5905,Energi
16900,4585,Seaside Frolics
16901,234473,Coral Reef
16902,5216,Space Master: Star Strike
16903,153077,Kakerlakentanz
16904,3384,Kerrunch
16905,3844,Pez
16906,288583,Selfish: Zombie Edition
16907,1550,Chebache
16908,4997,HellRail
16909,145275,Neptune
16910,118294,Distraction
16911,232412,Ogre Cheerleaders
16912,13495,High Finance
16913,90968,Knock Your Blocks Off
16914,56197,Bezzerwizzer +
16915,194688,Island Hopper
16916,192245,Shadow Master
16917,5837,Steam Tunnel
16918,19028,Secret Tijuana Deathmatch
16919,312289,Your Friend Is Sad
16920,1512,Hexagony
16921,5619,The Fastest Gun
16922,88549,Bible Taboo
16923,279967,SPACE INVADERS: THE BOARD GAME
16924,8188,Die wilden Fußballkerle
16925,170447,Kard és Korona
16926,1682,The Challenge
16927,87829,Quest: Edição Família
16928,4147,Spellbinder
16929,25223,¿Resiste Stalingrado?
16930,117908,The Big Fat Tomato Game
16931,36225,Playbook Football
16932,11112,Rommel at Gazala
16933,301366,Caves of Rwenzori
16934,22169,Chez Guevara
16935,165552,Shark Mania
16936,184337,Risk: Marvel Cinematic Universe
16937,13026,Strato Chess
16938,7267,"Warlords: China in Disarray, 1916-1950"
16939,29433,Buen Viaje
16940,169459,The Princess Bride: A Battle of Wits
16941,113513,Pathagon
16942,56843,Fish! Fish!! Fish!
16943,19534,Blitzkrieg 1940: Hannut et Stonne
16944,161869,Castle Blast
16945,169328,Falling (Revised Edition)
16946,177002,Buy The Rights
16947,221263,Space Invaders Dice!
16948,94484,Stone Soup
16949,13912,"The Sedan Campaign, 1870"
16950,117891,Das Ligretto Fußballspiel
16951,16368,Wie Waldi
16952,135431,Geek Battle: The Game Of Extreme Geekdom
16953,118258,Zebra-Schwein
16954,10353,Playoff One-On-One Hockey Challenge
16955,93867,A Dash of Peiper
16956,156015,Turbulence
16957,14746,Twilight's Last Gleaming 2
16958,5322,LEGO Soccer
16959,13226,Maask
16960,236556,Artifact Stack
16961,243343,Dino Battle
16962,218236,Metal Mania
16963,14253,Desperados
16964,9385,Yoté
16965,163119,Pocket Dungeon Quest
16966,37423,Het Groot Van Dale Spel der Nederlandse Taal
16967,20153,Klumpeduns
16968,2753,Demon's Run
16969,177411,Galaxy Command
16970,11974,"Kipp, Kipp, Ahoi!"
16971,319,Top It
16972,69819,Mercury/Market Garden
16973,6466,Pirates' Gold
16974,137910,Triple³
16975,90919,PRRRT...
16976,260329,Jurassic World: The Boardgame
16977,192275,Olympians War
16978,7256,Digit
16979,5043,The Forever War
16980,11473,Twilight's Last Gleaming
16981,25920,Do You Worship Cthulhu?
16982,36687,Revenge of the B-Movie
16983,36639,Battle for Olympus
16984,229736,¡Ruiz!
16985,3156,The Warriors of Batak
16986,216631,Tower of London
16987,111327,Black Stories: Christmas Edition
16988,230910,Mistigri
16989,28296,Gruble
16990,126728,Dice's Zoo
16991,21343,Graverobbers
16992,196220,Battle Gnomes
16993,10543,The Drive on Metz
16994,290822,Peaky Blinders: Under New Management
16995,32409,Wiochmen 2
16996,5382,Oil War: American Intervention in the Persian Gulf
16997,117823,FitzIt
16998,42980,Myth: Pantheons
16999,524,Desperados
17000,56406,Activity Club-Edition
17001,3669,Moon Base Clavius
17002,207965,GrowerZ
17003,21294,NoNo
17004,104813,Number Dinosaur
17005,9263,The Forgotten War: Korea
17006,10258,Strike North
17007,8459,Schwarzarbeit
17008,161528,The Great Debate
17009,239116,Passaportas
17010,10008,Rifle & Saber: Tactical Combat 1850-1900
17011,10215,The Fire Next Time
17012,190104,Activity Family Classic
17013,247730,Poc!
17014,13614,Chancellorsville
17015,8252,Lods 1914: Blitzkrieg in the East
17016,8903,Zama: Hannibal versus Scipio
17017,167723,Bin'Fa: The Tao of War
17018,185331,Fruit Salad
17019,179956,The Arabian Pots
17020,11494,The Battles of Bull Run: Manassas – June 1861 and August 1862
17021,99038,Monkeyland
17022,31764,Tobynstein
17023,194496,Risk: Captain America – Civil War Edition
17024,10631,Age of Heroes
17025,319792,Fly-A-Way
17026,127317,Thousand Islands Railway
17027,172940,Suspend Junior
17028,1913,Transsib
17029,6665,Legend of Camelot
17030,179433,Creature College
17031,1240,"Right Turn, Left Turn"
17032,192717,Pickpockets
17033,19725,Scene It? Harry Potter Deluxe
17034,29018,Take It!
17035,3918,Raiders of the Lost Ark Game
17036,285048,Pirate Map
17037,39447,Silent But Deadly Night
17038,1954,Kalahen
17039,86033,Mobbing: Reine Chefsache
17040,178930,Walls:  Race Through a Changing Maze
17041,3360,Lexicon
17042,159507,Urban Panic
17043,66218,Who Wants To Be A Millionaire? (2nd Edition)
17044,143780,Texas Zombies
17045,5922,Birth of a Nation
17046,114689,BITS Mitbringspiel
17047,27678,Quest for the Auburn Pelt: A PageQuest Game
17048,50995,The Toast of the Town
17049,177572,猿道 (Monkey Road)
17050,10154,Treasure of the Pharaohs
17051,19796,Cranium: The Family Fun Game
17052,214486,Mise: Kolonizace
17053,130682,Air King
17054,138201,They Who Were 8
17055,197073,Bureaunauts
17056,62979,Alchemicus
17057,18885,Syllabus
17058,5757,Bakerstreet
17059,9989,Mare Polare
17060,19392,Fruit Bandits
17061,42644,Activity Junior
17062,2972,Fantasy Business
17063,38328,The Looney Bin
17064,2198,Ergo
17065,1325,Wild Pirates
17066,23485,"Dice 10,000"
17067,73232,DMZ: The Next Korean War
17068,141042,Kenya
17069,1785,King's Bounty
17070,57767,Unter Geiern
17071,25567,Mozaika
17072,727,Chinese Civil War
17073,16273,Race For Tunis
17074,119639,Heap
17075,77454,Trivial Pursuit: Tim Burton's The Nightmare Before Christmas Quick Play Collector's Edition
17076,1451,Dimenticato
17077,259972,Roll & Wall
17078,203997,Locos Crononautas
17079,172064,Rally Up!
17080,2337,Droids
17081,97339,Compañeros
17082,8899,Rimini
17083,219374,Chicken out!
17084,16253,Montanara
17085,254585,Bad Doctor
17086,2856,BrewMaster: The Craft Beer Game
17087,7248,Zenix
17088,125585,W Zakładzie: Lubelski Lipiec '80
17089,11726,Knucklebones
17090,135851,Connect the Thoughts
17091,613,Overboard
17092,124954,Color Addict
17093,59226,Beugró
17094,5934,Wahoo!
17095,2320,Worldbeater
17096,65087,Beyblade
17097,32324,Szczury Pustyni
17098,31138,Amazing Space Venture
17099,101660,Witty Chronos
17100,52626,Family Alias
17101,313875,Rambo: The Board Game – First Blood
17102,3144,High Hand
17103,166972,Bubble Bath Bunny
17104,6902,Tetris
17105,14236,Stretch Run
17106,2927,Slasher: The Final Cut
17107,1559,Wabbit's Wevenge
17108,206588,Grimslingers: Duels
17109,313695,Lost In Straya
17110,4000,Scan
17111,165651,Merry Yard
17112,14424,Emperor's First Battles
17113,40651,Too Many Monkeys
17114,11253,Okinawa: The Bloodiest Battle In The Pacific
17115,130185,Speedy Recall
17116,145400,Strajk! Skok do wolności
17117,229537,Mind the Gap
17118,179574,Scuba
17119,1211,Race Through Space
17120,270133,Sumo Slam!
17121,24884,Funny Fishing
17122,38897,Illusio
17123,69292,Guardians of Graxia
17124,76684,Launch Pad
17125,2203,Suppenkasper
17126,288019,Mirror Garden
17127,239523,Misantropia Express
17128,1087,Matschig
17129,21366,RPGQuest: The Knights Templar
17130,3001,The Godfather Game
17131,175868,Metro 2033: Breakthrough
17132,34296,Cobra
17133,24784,Piraci: Córka Gubernatora
17134,286535,#MyLife
17135,36238,Timestreams: Deck 2 – Medieval vs. Modern Day
17136,1127,Encounters
17137,258775,The Cats of Ulthar Card Game
17138,10052,Bongo Kongo
17139,26292,Bzura 1939
17140,140100,Hero Brigade
17141,194819,Make a Mess: Holy Cat Edition
17142,147915,Mobscenity
17143,257324,The Lord of the Rings: Quest to Mount Doom
17144,148814,Boom Boom
17145,39435,Iron Man Battling Card Game
17146,193271,Stadt-Land-anders
17147,29080,Twelve Men's Morris
17148,8644,Masquerade
17149,57183,Jurassic Wars
17150,13786,Monogamy
17151,116972,Mini-Taurus
17152,652,X-Net
17153,286829,Uxmal
17154,6367,Make 7
17155,129295,Quartex
17156,209168,Get Reelz
17157,301102,Battleship: Card Game
17158,2563,Hot Dog
17159,3045,Pentantastar
17160,2616,Janus
17161,66551,Odin's Table
17162,124378,Die kleinen Drachenritter
17163,22815,Situação Limite
17164,8446,Campaigns in the Valley
17165,2760,Knights of the Dinner Table: Orcs at the Gates
17166,163242,CHEW: Cases of the FDA
17167,4450,The Road to Vicksburg: The Battle of Champion Hill
17168,164300,Pixel Guardians
17169,194034,Fire! Fire! Fire Fighters!
17170,3062,Pyramis
17171,37854,Cluedo Party: Tudor Mansion Edition
17172,8526,Claymania
17173,327797,Monopoly Bid
17174,2104,Speculate
17175,27336,PowerShot Soccer
17176,6567,007 James Bond: Goldfinger
17177,202664,Lucha Jefe
17178,83278,Captain Cool
17179,40629,Bakong
17180,12600,G.I. Joe TCG
17181,206082,Eye Sea
17182,127505,Buffalo
17183,121324,Operation Cerberus: The Channel Dash
17184,6705,Batman: Gotham City Mystery
17185,9560,Indus
17186,8032,4 CYTE (Foresight)
17187,176872,"Sun, Moon, & Stars"
17188,173093,WarQuest
17189,215796,Spank the Yeti
17190,148940,Kings Under Mountains
17191,228370,TerroriXico
17192,12920,Tension: The Crazy Naming Game
17193,40092,Hobiti
17194,3335,Ganoven Jagd
17195,10742,Foxy
17196,180389,Insektenhotel
17197,326804,Rorschach
17198,212288,Rainbow 35
17199,12429,Struggle for Stalingrad
17200,34096,Hotel
17201,266747,Challenge of the Superfriends Card Game
17202,91995,Pass the Bomb Card Game
17203,17693,Piranha
17204,9776,The Incredible Hulk Smash
17205,5463,Mind Maze
17206,12519,Fontenoy 1745
17207,1031,TV Wars
17208,32154,Down Under
17209,223763,Atari's Centipede
17210,4646,Bommerz over da Sulphur River
17211,3373,San Gimignano
17212,15431,Trivial Pursuit: Globetrotter
17213,1354,Zaubercocktail
17214,38050,TPOC: The Politics of Cannibals
17215,25988,Asalto
17216,7808,Solar Trader
17217,165208,Aruba: Battle Race
17218,9610,Travspelet med V65
17219,6680,Murphy's Magic Island
17220,13091,Megaman NT Warrior Trading Card Game
17221,12943,Go Mental
17223,2401,Globetrotters
17224,141569,CrossWays
17225,96608,LEGO Champion
17226,266259,Caffeine Hit
17227,5957,"Tito and his Partisan Army: Yugoslavia, 1941-45"
17228,21435,Shoot The Moon
17229,1318,Blackrock Castle
17230,18288,Psychologizer
17231,4093,Exit
17232,7851,Counting Zzzzs
17233,15527,Jorden runt på 80 dagar
17234,123930,Pint Craft
17235,3065,Monopoly: Stock Exchange
17236,250718,Pick Your Poison: NSFW Edition
17237,5966,Sequence Dice
17238,2097,Middle Sea: Empires of the Feudal Age
17239,6453,Doktor Igel
17240,8233,Lords & Wizards
17241,22257,Joakim von Ankas fantastiska affärer
17242,8220,Civil War
17243,3512,Doorways to Adventure
17244,170511,Slap .45 Mini
17245,197075,Devils & Black Sheep
17246,218577,Bubble Jungle
17247,5039,"The Battle for North Africa: War in the Desert, 1940-42"
17248,2380,Gridiron Fantasy Football
17249,3999,Diabolo
17250,90125,Acuity
17251,17136,DaVinci's Challenge
17252,6087,Sicily '43: The Beginning of the End
17253,136265,Aliens vs. Zombies
17254,216907,The Dutch East Indies
17255,26157,Top oder Flop
17256,11760,Knuckling Knights
17257,18613,"Khan: The Rise of the Mongol Empire, A.D. 1206-1295"
17258,3127,Age of Empires: Expandable Card Game
17259,18564,Children of Fire
17260,194033,Magic Feathers
17261,151603,Scrabble Twists & Turns
17262,182090,The Game of Nasty Things...
17263,108554,Super Showdown
17264,61996,Deluges
17265,39087,The Chronicles of Narnia: Prince Caspian – The Shield of Courage Card Game
17266,1729,Wide World
17267,236893,Fish & Ships
17268,215609,Monopoly: Pokémon Johto Edition
17269,10651,Deflection
17270,93578,Ugh!
17271,154728,Kosmiczna misja
17272,67041,Monstermania
17273,156557,Zombie Island
17274,33779,Go 500 Racing Dice Game
17275,6350,Zomax
17276,32245,Fortuna
17277,11441,The Last Panzer Victory: The Battle of Debrecen
17278,22790,Cephalopod
17279,140271,Maximum Throwdown
17280,156461,Animal Suspect
17281,22991,Mona Lisa Mysteries
17282,169393,The Lord of the P.I.G.S.
17283,101239,Ponder
17284,171087,Jenga Quake
17285,287676,Gravity Falls
17286,265583,Dino Dump
17287,246740,Meteors
17288,10845,Napoleon
17289,280281,Sinister Six
17290,15265,Hopp Galopp
17291,9110,Superpowers at War
17292,164600,Monkeys Need Love Too
17293,153501,Mit Mist und Tücke
17294,160658,Postcard Cthulhu
17295,172510,Asterix & Obelix: Mission Zaubertrank!
17296,2630,Die Bombe
17297,12226,Minestrone
17298,104234,Sour Apples to Apples
17299,13921,"Cemetery Hill: The Battle of Gettysburg, 1-3 July, 1863"
17300,156927,The Walking Dead: The Prison – Board Game
17301,159536,Hungry as a Bear
17302,2151,Stomp!
17303,105550,Rolling Bones
17304,140859,Maccabees
17305,152621,Black Stories: Medizin Edition
17306,121813,StelCon: Infinity
17307,243101,Monopoly: Stranger Things
17308,225828,Hot Seat
17309,3425,Skunk
17310,287474,The Isle of Pan
17311,261168,Wannabe Football
17312,255171,Pirates: The Great Chase
17313,126749,Bim Bamm!
17314,36250,Spanish Checkers
17315,14897,Space Blast
17316,150276,Squillo: Bordello d'Oriente
17317,202945,Zona Mágica
17318,30852,Transformers Battling Card Game
17319,307,Candidate
17320,7185,Weapons & Warriors: Power Catapult Set
17321,7040,Asia Crossroads: The Great Game
17322,4969,Manhunt
17323,119474,Act Too
17324,5137,Ellery Queen's Mystery Magazine Game
17325,101628,The Bagged Peiper
17326,56889,Kajko i Kokosz: Wielki Wyścig
17327,23334,Doodle Dice
17328,7539,Galactic Starfire
17329,9506,Ooga!
17330,174146,Batman: Road Trip
17331,312726,Kopi King
17332,93463,Picnic Blitz
17333,13295,Sorry! Card Revenge
17334,20057,Phantom Rummy
17335,54745,Scene It? The Simpsons Deluxe Edition
17336,120618,1000 Bornes Express
17337,17181,Stad - Land - Rivier
17338,202975,Galatune
17339,3354,Tide of Fortune
17340,15163,Disney Magic Kingdom Game
17341,22259,Kroko Loko
17342,181376,G.Nome
17343,245528,Grimslingers: Advanced Duels
17344,226013,Geisteruhr
17345,147149,A Game For Good Christians
17346,8366,Wellington Vs Massena
17347,146841,ConeZILLA
17348,130626,The Hobbit: An Unexpected Journey – Das Kartenspiel
17349,33907,Have You Herd?
17350,281417,Hoarders
17351,21986,Ramba Samba
17352,76416,NCIS: The Board Game
17353,166026,Munchkin Treasure Hunt
17354,67977,Politico: The Fall of Caesar
17355,193681,ButaBabel
17356,90735,Chaos
17357,272364,Bears in Barrels
17358,8930,Buffy the Vampire Slayer CCG
17359,153710,Dodge Dice
17360,106929,Top-A-Top
17361,11394,Shopping List
17362,15112,Subbuteo Rugby
17363,7679,Busine$$ GO
17364,175924,Trash War
17365,283521,Are You A Robot?
17366,116124,Lokus
17367,146707,Space Junk
17368,138748,Flash!
17369,179537,Titus Tentacle
17370,62374,Lorrein
17371,3181,Farkle
17372,23613,La vallée de la mort
17373,4247,Boarding Party
17374,32968,Shark Alarm!!!
17375,157593,Krash Karts
17376,90460,OlymPeak
17377,201971,Super Hack Override
17378,311192,Farts & Fairies
17379,41532,Million Dollar Password
17380,2361,U.F.O.s
17381,67477,Sequence Num6ers
17382,212042,Gnomes and Associates
17383,8267,Bunker Hill
17384,18858,UNO: Nintendo
17385,269487,Clue: Rick and Morty Back In Blackout
17386,132717,Words with Friends
17387,2030,"Twinkle, Twinkle, Little Star"
17388,145587,Alley Thieves
17389,1027,Konzern
17390,159087,"I Say, Holmes! (Second Edition)"
17391,9847,Plutôt mort que Perse !
17392,6806,Nautic Miles
17393,3649,Power Play
17394,138064,Line Dice
17395,10354,All-Pro Football
17396,7088,Warangel Card Game
17397,4171,Sailor Moon CCG
17398,8253,Moscow Burning: The Next Russian Civil War
17399,33288,T.E.G. II
17400,7269,Monopoly: The Heirloom Edition
17401,15559,Quak
17402,286263,La Muse
17403,11402,Antietam Campaign
17404,160545,Crazier Eights
17405,126464,Array
17406,40938,Race for the Summit
17407,6938,"Global War: The War Against Germany and Japan, 1939-45"
17408,95800,Eckolo
17409,1560,Hero: A Game of Adventure in the Catacombs
17410,202517,Wordstacker
17411,3639,Strange New Worlds
17412,42702,Jackal
17413,185769,Remember When ...
17414,27291,AtmosFear: Khufu – The Mummy
17415,149322,"Cthulhu!!!: Hastur La Vista, Baby!"
17416,118713,Peek-a-Boo!
17417,73574,Rainbow
17418,12317,Brouhaha
17419,58192,Nelly
17420,2776,Heavy Gear Fighter
17421,28246,Zanzibar
17422,1981,Schwarzmarkt
17423,157696,What the Fake?!
17424,172555,Loaded Questions Party
17425,181080,Pitch Fleet
17426,91759,Pamplona: Viva San Fermín!
17427,3575,The Plot to Assassinate Hitler
17428,148442,nullern
17429,9488,Mancala 4
17430,257199,TOKYO WASHI GAME CATS
17431,236332,Animator vs Animation
17432,190064,Explorers of the Lost Valley
17433,7189,Pitch Six
17434,165584,Crowns
17435,38702,Sink the Bismarck
17436,24245,Laser Battle
17437,264154,Thrown
17438,69904,Quack in the Box
17439,17773,CrackeD ICE
17440,181466,Asterix & Obelix Mau Mau
17441,6809,007 James Bond: The Man with the Golden Gun
17442,11071,Austin Poker
17443,9013,Battle of the Five Armies
17444,170609,Treatment: A Psychiatry Card Game
17445,13072,Airways
17446,36237,Timestreams: Deck 1 – Stone Age vs. Future Tech
17447,51367,Mad Arena
17448,151985,Evolution: Random Mutations
17449,34014,Ruin
17450,8503,Arkansas Bluff
17451,8700,Empire (Third Edition)
17452,3047,Rails Through the Rockies
17453,7443,Electronic Scattergories Platinum Edition
17454,22048,Trivial Pursuit: DVD – Disney Edition
17455,5790,Chutes Away!!!!!
17456,7418,The Winning Ticket
17457,258377,Polar Smash
17458,77344,Atlantis Treasure
17459,182634,Qwordie
17460,14021,Geister & Gespenster
17461,5876,Grav-Ball
17462,7344,Challenge Golf at Pebble Beach
17463,80942,Ranking
17464,17021,Dinosaur Dice
17465,80719,Monopoly: Franklin Mint Collector's Edition
17466,81561,Monkey See Monkey Do
17467,26052,Canossa
17468,22080,Brain Trainer
17469,1984,Material World
17470,11508,Katego
17471,18117,Schoko-Hexe
17472,189615,Pingwiny z Madagaskaru
17473,18262,Hide & Seek Safari
17474,176502,Awesome Kingdom: The Tower of Hateskull
17475,2637,Rome At War I: Hannibal at Bay
17476,29491,Dipole
17477,15624,Gangster
17478,32682,Scene It? Disney Second Edition
17479,8620,Scattergories: Bible Edition
17480,3814,Desert War: Tactical Warfare in North Africa
17481,25992,War of the Triple Alliance: Paraguay – 1865-1870
17482,2806,U-Boat
17483,13475,Schätzbold
17484,259897,Ghostbusters: The Card Game
17485,235807,Reanimator
17486,11121,"Operation Shock Troop: The Israeli Counterstroke Against Syria, 1973"
17487,4606,Sucking Vacuum
17488,173100,Monsters' Tower
17489,7553,Babylon
17490,4680,"Baton Rouge: Street Fighting in the Louisiana Capital, August 5, 1862"
17491,111830,DiceAFARI
17492,159858,Speakeasy
17493,165743,In Love and War
17494,14163,Foto-Electric Football
17495,189735,Monsters Party: Voodoo Madness
17496,30896,Fackel+Keule
17497,183508,Monopoly: Fallout Collector's Edition
17498,192728,Ranglin' Rabbits
17499,2172,Stealth Chess
17500,204671,Dear Leader
17501,15412,Tunebaya
17502,17830,Miskatonic Madness
17503,1320,The Dog's Meow
17504,133337,Bezzerwizzer Mini
17505,106836,Ostfriesisches Schafe-Schubsen
17506,2385,Sold! The Antique Dealer Game
17507,27730,Eollis: Pirates des Vents
17508,179227,3 Seeds: Reap Where You Sow
17509,148660,Clumsy Thief
17510,1227,Stonewall
17511,8519,How to Host a Mystery: Star Trek – The Next Generation
17512,1947,Robin Hood
17513,12633,Mall World
17514,5077,Chaos
17515,17195,Gettysburg: Three Days in July
17516,100758,Abtei der Rätsel
17517,207814,Shadow Games
17518,93594,Keezbord
17519,21677,Scene It? Music
17520,183479,Happy Party
17521,1247,Gangland!
17522,182796,Bardagi: The Claim for Gold
17523,201028,Farmers Finances
17524,240698,Apokalypsis
17525,287580,Space Bowl
17526,3492,Dragon Storm
17527,19044,Holidays
17528,237712,Floppy Ears
17529,22578,Transport
17530,13440,Horrific
17531,2765,Too Many Cooks
17532,4621,Cloak & Dagger
17533,42636,Gemischtes Doppel
17534,30952,The Witcher: The Adventure Card Game
17535,93164,Spline
17536,238884,13 Chefs
17537,146384,The Amberden Affair
17538,142517,Grabolo
17539,260233,Peppers of the Caribbean
17540,129609,Foreclosed!
17541,32330,Arnhem 1944
17542,905,Vagabondo
17543,33625,Indicios
17544,3239,Nessie Hunt
17545,775,Die Tafelrunde
17546,185028,Giraffometer
17547,113544,Monopoly: Klingon Edition
17548,220406,Oh Sh*t!
17549,3023,VCR 221B Baker Street
17550,14354,2ème D.B. 'I' Normandie
17551,4695,Weapons & Warriors: Lashout Launcher Set
17552,35371,El Juego de la Liga
17553,5863,Canadian Civil War: La Guerre de la Sécession du Canada
17554,5165,Code Breaker
17555,267884,Silicon Valley Startups
17556,1351,Legend of Heroes
17557,220624,Dino Party
17558,16632,GOPS
17559,112844,Swintus 2.0
17560,31216,Whack a Catgirl
17561,153319,Query
17562,103806,Existenz: On the Ruins of Chaos
17563,30582,Good Question!
17564,37379,Netzwerk
17565,2373,Vendetta
17566,1162,Burp
17567,128290,SET Junior
17568,1500,Zocken
17569,6689,Alien
17570,150539,Big Picture Apples to Apples
17571,199026,Neko-in
17572,3294,Dumm gelaufen!
17573,5057,Never Call Retreat
17574,247008,Pun Intended
17575,3693,Empires at War
17576,177437,YAK
17577,7711,Hats Off
17578,166156,Hoshi Battle
17579,3564,Programmer's Nightmare
17580,223971,Hànzì
17581,5539,Swoggle
17582,6047,Port Arthur: The Russo-Japanese War
17583,194534,Awesome Kingdom: Mines & Labyrinths
17584,22616,Crystal Faire
17585,12675,The Simpsons Group Photo
17586,31767,Outburst II
17587,9284,Treasure Falls
17588,234974,Picture Party
17589,75445,Grunwald: Walka 600-lecia
17590,5640,Bombay Bazar
17591,25871,Central Pacific
17592,54604,High School Drama: Varsity Edition
17593,24998,Tiki Mountain!
17594,5000,Tuf-abet
17595,6936,Robotanks
17596,10459,Tilt'n Tumble
17597,5215,Australian Menagerie
17598,6913,The Battle of Agincourt
17599,139690,ApocalypZe Card Game
17600,20138,Rotundo
17601,88521,Pharaoh
17602,9094,"MacArthur: The Road to Bataan, Dec 1941 - Jan 1942"
17603,65592,Dragon's Ordeal
17604,175497,Dinosaur Escape
17605,29226,El Zorro del Desierto: Norte de Africa 1941-1942
17606,19030,Frankenstein
17607,18902,Sputnik
17608,12737,Goofy Golf Machine
17609,154602,Night of the Grand Octopus
17610,16314,Party Scrabble
17611,3805,Domino Dice
17612,25677,Formidable Foes
17613,21276,Grand Tribunal
17614,195073,Das verdrehte Labyrinth
17615,240423,Marvel Contest of Champions: Battlerealm
17616,124224,Making Profit: The Boardgame
17617,24168,Pirates: Quest for Davy Jones' Gold
17618,7918,Eagle Eye Agency
17619,27372,Bonaparte
17620,347,Fishy
17621,173057,Go Fish Yourself
17622,27853,Aunt Millie's Millions
17623,3295,Athos
17624,93041,Guilty Gods
17625,6701,Battlecards: World Conflict – Pacific Theatre: Starter Set
17626,80028,The Game of LIFE: The Haunted Mansion – The Disney Theme Park Edition
17627,208736,Lawless Empire
17628,1777,Dark World: Village of Fear
17629,43775,Monopoly: Onyx Edition
17630,176663,Wordariffic
17631,17738,Ostfriesenlauf
17632,138746,Teenage Mutant Ninja Turtles: Clash Alley Strategy Boardgame
17633,242076,Mythic Arcana
17634,118699,Streifen Toni
17635,19036,Villainy: The Supervillainous Card Game
17636,9901,Electric Jeopardy Game
17637,148918,Scriba
17638,234383,Mucho Macho
17639,8753,Grand Army of the Republic
17640,254341,I Would Fight The Dragon...
17641,3598,Tracks to Telluride
17642,7917,Granny's House
17643,126206,Dragon Whisperer
17644,17313,Auf Zack!!
17645,27460,Power Yahtzee
17646,157675,Wash Dash
17647,159774,Rycerze i Zamki
17648,40853,Trivial Pursuit: Genus VI
17649,80972,Meteor Strike
17650,275391,Skulk
17651,5308,Sahara
17652,330806,Silverwood Grove
17653,64219,Scattergories To Go
17654,147472,Shooting Star
17655,2996,Dodge City
17656,3628,Freche Frösche
17657,98426,Super Tock 6
17658,58139,Donna Leon: Gefährliches Spiel
17659,169462,The Princess Bride: As You Wish
17660,27950,Paukenschlag
17661,166390,Moscow to Paris
17662,302238,Crazy Farmers and the Clôtures Électriques
17663,4814,Rubout
17664,291236,Arschlochkind
17665,90972,Mermaid Beach
17666,191512,Kuhno
17667,8997,Scattergories Junior
17668,190162,Putin Strikes: The Coming War for Eastern Europe
17669,216072,Top Gun: Plot Twist Party Game
17670,209220,Lady Richmond: Ein erzocktes Erbe
17671,14567,Pro Foto-Football
17672,177080,Lord of the Dead
17673,542,Animocrazy 豬事議會
17674,208170,Stellar Armada
17675,1138,Army of Darkness
17676,2701,Schuss und Tor
17677,201139,Haiku Warrior
17678,17284,Kazink
17679,179629,Panda Head
17680,227070,Scrooge: The Board Game
17681,15654,Blizzard of '77 Travel Game
17682,270958,Sovereign's Chain
17683,8178,Constellation
17684,821,La Trel
17685,1619,The Roaring 20's
17686,203401,Luther: Das Spiel
17687,2897,In Pursuit
17688,141544,Cluedo: Die drei ???
17689,76567,Maailmatrivia
17690,20146,Der Weg nach Drakonia
17691,123491,Si j'étais Président...
17692,152822,Xoom Cubes
17693,10392,Campaigns of Napoleon
17694,231362,"Sweet Honey, Bee Mine!"
17695,18907,War in the Aegean
17696,33383,WobBally
17697,85429,"Česko, otázky a odpovědi"
17698,19379,Banzai!
17699,307830,Circus
17700,7493,Caves & Claws
17701,198991,Dragons
17702,5517,Mine!
17703,274906,Scram
17704,18128,Solferino: 24 Juin 1859
17705,248899,Tex: Fino all'ultima pallottola
17706,2116,Cartino
17707,9969,Speculation
17708,103077,Copié Collé
17709,16914,Shrieks & Creaks
17710,107549,Crocodile
17711,266308,100% Beef Showdown
17712,233673,Exploration
17713,171126,Clue: Supernatural
17714,123495,Dreaming Dragon
17715,56244,Honfoglaló
17716,26025,Tumba
17717,143839,Chantilly: Jackson's Missed Opportunity
17718,218460,Giant UNO
17719,4738,Dead Stop!
17720,296517,Contact: Signals from Outer Space
17721,18983,La Segunda Guerra Mundial
17722,8670,Der Herr der Ringe: Die Rückkehr des Königs
17723,155494,Game Developerz
17724,4123,Gambler
17725,10196,Farlander
17726,230881,Rollers Deluxe
17727,269624,Barnyard Bunch
17728,105866,Seven!
17729,168204,"Sesam, puzzle dich!"
17730,182199,Superfight: The Walking Dead Deck
17731,3357,Wie Hund und Katz!
17732,35466,With Sword and Shield
17733,239504,Spy Code: Break Free
17734,213268,That Snow Moon
17735,1427,GRO: Battle for the Petri Dish
17736,11215,Numeri
17737,23304,"""Oh My God! There's An Axe In My Head."" The Game of International Diplomacy "
17738,32280,Hættuspil
17739,11970,Dracula's Revenge
17740,1226,Babuschka
17741,152359,Machiavelli
17742,187550,Irresponsibility: The Mr Toast Card Game
17743,42360,Space Pirates
17744,824,Hijara
17745,2974,Scoop
17746,234465,Potato Pirates
17747,208316,3UP 3DOWN
17748,148179,Oss
17749,8502,Big League Baseball
17750,11600,Table Soccer
17751,129272,Prime Wars
17752,21382,In10sity
17753,5836,Wordrop
17754,172035,Thumbs Up!
17755,172118,Cave Pilot 55
17756,5266,Scorpion
17757,9471,Crazy Bugs
17758,40617,Würfel Express
17759,211168,I Can't Even With These Monsters
17760,153038,Gone Viking!
17761,7270,GOLO
17762,93271,Convocados
17763,42006,Glücks-Piraten
17764,17699,Polarity
17765,1433,Der grosse Gallier
17766,156746,Kombat Kittens
17767,19916,Cups
17768,297345,Family Feud: Platinum Edition
17769,266651,Tangled Timelines
17770,169713,Monopoly: The Big Bang Theory
17771,1109,Last Minute
17772,185228,Rolf
17773,113332,Bookmaker
17774,98472,Strain
17775,165711,Pizzeria Italia
17776,232250,Pictopia: Harry Potter Edition
17777,3894,Brilliant Lances
17778,147396,Dr. Hrubec
17779,40808,J'te Gage Que... 2
17780,227010,Game of Trolls
17781,36560,Click Clack
17782,8324,The China War: Sino-Soviet Conflict in the 1980s
17783,235251,Forest
17784,14343,Zeepkistenrace
17785,101629,Just a Peiper Dream?
17786,4219,Goal
17787,59602,Upwords Deluxe
17788,148211,"Sexy, el juego del arte del flirteo"
17789,239189,Chronicle X
17790,102750,Math Dice Jr.
17791,3037,Escape from Altassar
17792,8456,Fight on the Beaches
17793,15520,Kids On Stage
17794,29939,Animal Express
17795,4568,Racko Plus
17796,15880,The Hollywood! Card Game
17797,246754,Zoinx!
17798,1453,Pain Doctors: The Game of Recreational Surgery
17799,204681,Sovereign Of The Seas
17800,11551,Casbah
17801,194040,Star Wars: Rule the Galaxy
17802,482,Sky Runner
17803,77148,Globalization
17804,266078,Hochspannung
17805,14233,Caramba!
17806,191714,Lil' Cthulhu
17807,157452,Cultists of Cthulhu
17808,3465,Black Hole
17809,36234,Michelangelo
17810,293586,Dungeon Party
17811,111418,ARC
17812,62811,Two Bridges
17813,15877,Abbeville 1940
17814,40072,Domo Caption This! Game
17815,9083,Grunwald 1410
17816,16699,Such & Such
17817,24969,Pit Fighter: Fantasy Arena
17818,157061,Superbohaterowie
17819,107680,Broomsticks and Backflips
17820,3571,Spitfire: Tactical Aerial Combat in Europe 1939-42
17821,62533,Rolit Travel
17822,10203,ASAP
17823,67429,Shapes & Colors
17824,6573,Husch Husch kleine Hexe
17825,21613,Diabolo
17826,198855,GearSeed
17827,160537,Code Monkey Island
17828,3951,Octrix
17829,27982,Operation Rescue Kit
17830,66047,Fast Lane
17831,1611,Bullwinkle and Rocky Role Playing Party Game
17832,4614,The Touch
17833,8221,The 90's Game
17834,582,Kampf um Rom
17835,24325,Toppling the Reich: The Battles for the Westwall
17836,8675,Tops
17837,7862,"Birds, Bugs and Beans"
17838,2697,Spice Navigator
17839,776,Remmi Demmi
17840,286141,City Blox
17841,1207,Big Deal
17842,166929,Monster Laundry
17843,4972,Lost Gold
17844,4022,Diceball!
17845,6272,Junior Stratego
17846,151396,Bigfoot
17847,4426,Adeptus Titanicus II
17848,172063,Ring it!
17849,154585,Groovy Pips
17850,7651,Europe at War
17851,4232,SS Panzer: Bloodbath at Kursk
17852,1522,Get Out
17853,2390,Race to Riches
17854,41834,Lunar Command
17855,180311,Squillo: Marchettari Sprovveduti
17856,134547,卑怯なコウモリ (Cowardly Bat)
17857,188601,Spoilers: The Game
17858,240842,Curio: The Lost Temple
17859,131282,Professor Pugnacious
17860,131530,The Hobbit: An Unexpected Journey
17861,11873,AMC Reel Clues
17862,119792,Edition Wars
17863,7802,Tank Commander: The Eastern Front
17864,31715,IQube
17865,201048,Monkey Butt
17866,6109,Mafia
17867,6574,Mad Dash!
17868,14591,Bushi
17869,9571,Baha
17870,7762,Transfer
17871,153168,Karten Kniffel
17872,26976,Kingdom Hearts TCG
17873,14662,NE-spelet
17874,3996,Sudden Death!
17875,336,Jumpin
17876,117815,Mapominoes: United Kingdom
17877,183883,Port of Piraeus
17878,182238,Joe Connaissant
17879,1008,Die Schlangen von Delhi
17880,13464,Alfapet
17881,3914,Splat!
17882,167764,Life & Legend
17883,177750,Wild Cats
17884,11703,War of the States: Chickamauga & Chattanooga
17885,25229,Rommel y Montgomery
17886,40801,Docker
17887,184473,Mystery! Motive for Murder
17888,165828,Truths Too Terrible
17889,125326,Sedition Wars: Battle for Alabaster
17890,16746,Evolution
17891,183881,Goblin Dice
17892,177048,Barking Up The Wrong Tree
17893,34958,Six
17894,2940,A Dog's Life
17895,1400,Columbus
17896,1267,Polar Dare!
17897,63900,Pirate Plank
17898,4968,Big Foot
17899,268582,Smash City
17900,5926,Glory Road: The First Battle of Bull Run
17901,11347,Seega
17902,137354,Trifecta
17903,31820,Festival
17904,122820,Mistrz Słowa
17905,67066,Zingo! 1-2-3
17906,5435,North Sea Oil
17907,9087,KRASH!
17908,208888,Il Trono di Mortadella
17909,17420,"Rette sich, wer kann!"
17910,2169,Arcadia: The Wyld Hunt
17911,1567,Stockers!
17912,7183,Weapons & Warriors: Lashout Launcher
17913,228740,Kitten Klash
17914,4555,Das Blaue Amulett
17915,11258,Abagio
17916,8419,Operation Apocalypse
17917,177680,Ninja Dojo Fight!
17918,2103,Project KGB: The Double Agent
17919,5011,Monsters of the Midway
17920,10525,Football Champions
17921,2867,The Baton Races of Yaz
17922,202624,80's 90's Trivia Game
17923,152245,Cards vs Dice: Strategically Lucky
17924,29694,Die kleine Hexe
17925,244951,Round the World
17926,20429,"Supercharge: Battle of El Alamein, October 1942"
17927,163685,Captain's Wager
17928,19697,Taverne de la Crypte
17929,28068,Four Twenty-one
17930,311918,Lost Explorers
17931,206753,Blank White Dice
17932,234316,Super Kitty Bug Slap
17933,206083,Ragers: Champions of the Arena
17934,59310,Mucks Mäuschen Still
17935,139780,Merlin Zinzin
17936,4118,Slide 5
17937,254546,Lost Galaxy: The Intergalactic Card Game
17938,123506,Wonderland
17939,20833,Code Sudoku
17940,12281,Versailles
17941,29626,Robotics
17942,160413,Shadow of the Elder Gods
17943,113518,Eternas
17944,9816,LEGO Time Cruisers Game
17945,6553,Pussy Cat
17946,1215,Monkey Memory
17947,9022,Im Reich des weißen Bären
17948,231837,Action Cats!
17949,6153,Crisis: 2000
17950,2933,Ringside
17951,13070,Revolución
17952,7541,Killer Angels
17953,17348,InuYasha TCG
17954,7421,Rhumb Line
17955,11208,Hopple-Popple
17956,7963,Clash of Steel
17957,284839,St. Noire
17958,2315,Saratoga: 1777 – Burgoyne vs Gates
17959,135581,Pointless: The Travel Game
17960,201453,Hip Hops: Brews of the World
17961,220597,INTERACTION: No more boredom!
17962,761,The Great Brain Robbery
17963,4372,Froop!
17964,137685,Muses
17965,5999,The Italian Campaign: Salerno
17966,11414,Politics as Usual
17967,103714,The Lord of the Rings: Nazgul
17968,38340,Scene It? Seinfeld
17969,247473,Drawing Without Dignity: An Adult Party Game of Uncensored Sketches
17970,130624,Feed the Woozle
17971,22799,Legie
17972,4473,Pompeii: The Last Days
17973,118567,Gladiatori
17974,105434,Dingbats
17975,13024,James Bond 007
17976,204600,The Crow: Fire It Up!
17977,9868,Tobrouk 1941-1942
17978,210901,Eyes on the Prize
17979,205873,Freaky
17980,173005,Gondola
17981,6355,Cirondo
17982,31274,Zacrobates
17983,6766,Top Gun: The Game of Modern Fighter Combat
17984,25967,Scene It? Marvel Deluxe
17985,143459,The Hobbit: An Unexpected Journey – Journey to the Lonely Mountain Strategy Game
17986,154841,Knuckle Sammich: A Kobolds Ate My Baby! Card Game
17987,72560,Cranium Junior
17988,2923,Listen Up!
17989,22682,"Panda, Gorilla & Co"
17990,237153,Fruit Ninja: Combo Party
17991,32415,Srebrna flota
17992,136244,Miau!
17993,127590,Movie Trailer
17994,122873,Cartes sur Table
17995,8950,Bid It
17996,120254,The Presidential
17997,9049,Teenage Mutant Ninja Turtles Game
17998,21563,Avista
17999,3682,Go For The Green
18000,2545,Contigo
18001,200083,UNO: Frozen
18002,159227,Teddy's Colors & Shapes
18003,99286,Raiding Parties: Golden Age of Piracy
18004,32365,Bailen
18005,212902,Do Eat!
18006,201047,Youtopia: The world of imagination
18007,6187,Avalon
18008,183665,Squish'Em!: Fantasy
18009,5605,I Think You Think I Think
18010,205604,Tricksters
18011,137358,Mau Mau Extreme
18012,1686,Spy vs Spy
18013,153516,Zombeasts
18014,35674,Arktia
18015,212310,Pick Your Poison
18016,23373,HeroCard Galaxy
18017,19696,Taverne de la Licorne
18018,17635,Mob City
18019,1908,G.O.O.T.M.U.
18020,125832,Pittsburgh 68
18021,365,Tricks
18022,150615,Fanhunter: Las Montañas de la Locura – Electric Boogaloo
18023,165557,Quizduell: Das Spiel
18024,10590,The Big One
18025,4903,Columbo Detective Game
18026,276817,Tetris Speed
18027,21,Gateway to the Stars
18028,3351,Wer ist der Täter?
18029,237585,Cock Block
18030,8624,Outburst Bible Edition
18031,7186,Weapons & Warriors: Cavalry Attack Set
18033,10805,A Dark and Bloody Ground
18034,94346,Galapa Go
18035,146597,Discount Salmon
18036,86040,Koekie Loeren
18037,15121,Exago
18038,197571,Pie Rats of the Carob Bean Farm
18039,3209,Pennant Race
18040,182284,Motto
18041,4069,Don't You Forget It
18042,175848,Unpub: The Unpublished Card Game
18043,10917,Don't  Quote Me
18044,144346,Mess Machine
18045,4097,Raise the Roof
18046,130724,Mimikri
18047,180066,Espada Negra: Juego de Mesa – Edición Dormenia
18048,258544,Marble Bobsleigh
18049,156567,Would I Lie to You?
18050,1624,Quest of the Magic Ring
18051,167892,Gang Up!
18052,22469,Avatar: The Last Airbender Trading Card Game
18053,232950,Dare to Dream
18054,6395,Combat
18055,2264,Isaac Asimov's Super Quiz
18056,128282,Party & Co Disney
18057,86270,Discover India
18058,19763,Taboo Quick Draw
18059,6449,"Murder à la carte: Pasta, Passion & Pistols"
18060,8497,Torches & Pitchforks
18061,20525,Knock Out Whist
18062,220642,This Belongs in a Museum
18063,234062,Highlander: The Duel
18064,132145,Two Crowns
18065,34383,Kalle Kanalratte
18066,35896,Succesvol slecht zijn
18067,1397,Crash Pilot
18068,8332,Red Beach One: Tarawa
18069,12956,FutuRisiKo
18070,136385,Influence
18071,33950,Solo Tower Hack
18072,7031,"Flying Circus: Tactical Aerial Combat, 1915-1918"
18073,10718,The Garden Game
18074,8475,Tempus Draconis
18075,41310,Wiggling Cow
18076,159525,Apocalypse Universe: Galactic Arena
18077,171385,Shuffle My Little Pony
18078,603,Putsch
18079,11955,Waz Baraz
18080,141725,Justice League: Axis of Villains Strategy Game
18081,5067,Lifetime
18082,462,Esels-Rennen
18083,171540,Mount Pingo
18084,114284,Monopoly: Futurama Collector's Edition
18085,3896,Struggle For The Throne: Star Trek III
18086,30098,Caterpillar Dice
18087,241490,Pool Party
18088,27674,Nacho Loco
18089,32164,Borneo
18090,7944,Tortuga
18091,16067,Star Wars: Electronic Galactic Battle
18092,2854,Exploration
18093,27073,Pipolo
18094,23389,Les Cabanes de M'sieur Robinson
18095,172410,Flea Market
18096,1537,C&O/B&O
18097,2911,Point-Blank
18098,5156,Crime Solvers
18099,26349,Wojny Napoleonskie
18100,8585,Home Improvement
18101,5799,Mattix
18102,109732,Three Little Pigs
18103,30741,"Surf's Up, Dude!"
18104,74098,Trivial Pursuit: The 90s
18105,63788,Freecell
18106,332317,Blaze
18107,24779,UNO House Rules
18108,172480,Roar! Catch the Monster
18109,8600,up N dn
18110,1935,Puls
18111,4129,Snapshot
18112,145632,NFL Game Day
18113,341427,Télos
18114,8725,Red Star/White Star: Tactical Combat in Europe in the 1970's
18115,5012,Snit Smashing
18116,244691,UNO: Minecraft
18117,152286,Demigods Evolution
18118,20832,Halli Galli Junior
18119,129955,Dragi Drache
18120,26687,The Really Nasty Motor Racing Game
18121,1857,Time War: A Game of Time Travel and Conflict
18122,49454,Chicago Gangsters
18123,3356,Musketeers
18124,34374,Hang Four
18125,31585,Piekło na Pacyfiku
18126,85992,Kaiten Sushi
18127,2143,UNO Hearts
18128,108156,Tante Trudels Trödel
18129,6869,Bethump'd with Words
18130,9201,Spy
18131,2625,Das Pferd von Troja
18132,3516,Option
18133,52276,Captain Pirate
18134,183481,Rackare!
18135,58374,Chelsea
18136,10813,Aya
18137,132785,Monopoly: CityVille
18138,7667,History's Mysteries Card Game
18139,69703,Phase
18140,135077,Clockwork Kingdom
18141,7586,An Enchanting Evening
18142,54743,Scene It? 80s
18143,146309,Kronen für den König
18144,313457,The Dark Village
18145,82037,Chicken Chase
18146,18050,Argue
18147,27863,Lützen
18148,171211,Muertoons
18149,28511,Scene it? Disney Deluxe Edition
18150,41894,Activity professional!
18151,306142,Amigos de Mierda
18152,1407,Alcatraz
18153,10915,Simply Suspects
18154,232162,Kitten Casualty
18155,59060,PsychoPet: The Nutty Pet Clinic
18156,40908,Trivial Pursuit: Genus Edition – Bite Size
18157,58672,Hit the Hat
18158,4402,Bayon
18159,4649,Tower Siege
18160,179975,Secret Santa
18161,9368,Ave Tenebrae
18162,180292,Stingy
18163,6708,Eureka!
18164,22035,Travel Sequence
18165,214276,Bounce-Off Rock 'N' Rollz!
18166,23656,Chuck-It Chicken!
18167,38981,Bobby Sitter
18168,203019,Million Dollars But... The Game: Expansion Pack 1
18169,168390,Set Schnupperspiel
18170,406,Meteo
18171,5349,Kesselschlacht: Ukraine Spring 1944
18172,119472,Konito?
18173,196953,Battle Yahtzee: Alien vs. Predator
18174,152247,Quizmysteriet
18175,154477,Canopy Walk
18176,62637,Viewpoint
18177,11483,Vittoria
18178,220226,Sapphiro
18179,90471,Hippo Hopp
18180,137017,Ovo
18181,2417,Charge it!
18182,794,Foil
18183,15109,Tegn og gæt
18184,1322,Chip-Chip Hurra
18185,14032,Finders keepers!
18186,41955,Eurooppa Tietopeli
18187,177807,King Arthur
18188,21746,Pionjär
18189,202742,OrgasMe!: Sex turned into a card game
18190,65889,Seven Card Samurai
18191,11751,No Peeking!
18192,237704,Grande y Peludo
18193,218349,Fortresses & Clans
18194,88005,Aguila Roja
18195,210044,Monopoly: Rick and Morty
18196,16649,Prickly Pile-Up
18197,160406,Khrysos Hunters
18198,285540,Wurf & Weg
18199,218574,Quizoo
18200,180939,Chimère
18201,93275,Conquian
18202,3473,RisiKard!
18203,4025,Lankhmar
18204,14040,¡New Amici!
18205,3107,Mömmen
18206,24795,Cleopatra's Caboose
18207,122711,"""La Garde recule!"""
18208,18163,Balancing Moon
18209,211047,Steal This Game
18210,5089,Harry Potter Halls of Hogwarts
18211,18199,What's GNU?
18212,6678,Cube Checkers
18213,154878,Little Dungeon: Turtle Rock
18214,223811,Archmage Origins
18215,176011,Wacky Challenge
18216,153470,Japanese: The Game
18217,37497,Bilekuosi
18218,41783,Hochstapler
18219,5265,Commando
18220,2178,Römer
18221,81263,My First Triominos
18222,4248,City States of Arklyrell
18223,3150,Taktvoll
18224,7960,Flags of the World
18225,5851,Quest
18226,48154,Take a Chance
18227,154022,Clairvoyance
18228,61475,Trivial Pursuit: The Beatles Collector's Edition
18229,6233,Trivial Pursuit: Know-It-All Edition
18230,4431,Chess Race
18231,604,Verrat!
18232,24487,Pirates of the Caribbean Buccaneer
18233,32742,Bookchase
18234,18968,Barbacan
18235,174,T-Rex
18236,124958,1984: Animal Farm
18237,27387,Bungee
18238,271040,Tricky Druids
18239,12057,Mini Funny Bunny
18240,1862,Avalon
18241,208,Ex & Hopp
18242,4655,Battle of the Halji
18243,17849,Xochintlan
18244,161743,TacDex: Pirates
18245,131684,Chop Chop
18246,161206,"Pequenas Igrejas, Grandes Negócios"
18247,28444,Chaotic
18248,1654,Double Crossing
18249,256250,The Waylanders
18250,84173,Van Helsing
18251,10962,Smugglers of the Galaxy
18252,14625,Stare! Junior Edition
18253,191478,Ice Cult
18254,13576,Math Dice
18255,13460,Obscura Tempora
18256,119500,Wanna Bet?
18257,148115,Dubious Alliance Fantasy Card Trading Game
18258,28717,Monster Mayhem
18259,34091,Trivial Pursuit: Genus (2) Edition (German)
18260,45437,Trivial Pursuit: Best of Genus
18261,43167,The Livestock Market
18262,19114,Captain Treasure Boots
18263,41152,Out of Sight
18264,1975,Stamp
18265,24387,Dilbert: The Board Game
18266,192696,Orphans & Ashes
18267,10811,"Piraten, Planken & Peseten"
18268,7187,Finding Nemo
18269,136,Robin Hood
18270,9272,Jade König
18271,254149,Señor Pepper
18272,16145,Mango Tango
18273,157942,Teratozoic
18274,65559,Take the Cake
18275,179124,Air Alliance
18276,1617,Icebergs
18277,126443,The Lord of the Rings: The Battle for Middle-Earth
18278,107811,For Fame & Fortune
18279,20781,Café Race
18280,31909,Die Jagd nach dem Gral
18281,7296,Goth: The Game of Horror Trivia
18282,166371,El Luchador Fantastico Grande
18283,39389,Turtle Shells
18284,190737,Star Wars: Star Battle
18285,23456,Trivial Pursuit: Star Wars – Bite Size
18286,197788,Final Boss: The card game
18287,31361,Battleship Torpedo Attack
18288,103811,X Marks the Spot
18289,7259,Management Material: Information Technology Edition
18290,15991,Jenga Casino
18291,28699,Kryptonim: Lew Morski
18292,7604,Final Fantasy IX Tetra Master Card Game
18293,153496,Azteka
18294,148534,Sauschwer
18295,57276,Crazy Dancing
18296,157294,Cat 10
18297,4849,The Charade Game
18298,173637,Monopoly:  80th Anniversary Edition
18299,37267,I Drank What?
18300,14935,Slow Freight
18301,2089,Das Letzte Kamel
18302,1909,Nomadi
18303,18913,Tabu Body Talk
18304,6333,Mighty Warriors
18305,40376,Crazy Chefs
18306,15828,"Schnapp, Land, Fluss!"
18307,2991,Mandala
18308,6945,Carrier Strike
18309,139401,Realm of Heroes
18310,131477,Burg Klettermax
18311,5998,The Italian Campaign: Sicily
18312,183478,Ciao!
18313,130388,Hungry Hungry Hipsters
18314,229165,The Open Road
18315,221633,Mascletà
18316,4654,Rigamarole
18317,259310,Sheep Boom Bah
18318,15613,Scruples: Millennium Edition
18319,6582,Let's Do Lunch!
18320,5282,Raise the Titanic
18321,10075,Claim to Fame
18322,212348,Mined Out!
18323,185497,Dwarves in Trouble
18324,22724,Zombie Rally
18325,312951,Alien Puppies
18326,1715,Od
18327,7194,Centipede
18328,9646,Where in the World?
18329,66256,Triplica
18330,1297,Trivial Pursuit: Star Wars Classic Trilogy Collector's Edition
18331,6219,Ice Lake
18332,87681,Za Dan
18333,10175,The Wonderful World of Disney Trivia 2: The Sequel
18334,575,Das Kollier
18335,76065,Pictionary Card Game
18336,165559,Sau-Bande!
18337,11965,Topminos
18338,23374,HeroCard Champion of New Olympia
18339,166509,Pinocchio: True or False
18340,1232,Saludos Amigos!
18341,282347,Wormlord
18342,4586,Bärenspiel
18343,39549,Destination Hogwarts
18344,2935,Tashkent Domino
18345,8335,Say What!?!
18346,34866,Crossword
18347,7811,Stranded
18348,133633,RARRR!!
18349,15738,MidEvil
18350,165551,Moustache Smash
18351,86174,Arlecchino
18352,203410,Ascended
18353,131499,Counting Fun
18354,241083,City Explorer: Kyoto
18355,21809,Apples to Apples: Bible Edition
18356,36230,Dogfight
18357,191110,Sugi
18358,40654,This Big!
18359,129944,Hey Froggy!
18360,224664,La Famiglia
18361,11701,America Triumphant: The Battle of the Bulge
18362,169988,Pancake Pile-Up
18363,14758,Slammer
18364,4299,Battle: The Game of Strategy
18365,3915,Won Over
18366,4340,Combots
18367,13513,Skåål
18368,158053,Henchling
18369,3290,Maskenball Venezia
18370,10574,Rock Jocks
18371,12296,Senator
18372,246729,450 Things to Do in Your Life
18373,133246,Bop-It Extreme
18374,2383,Blue Line Hockey
18375,314026,Break In: Alcatraz
18376,114316,Ace of Spies
18377,209506,Terra Formars
18378,6230,Snafooey
18379,41995,Monopoly: Star Trek Continuum Edition
18380,2175,Willi Wacker
18381,25642,Kasl
18382,633,Elixir
18383,21051,Tooor!
18384,217275,Kakerlaken-Duell
18385,2101,Orbit War
18386,69785,Good Help
18387,168278,Firefly: Tall Card
18388,163263,Sea Kings
18389,191657,Dr. Gomb
18390,185375,Stormweavers
18391,12316,Sky My Husband
18392,93094,Gotcha!
18393,5429,Blurt! Card Game
18394,90930,Witty Pong
18395,187787,Nerdy Inventions
18396,106935,Ichigorilla
18397,5679,Mario Party-e
18398,192729,Jump Ship!
18399,6892,Tarawa: Bloody Betio
18400,19307,Barricade
18401,4297,Dallas: A Game of the Ewing Family
18402,175855,Epic Roll
18403,5819,Star Reporter
18404,193272,Bücherwurm
18405,133557,Red Code
18406,256540,The Brady Bunch Party Game
18407,23293,Räuber
18408,10341,Disney Charades Game
18409,248695,Samurai Jack: Back to the Past
18410,36381,Taxi
18411,19475,Spingo
18412,1941,Sjörövarön
18413,237572,Butts in Space: The Card Game
18414,5890,1863
18415,7231,Sahara
18416,4152,Scooby-Doo! Expandable Card Game
18417,136856,Simsala Hopp
18418,4999,Jet World
18419,8193,Chainmail
18420,10544,Master Quiz
18421,4221,Quest for the Dragonlords
18422,14001,Speed
18423,6235,The Perilous Parlor Game
18424,248430,Zener
18425,159044,The Hobbit: Enchanted Gold
18426,7982,DeltaVee
18427,5798,United Nations: A Game of World Domination in Our Time
18428,3554,Rich Uncle
18429,2577,Face-it
18430,140988,ElfQuest Adventure Game
18431,13333,Dead Hand Chaos Poker
18432,8452,Unconditional Surrender
18433,153624,Oink!
18434,17005,Bonaparte: the Napoleonic Campaigns
18435,3701,Smear
18436,3863,007 James Bond: Live and Let Die
18437,6718,Anathema
18438,169782,Noppa-Alias
18439,13367,Charades for Kids
18440,233565,King Ozo
18441,3089,Bounty Hunter: Shootout at the Saloon
18442,32751,Ghosts
18443,20131,Texas Roll'Em
18444,1242,Cut and Run
18445,5936,Sorry!  Card Game
18446,166567,Sequence Letters
18447,209284,Hamster Clan
18448,35312,Repeat Pete!
18449,2440,The Way
18450,151981,Geared: Build Your Bike
18451,2499,Equate
18452,21729,Snake Lake
18453,1093,Jolly Roger
18454,131856,Boom
18455,296291,Escape from the Starline Express
18456,3848,Ultimate Combat!
18457,27667,RisiKo! Pocket
18458,2746,Asteroid Pirates: A Game of Ship to Ship Combat in the Asteroid Belts
18459,254417,Clickbait
18460,3631,Flinke Flitzer
18461,4257,Crafty Badger
18462,217340,Raffzahn
18463,33836,Le Cercle
18464,23292,Gold Thief
18465,21577,M is for Mouse
18466,88167,Apples to Apples: Family
18467,219511,Worm Party
18468,146226,Witch Hunt
18469,13392,"Perfidious Albion: Napoleon's (Hypothetical) Invasion of England, 1814"
18470,10291,Ready! Set! Spaghetti!
18471,21374,Napoleon Dynamite: It's Pretty Much My Favorite Animal Game
18472,147039,Larceny
18473,120264,Turista Mundial
18474,10593,Hepta
18475,2147,Vegas
18476,2489,Chaos Tiles
18477,8470,"Pearl Harbor: The War Against Japan, 1941-1945"
18478,2718,War! Age of Imperialism
18479,188493,Sequence Cats
18480,204541,Demon Espionage
18481,23576,CooCoo the Rocking Clown!
18482,3698,Clontarf
18483,66852,Neuron
18484,109105,Sparta
18485,24388,Paparazzi
18486,111426,Terra Evolution: Tree of Life
18487,260268,DIG IT UP
18488,12133,"Last Battles: East Prussia, 1945"
18489,32450,Money Lisa
18490,163957,Alien Entity
18491,191043,The Cohort
18492,3626,Demons
18493,25526,Monopoly: Batman
18494,6543,WorldKiller: The Game of Planetary Assault
18495,279646,Your Worst Nightmare
18496,85389,Vampire Werewolf Fairies
18497,13917,"Hurtgen Forest: Approach to the Roer, November 1944"
18498,5735,Dragonriders of Pern: The Book Game
18499,128001,Rally Fally
18500,263426,Officinalis
18501,37988,Trivial Pursuit: 25th Anniversary Edition
18502,29517,Konkurencja
18503,21465,Crazy Diamond & Karatino
18504,39193,Voll Verladen!
18505,150925,Hold Your Breath!
18506,15236,M.I.G. (Mobile Intelligence Games)
18507,312762,The Joker
18508,142194,Стартап
18509,198513,Cosmic Pioneers
18510,167827,Butim
18511,42969,Hagoth: Builder of Ships
18512,3689,Think Alike
18513,131484,Hoppa Galoppa
18514,14174,Monopoly: Chicago
18515,81486,Split Decision
18516,11496,Bastogne
18517,38665,Don't Say It
18518,22045,Ditto
18519,266079,Galactiquest
18520,40656,Catch the Mice
18521,121790,Mines of the Sacred Dragon
18522,28755,Die Sprache des Manitu
18523,33418,"Therapy, The Second Session"
18524,182049,Taste of Poland
18525,1640,Blockbusters
18526,3585,Sorcerer: The Game of Magical Conflict
18527,13716,Hasami Shogi
18528,6004,The Indian Mutiny
18529,9016,Treasure Hunt
18530,176631,Stratos
18531,9710,Take Off
18532,16809,Suds
18533,30760,Penguin Soccer
18534,14116,Bad Hollywood
18535,251328,Joust
18536,19876,Palatinus
18537,97287,Great Western
18538,117987,Einfach Genial: Das Würfelspiel
18539,2026,Um Kopf und Kragen
18540,1480,Imperator
18541,25271,Das Jagdspiel
18542,1977,Tor
18543,930,Böse Buben
18544,187719,The Banner Saga: Warbands
18545,127048,Penny Arcade: Paint The Line ECG – Red Tide
18546,8517,Master and Commander: The Far Side of the World
18547,8249,China Incident
18548,53279,Wo war's?
18549,9507,Dynamite
18550,8514,Forgotten Axis: The Romanian Campaign
18551,39180,Wordquest
18552,151847,That's What She Said Game
18553,65557,Order's Up!
18554,246986,Star Wars Fluxx
18555,20018,Aloha
18556,132357,Sloop
18557,19120,High Stakes Drifter
18558,3633,Sid Meier's Civilization: The Boardgame
18559,64064,Life's a Pitch
18560,2110,No Bluff!
18561,4810,BattleBoard
18562,17869,Heroes of Might & Magic IV Collectible Card & Tile Game
18563,22338,Spin & Trap
18564,202994,Amasser Dragons
18565,11511,Savage Station
18566,107029,Simon Flash
18567,8966,Raid on Richmond
18568,81445,Hyves Ranking Game
18569,183364,Mad Libs: The Game
18570,76546,Expedition: Congo River 1884
18571,2589,Winhard
18572,220440,1500: The New World
18573,9250,UNO Madness
18574,15563,Double Sens
18575,240511,Rick and Morty: Tráfico de Megasemillas
18576,12829,Ice Cream
18577,2196,Out of Context
18578,34590,Skoki Narciarskie
18579,6475,3 SPOT game
18580,158747,Knee Jerk
18581,23616,Kakuro Challenge
18582,3233,Ballast
18583,6789,Die grosse Auktion
18584,21622,Monopoly: Simpsons Treehouse of Horror
18585,40115,Scattergories: The Card Game
18586,238825,Cards Against Downtime
18587,8491,Dino Dice
18588,128885,Blockers! The Card Game
18589,1859,Doomtrooper
18590,5304,Basketball Strategy
18591,282341,House Flippers
18592,41958,Mäuse Würfeln
18593,9211,Screwball Scramble
18594,2832,Great Western Railway Game
18595,25986,Scene It? Nick
18596,14034,Autobridge
18597,198549,Give or Take
18598,238883,The Great Tour: European Cities
18599,2066,"Teufel, Teufel!"
18600,27712,Tintenherz
18601,15009,Humm Bug
18602,33959,Het Huis Anubis
18603,47258,Soul Hunters
18604,238721,Stumped
18605,41898,Epäillyt
18606,104617,Little Dead Riding Hood
18607,191910,Chicken Wings
18608,194075,Vroom Vroom
18609,14953,Backpacker
18610,219278,Dread Draw
18611,10765,Geist
18612,2669,Frog Juice
18613,150659,Warage Card Game
18614,283229,I Dissent
18615,31360,Laborigines
18616,4438,This Hallowed Ground
18617,9249,När & Fjärran
18618,5272,Hilarium
18619,6132,Kangaroo: The Jumping Game
18620,209366,Gobbit Angry Birds
18621,285699,Mine Deeper
18622,731,Escape from New York
18623,235943,Doppel X
18624,181245,OMG
18625,214427,Hex Casters
18626,6000,The Italian Campaign: Anzio
18627,148099,Worker Placement
18628,28292,Deluxe Weed!
18629,2819,Trivial Pursuit: Genus 5
18630,21555,Rumble in the Jungle
18631,16088,Calaboose
18632,40966,In Love
18633,71899,Gremlins: Gizmo's Great Escape
18634,193329,Limite limite
18635,37127,Uno: 30 Year Anniversary Edition
18636,225653,Castellers!
18637,27663,Junior Cluedo
18638,24977,Es geht seinen Gang
18639,37498,Monopoly: The Beatles Collector's Edition
18640,257851,Picnic
18641,13488,Redneck Life
18642,5561,Monkey Mission
18643,36690,Bump in the Night
18644,137152,Mucca Pazza
18645,19512,Tintin et le Piège du Totem Dhor
18646,13648,Ligretto 2
18647,74310,Falklands Showdown: The 1982 Anglo-Argentine War
18648,4096,Nodwick: The Card Game
18649,240004,Find the Pickle
18650,22866,UNO: Family Guy
18651,11800,Fantasyland
18652,2190,Star Trek: The Card Game
18653,12289,Rooster Booster
18654,136585,Bejeweled
18655,7868,Quadtria
18656,7318,Bob the Builder: Scoop's Construction Site Game
18657,10949,La Maldición del Templo Cristal
18658,119856,Button Up!
18659,234623,Penguin Brawl: Heroes of Pentarctica
18660,103640,Carré
18661,7097,Go: The International Travel Game
18662,22571,Spit!
18663,653,Shit!
18664,187186,Movies Trivia Game
18665,5789,Bombs Away
18666,121122,The Lost Dutchman
18667,15284,Scavengers Gold
18668,10368,Numbers Up
18669,6426,Kage
18670,33646,Flippin' Frogs
18671,10960,Swärje
18672,13827,UFOs! Fritten aus dem All
18673,175923,Hoagie
18674,24142,Monopoly: Rudolph the Red-Nosed Reindeer
18675,124393,Cavemen Playing With Fire
18676,43799,Coral Sea Solitaire
18677,33125,Blasphemy
18678,176286,A.D.A.P.T.
18679,245325,Athens
18680,5465,Space Fleet
18681,90974,Splish Splash!
18682,6675,Madeline
18683,5638,Monopoly Playmaster
18684,32444,Bello
18685,255027,Quinque
18686,153780,Black Sheep and White Sheep
18687,13284,Cowpoker
18688,19552,Universal Fighting System: Penny Arcade
18689,2581,Kismet
18690,4260,Odyssey: The Gods Clash
18691,22268,Asterix & Obelix
18692,2450,Deuce
18693,8024,Up Scope! Tactical Submarine Warfare in the 20th Century
18694,13154,Monopoly: Popular Edition
18695,9808,Solotaire
18696,198836,3 Wishes
18697,138091,Guile
18698,36299,Indiana Jones Akator Temple Race Game
18699,8477,"10-Four, Good Buddy"
18700,934,Die Kette von Saba
18701,184383,Disney Eye Found It!
18702,329713,Dune: House Secrets
18703,942,Snail's Pace
18704,6702,Battlecards: World Conflict – The Russian Front – Starter Set
18705,126463,Spectrix
18706,16440,The Alley Cats Game
18707,4185,B.S.: The Game of Being Sneaky
18708,6383,Life Style
18709,564,Die Seidenstraße
18710,137244,Monopoly Hotels
18711,32194,Saba: Palast der Königin
18712,108100,Total Mania
18713,2102,Project CIA: The Secret Formula
18714,1136,Domain: The Warlock's Challenge
18715,5678,Thieves Guild
18716,3668,Tribbles Customizable Card Game
18717,163724,My Monopoly
18718,113312,Grill Party
18719,15396,Linkity
18720,168236,My Little Pony Rainbow Magic Game
18721,192311,Fast & Fhtagn
18722,32495,Murder City
18723,24443,Idol Quest
18724,35414,The Chain Game
18725,195195,Monster Rejects
18726,95115,Sopio
18727,1368,Tuf
18728,200792,All Hands On Deck
18729,19040,ChiZo RISING
18730,226356,Gimme Gimme Guinea Pigs
18731,28861,Kingdom Quest
18732,169256,Hoverkraft
18733,28053,Tunnelz
18734,22122,Fleeced!
18735,183888,Star Wars Death Star Boom Boom Balloon
18736,11083,Moby Pick
18737,150061,Celestial Rainbows
18738,252374,FReNeTiC
18739,721,Oregon Trail
18740,137016,Fish Fish
18741,21807,Papa Bear
18742,91664,Auf die Birne
18743,223034,Dungeon Hustle
18744,11138,Tank Command
18745,169077,Medicine Whoops
18746,56409,Activity Travel
18747,4634,Warhammer Warriors: Kal Jerico
18748,34575,Sea Monsters
18749,617,Alles Futsch
18750,2845,Star Fist
18751,169714,The Game of Life: My Little Pony
18752,13350,Jeu du Nain Jaune
18753,10033,Monopoly: Las Vegas
18754,857,Titanic: Der Mythos
18755,171626,Lotti Karotti: Das Hasenrennen
18756,10104,Take 5
18757,38464,Crash by Crash
18758,19530,Toot and Otto
18759,2186,Dino
18760,2784,Plague!
18761,147721,Karnickel
18762,165578,Astro Jam
18763,124758,Famous Forehand: The World's Smallest Tennis Game
18764,19349,Zahlemann und Söhne
18765,1330,Savannah Café
18766,36777,Showtime Hanoi
18767,21209,Thin Ice
18768,16367,Pick A Dilly
18769,136117,The Walking Dead Card Game
18770,2749,The American Civil War
18771,181263,Falling Coin
18772,9968,Custer's Luck
18773,4383,Oskar
18774,207713,The Lords of Rock: Mosh Pit
18775,103687,Lamborghini: The Official Race Game
18776,3319,Neutreeko
18777,10565,Fits
18778,7051,"Kampfpanzer: Armored Combat, 1937-40"
18779,6883,Cthulhu Mash
18780,12043,Stadt - Land - Fluss
18781,6840,Teams of Enemies
18782,188968,Bacon Wars
18783,57702,Monopoly: Family Game Night Championship Edition
18784,5449,Planet Hollywood: The Game
18785,2148,Huzzah!
18786,9415,Microdot
18787,7827,Fast Figure
18788,16130,Trivial Pursuit Junior: Fourth Edition
18789,204142,Cheers
18790,277779,I should have known that!
18791,26516,Boxers or Briefs?
18792,5882,Europe Aflame
18793,180940,Top Face!
18794,90467,Monsta
18795,189806,Rocket Squad
18796,2140,Eldorado
18797,285165,Tatort Tonne
18798,19647,Wir sind schwanger
18799,235018,Jungle Joust
18800,288920,Hội Phố
18801,47462,Killer Bunnies and the Quest for the Magic Carrot: Remix
18802,471,Totem
18803,36905,Eesti mälumäng
18804,124589,Flame War
18805,2871,Kookaburra Game
18806,91448,Scene It? Comedy Movies
18807,35023,The Origin of Expressions
18808,246704,Mixtape
18809,215154,Jungli-La
18810,4560,Fast 111's
18811,141594,Fleet Admiral
18812,2513,Colony
18813,30723,Die freche Sprech-Hexe
18814,4441,PornStar
18815,2650,Infection
18816,89620,Monopoly: Canada (Electronic Banking)
18817,110525,Sagaland Mitbringspiel
18818,63897,Shave a Sheep
18819,87871,Bra$ilis
18820,179228,Grim
18821,169463,The Princess Bride: Miracle Pill
18822,8400,Travel Buff
18823,18164,Black Cannon
18824,155327,Stand & Deliver
18825,216647,DiceBot MegaFun
18826,180746,Los Viajes del Capitán Foucault
18827,7465,Chekov
18828,7334,Knockout
18829,2404,Sorcerer King
18830,192801,Among Us
18831,1672,Open Fire: Solitaire Tank Combat in WWII
18832,162071,Vaults
18833,42368,Inquisitio
18834,83658,Медвед
18835,11047,Barbarossa: Game of the Russo-German War 1941-45
18836,21513,Hercules: The Legendary Journeys Trading Card Game
18837,33406,Who Am I?
18838,94958,Drôles de petites bêtes Domino
18839,5688,Trolls in the Pantry
18840,3434,Golden Deuce
18841,8560,Make 5
18842,32996,Yucatán
18843,4508,Warchon
18844,12304,Deluxe Pass the Pigs
18845,6630,Intercept: The Electronic Search and Destroy Game
18846,5715,Petropolis
18847,3566,Thinking Man's Football
18848,22379,aBRIDGEd
18849,24002,Pirate King
18850,41190,At Full Throttle
18851,4175,Diskwars: Legend of the Five Rings
18852,7912,Sand Castles
18853,17785,Seti
18854,1122,Dry Gulch
18855,8904,Cropredy Bridge: A Fleeting Victory
18856,65197,Le Marché de Samarkand
18857,195,NASCAR Champions
18858,7488,Squeeky
18859,4735,Where There's A Will
18860,18498,Zimbbos!
18861,3203,Contack
18862,1812,Night of the Ill-Tempered Squirrel
18863,2537,Draco & Co
18864,146146,Galapagos
18865,37490,"Lumps, the Game of Big Rolls and Smart Holds"
18866,191133,Monopoly: Here & Now World Edition
18867,107583,Ding!
18868,181153,Butts away! Heroes
18869,11115,Saipan
18870,2858,Mathable
18871,7329,Neopets: Adventures in Neopia
18872,266092,MonsterSlap
18873,136286,Star Wars: Bounty Hunter – Das Würfelspiel
18874,8847,Jargon
18875,22595,Axis of Evil: A Strategic Wargame
18876,32464,Sorry! The Simpsons Edition
18877,3501,Fantasy
18878,189833,Monopoly: Cthulhu
18879,5616,James Bond Secret Agent 007 Game
18880,4897,Shake Up
18881,34785,Murder Mystery Mansion
18882,4119,Challenge Yahtzee
18883,144066,Family Feud Strikeout Card Game
18884,161720,Rumplestiltskin!
18885,150216,QuickWits
18886,9594,Double-Play Baseball
18887,42380,Linwood
18888,206508,Disney Tsum Tsum Bubble Fever
18889,6710,Luck Plus
18890,3909,Pirate's Treasure
18891,4319,Zeppelin
18892,227847,"Brezhnev's War: NATO vs. the Warsaw Pact in Germany, 1980"
18893,6977,Mission Command Land
18894,158256,Last One Lost
18895,72957,Nino Delfino
18896,200188,Monster Misfits
18897,10578,Super 3
18898,1193,The Bottom Line
18899,103844,Castle Dash
18900,288361,Clash of Vikings
18901,3016,"Stand & Die: The Battle of Borodino, 1941"
18902,2550,Snarf Quest
18903,205865,Naova
18904,2626,Das Phantom
18905,3371,September
18906,5530,Burger Battle
18907,155912,Monopoly: Marvel Comics Collectors Edition
18908,107938,Dicecapades! Kerfuffle!
18909,17166,Clout Fantasy
18910,147685,Hook!
18911,9251,Whot
18912,13164,Mastermind for Kids
18913,41890,Food Chain
18914,203083,"Zombies, Run! The Board Game"
18915,252555,Bad Maps
18916,145963,Wetland
18917,30239,Der Goldene Kompass
18918,2643,Target: Libya
18919,1006,Die Erbraffer
18920,58396,20000 Mijlen onder zee
18921,6949,Garfield
18922,151367,Heads Up! Party Game
18923,103828,The Jam
18924,87280,Danse Macabre
18925,11826,Cyberpunk: The Collectible Card Game
18926,169755,Woof Meow Biscuits
18927,29268,Party & Co: Junior
18928,136588,Bejeweled Frenzy
18929,35676,Time After Time
18930,149323,Yahtzee Steal the Deal
18931,240135,Catch the Fox
18932,1994,Distant Seas: The Merchant Marine Game
18933,34974,Pasapalabra
18934,12274,Bloody Legacy
18935,13106,Dad's Army
18936,1657,Space Pigs
18937,165470,100!
18938,38991,Hot Potato
18939,124395,Chipleader
18940,72766,SmileyFace
18941,10306,King Kong
18942,4325,Conflict
18943,119622,Massilia
18944,206516,Mine All Mines
18945,19115,Dead Money
18946,8319,Sixth Fleet: US/Soviet Naval Operations in the Mediterranean in the 1970's
18947,148973,Jetpack Unicorn
18948,88996,Bag-O-Loot
18949,2336,S.P.I.V.'s
18950,174927,Masterline
18951,2771,Maginor
18952,170927,Kortslutning
18953,24522,Suspect
18954,197451,Rail Raiders Infinite
18955,10769,Herzlos
18956,1473,Barbarians: 70 BC - 260 AD
18957,124833,Tentacle Bento
18958,41095,Clue: Secrets & Spies
18959,33845,Nibble Nibble
18960,32685,Warriors of the Promised Land
18961,4598,Word Rummikub
18962,283544,25 Outlaws
18963,128180,Farkle Flip
18964,165414,Dudab
18965,28298,Bendomino
18966,94002,Nitro Dice
18967,144337,Doodle Jump
18968,2139,The X-Files Collectible Card Game
18969,26578,Tumbling Tower: Rainbow!
18970,7837,Drago Mago
18971,9621,Battle for the Galaxy: Zylatron
18972,218722,5 Second Rule: Uncensored
18973,151220,Monopolino
18974,40480,Fantasía S.A.
18975,3525,Act One
18976,21788,Panicozoo
18977,408,Zoon
18978,9959,WCW Nitro Trading Card Game
18979,207167,Monopoly: Ultimate Banking
18980,39431,Name Chase: Historical Figures Edition
18981,30335,Murdero
18982,31066,Aapep
18983,4790,Trivial Pursuit: Volume II
18984,4502,König der Maulwürfel
18985,23228,Evo
18986,243606,Clouds
18987,186185,Aladdin's Flying Carpet
18988,12420,Throw 'n Go Jenga
18989,8455,Anvil-Dragoon: Southwall 1944
18990,12988,Collide-O!
18991,12162,UNO Blitzo
18992,8998,Taboo Junior
18993,20311,Horse-opoly
18994,3273,Cat Attack
18995,10570,To the Far Shore
18996,1414,Decathlon
18997,192225,Pickle Letter
18998,174468,Guess Who? Shuffle
18999,958,Orcz
19000,18499,Fuldrigger
19001,63217,Scabs `N` Guts
19002,3884,Mana Burn
19003,25270,Stop & Go
19004,572,Battle Cattle
19005,104770,Monopoly: Crazy Cash
19006,24627,Star Wars Miniatures: Starship Battles
19007,8247,Hoppla Lama
19008,12683,Cookin' Cookies
19009,6874,Müller & Sohn
19010,3080,RSVP
19011,10688,Advanced Dungeons & Dragons Battlesystem Skirmishes
19012,4405,The Big Deal
19013,13490,Ballons
19014,34745,Battleship Express
19015,5527,Memo Street
19016,684,Monopoly: The Card Game
19017,3314,Lügenbeutel
19018,15372,Guesstimation
19019,130470,Marauders
19020,146151,Käse Würfeln
19021,947,Trivia for Dummies
19022,147523,Risk: Battlefield Rogue
19023,15195,Monopoly: X-Men
19024,33569,Wildcraft!
19025,10537,Kit & Caboodle
19026,110434,Farkle Frenzy
19027,30334,Fort Boyard
19028,136092,Blitzed!
19029,89404,Diary of a Wimpy Kid: Zoo-Wee Mama Card Game
19030,7552,Whad'Ya Know?
19031,42062,Pants on Fire!
19032,24706,Where is Moldova?
19033,180257,Molecular: The Strategic Chemistry Tile Game
19034,43042,Black Stories Junior: Blue Stories
19035,42542,Monopoly: Seinfeld Collector's Edition
19036,136285,Ubongo: Das Würfelspiel
19037,271042,UNDO: Curse from the Past
19038,7156,UNO: Hello Kitty
19039,18399,Fan Tan
19040,169045,Star Wars Galactic Dice Game
19041,9633,Barbie Queen of the Prom Game
19042,13262,Spider & Fly
19043,12976,The Mutiny on Little Blue
19044,13115,Taki
19045,3514,Game of Knowledge
19046,1607,Blurt!
19047,140153,T.E.G. Cartas
19048,95810,Herding Cats
19049,242024,Outpost: Amazon
19050,246317,Isidore
19051,4676,Rush for Glory
19052,21150,Stack Market
19053,207975,Siege
19054,33421,Collateral Damage
19055,254178,Gnomeland
19056,10345,Safari Round Up
19057,5621,Bleeding Sherwood
19058,190409,Star Wars: Duels Card Game
19059,10257,Battle of Buena Vista
19060,6534,Maya Madness
19061,17580,Koffer packen
19062,72482,Heroes of Graxia
19063,762,Formula C Minus
19064,157352,Doom and Bloom SURVIVAL!
19065,22802,Pandabo
19066,40871,Crunch: The Game for Utter Bankers
19067,15830,Scene It? Disney
19068,16153,Labyrinth Treasure Hunt
19069,11408,Monopoly: United States Navy
19070,181246,Crazy Bullets
19071,5709,Touché
19072,177633,Ciak! Il gioco di carte
19073,72376,Forever Young: A Vampire Game
19074,595,Escape from Elba
19075,1306,Krakatoa
19076,144374,Once Upon a Time... Life
19077,1998,Tutankhamen's Revenge
19078,22254,Narnia Risk Junior
19079,192904,Destroy BCN!
19080,149324,Escape from Sunset Island:  Zombie Apocalypse Simulator
19081,154889,Toasted or Roasted
19082,3298,Schleck und weg!!
19083,5886,Die Dracheninsel
19084,9508,Golden Trivia Game: M*A*S*H Edition
19085,13916,Mr & Mrs
19086,131006,Evil Intent
19087,2946,Pipeline
19088,10869,Heart of Africa
19089,24743,Machina
19090,15806,Knowing Me Knowing You
19091,133423,Rocket Game
19092,92094,Pointless: The Board Game
19093,6620,Den of Thieves
19094,4866,Park and Shop
19095,161553,Drecksause
19096,116596,Fruit Ninja Card Game
19097,1303,The Squirrel Game
19098,9929,Touch and Go
19099,83453,Best of British
19100,63067,Zombie Ninja Pirates
19101,126999,Coco Capitano
19102,4073,Malarky Card Game
19103,5689,Squelch!
19104,6647,Ökolopoly
19105,25155,PerplexCity: The Boardgame
19106,24379,Celebrity Head
19107,54395,Difference
19108,15031,Jochen der Rochen
19109,98189,Casse-toi Pov'con!
19110,2572,Quicksand
19111,67486,Bubble Talk
19112,175458,Bad Beets
19113,198147,Awful Fantasy: The Card Game
19114,999,Panda Monium
19115,1961,5 Alive
19116,8057,1944: Second Front
19117,10152,Super Simon
19118,182062,Movie Buff
19119,15090,Scrabble Dice
19120,5026,Don't Wake the Dragon!
19121,13879,Scene it? Jr.
19122,192353,Spooky Castle
19123,51505,Seinfeld Trivia Game
19124,9589,Dog Dice
19125,28834,Heli Hopper
19126,6681,Back Off! Buzzard
19127,167589,Cut the Rope: The Card Game
19128,254494,Dodoresque
19129,10511,Gute Freunde
19130,181616,8-28
19131,1450,Jagd der Vampire
19132,34825,4-mation
19133,171547,Tornado Ellie
19134,7549,Stone Soup
19135,4885,Chicken Out
19136,4081,Nick at Nite Classic TV Trivia Game
19137,15455,Värsta Språket
19138,535,Power Barons
19139,38504,Hurry'Cup!
19140,20499,Gangster II: Le Pro
19141,23200,Dylan Dog
19142,38359,The 3 Commandments
19143,193049,Mau Mau!!
19144,50912,NichtLustig: Labor Chaos
19145,34277,Gisborne: Die ersten Kartographen
19146,89222,Bloodsuckers
19147,252892,Here Comes the Dog
19148,6006,Iron Cross
19149,71837,The Hunger Games: Training Days
19150,189969,Orange Quest
19151,261307,5 Second Rule Jr.
19152,235695,Frontier: The Card Game
19153,38476,Igor: The Life of the Party
19154,3189,BAS-KET
19155,146259,Sangoku
19156,7631,The Game of Sniglets
19157,11528,White Eagle Eastward
19158,267030,The Singaporean Dream
19159,40559,Trivial Pursuit: Family
19160,3271,Battlesuit
19161,210181,Doctor Who: Time Clash – Starter Set
19162,40386,Disney Club Penguin Trading Card Game
19163,2314,Off to the Tower
19164,12544,Dungeons & Dragons Adventure Game: Diablo II Edition
19165,101519,Rise or Fall
19166,14696,The Horse Race Game
19167,333,Waterworks
19168,6499,Two Player Brick by Brick
19169,135492,Minderheiten-Quartett
19170,26986,Retro
19171,154298,Alchemy!
19172,4952,"Trivial Pursuit: TV Edition – 4,800 Questions and Answers"
19173,4951,PAC-MAN Card Game
19174,24754,Sneaks
19175,11585,Sum Swamp
19176,8593,Wreckage
19177,9388,Knock!  Knock!
19178,8637,Tears of the Dragon
19179,139975,Twisted Farkel
19180,858,Blindes Huhn
19181,1542,Calamity!
19182,43231,Balance of Power
19183,8177,UNO: Spider-Man
19184,36615,The Game of Life: Indiana Jones
19185,4353,Vector 3
19186,171447,Bad Bunnies
19187,78436,Apples to Apples Mod
19188,3762,Mister Diamond
19189,2492,Doctor Faust
19190,3673,Hot Spot
19191,13972,Party & Co
19192,214343,Fantastic Gymnastics
19193,2430,Phlounder
19194,2681,Countdown
19195,28063,Het goud van de Farao
19196,166661,Paititi
19197,2664,Push Over
19198,19062,CardChess
19199,5666,Strolling Bowling
19200,183532,Star Wars: Galaxy Rebellion
19201,7009,Khyber Rifles
19202,240130,Rubik's Battle
19203,168168,Prima Ballerina
19204,129851,Czech Pub
19205,33497,Celtyckie Miecze
19206,12912,Monopoly: Golf
19207,164542,Expeditie Robinson
19208,7069,Summer Camp
19209,125013,Next!
19210,22801,Rapido
19211,15819,Snifty Snakes
19212,9174,Leonardo
19213,89915,Top & Down
19214,19447,WWE DVD Board Game
19215,1937,Lao Pengh
19216,22380,CSI: Senses
19217,27552,Élve fogd el
19218,119165,Serpent Stones
19219,206681,Space Base Mutiny
19220,188129,Heroes and Tricks
19221,185195,Urbis
19222,1221,Crossed Wires
19223,254419,Weird Things Humans Search For
19224,3483,Pinocchio
19225,14374,Monster Match
19226,2391,Risky Strategy
19227,4310,Sting
19228,40433,Crazy Old Fish War
19229,190685,We Detectives
19230,997,Canaletto
19231,9578,Goosebumps: One Day at Horrorland Game
19232,7471,Breaking Point
19233,191880,Skibe
19234,1063,Schraumen
19235,14617,Mikado Magnetico
19236,3232,Fraggle Rock
19237,31069,Medievalia
19238,34655,Serendipity
19239,160067,The Worst Game Ever
19240,954,Pony Express
19241,26563,Upturn
19242,1099,Downspin
19243,129053,Meins!
19244,2193,Food Fight
19245,13052,Missionary: Impossible
19246,256375,Star Wars: I've Got a Bad Feeling About This!
19247,3842,Wing Commander
19248,1641,Bounty
19249,154642,Cinelinx: A Card Game For People Who Love Movies
19250,31057,Easy School
19251,181492,Operation: Kindergarten
19252,325413,ONE
19253,242289,Cat Chaos Card Game: Celebrity Edition
19254,29019,Gildia
19255,21631,Bohnkick
19256,269573,Dracarys Dice
19257,29119,Party Pooper
19258,92497,Pass the Pigs: Pig Party Edition
19259,272350,Beagle or Bagel?
19260,6873,Letra-Mix
19261,14347,UNO: Disney Princess
19262,14422,Pride and Prejudice: The Game
19263,4519,Yum
19264,5302,SPI Baseball
19265,4486,Dragonslayer
19266,98857,White Elephant
19267,32684,Scene It? Pirates of the Caribbean
19268,11052,BRIDG-IT
19269,167850,Zombie Mania!
19270,23723,Dinosaurs Extinct?
19271,3398,Eye of Horus
19272,28301,Trivial Pursuit: Music Edition 1990-Now – Bite-size
19273,32702,Foodie Fight
19274,11616,Monopoly: Spider-Man
19275,63899,Magma Monster
19276,28371,Monopoly: My Marvel Heroes
19277,89976,Bugs & Co
19278,5433,The Crocodile Hunter Game
19279,12491,UNO: Disney
19280,1398,Chicago
19281,5347,Edge City
19282,58375,Eine gegen Eine
19283,38860,Switch: Secrets of the Temple
19284,122868,Blackrock City
19285,75762,ego: love
19286,28176,Crazy Creatures
19287,148628,Age of Soccer
19288,102965,Agent Doppelnull
19289,141250,Pirackie Skarby
19290,208533,Batman: The Animated Series – Almost Got 'Im Card Game
19291,4577,Hollywood Squares
19292,62478,Mâamut
19293,6886,Capital Adventure
19294,24484,Disorder
19295,158771,Hogger Logger
19296,9639,Aladdin: The Magic Carpet Game
19297,17579,Scrambled States of America 2
19298,5209,Rondo
19299,200610,Million Dollars But... The Game
19300,2326,Pirate and Traveler
19301,26778,Machina II: Przeładowanie
19302,40236,A Conclave of Wyrms
19303,2792,Coco Crazy
19304,5204,Dimension Demons
19305,4797,Guinness Game of World Records
19306,146496,Bam!: Das unanständig gute Wortspiel
19307,137404,Banana Party
19308,80935,L'Aventure c'est dur
19309,252544,Dice Summoners
19310,8484,Xena Warrior Princess: The Board Game
19311,26122,Monopoly: Spanish
19312,4023,Frag Deadlands
19313,135648,Tales & Games: Baba Yaga
19314,6531,Dwarven Dig!
19315,76443,Legitimacy
19316,35262,Monopoly: Here & Now Electronic Banking
19317,179628,Flipping Flags
19318,33599,Der schwarze Pirat: Das Duell
19319,217177,Space Poo: The Card Game
19320,89931,Frog Rush
19321,158343,Hand Made Wonders
19322,18063,Goldrush
19323,4788,Quad-Ominos
19324,808,Pipeline: The Oil Game
19325,4042,Dweebs Geeks & Weirdos
19326,264714,The Game of Life: Quarter-Life Crisis
19327,32683,Scene It? Harry Potter Second Edition
19328,23812,Drachenjäger von Xorlosch
19329,12130,Barons' War
19330,162915,8 the Liar
19331,299249,Mint Control
19332,33614,Adventurer: Card Game
19333,139894,Alchemist Academy
19334,147112,Monopoly: My Little Pony
19335,109252,Creature Clash! Card Game
19336,36650,Quick
19337,225313,Spoilers: The Beginning
19338,16873,Dividends
19339,37168,El Palé
19340,36236,Living Labyrinth
19341,17700,Cluedo Card Game
19342,107435,Campbell's Alphabet Dice Game
19343,740,Rio Grande:  The Battle of Valverde
19344,40507,Skip-Bo Junior
19345,32431,Altamira
19346,188576,GG
19347,1200,Sagarian
19348,42691,RÖK
19349,11563,Forgotten Axis: The Finnish Campaign
19350,257880,The Golden Girls: Any Way you Slice it
19351,9583,UNO: SpongeBob SquarePants
19352,9188,SPI Football
19353,162571,PBL Robots
19354,87748,Frenetic Village
19355,180975,Crimson Creek
19356,16141,Fredericus
19357,206851,Kivi
19358,9357,East Wind Rain: The War in the Pacific 1941-1945
19359,1524,Fight City
19360,2406,Whosit?
19361,7869,Balancing Aliens
19362,154009,Mondo: Der rasante Legespaß
19363,246,Politika
19364,2649,Spider Wars
19365,4561,Carrera de Mente
19366,5244,Star Wars: Destroy Death Star Game
19367,86443,Color-A-Do
19368,33701,Wahoo
19369,298,Lang lebe der König!
19370,43233,Nmbrs!
19371,30248,Mini Chuck-it Chicken!
19372,10999,Abracadabra
19373,200783,HOP!
19374,2068,Der Herr der Wichtel
19375,5496,Riddles & Riches
19376,20139,Elementals
19377,676,Ninja Wars
19378,6839,The Bionic Woman
19379,15791,Alerta Roja
19380,3324,Railroader
19381,32107,Cro-Magnon
19382,8429,Combat Command: Tactical Armored Warfare
19383,148040,Monopoly: The Walking Dead – Survival Edition
19384,239074,Color Smash
19385,35468,On Top
19386,663,Siege
19387,137201,Epic Death!
19388,18464,White Rabbit
19389,64438,Uno Tippo
19390,55820,Santa Timea
19391,3253,Perpetual Notion
19392,163170,Firefly: Shiny Dice
19393,8038,Eagles of the Empire: Napoleon in the Desert
19394,265026,The Floor is Lava
19395,42892,The Isle of Doctor Necreaux
19396,12030,WWF Wrestling Challenge
19397,9785,Twelve Caesars
19398,287741,The Furglars
19399,13477,Space Shuffle
19400,8806,Trivial Pursuit: All American Edition
19401,21967,Trivial Pursuit for Kids
19402,5121,Knock Out
19403,5810,Trivial Pursuit: Warner Bros. All Family Edition
19404,67712,Susume!! Kaizoku-san
19405,297,Stadens Nyckel
19406,15542,Orangino
19407,256479,TomaTomato
19408,25469,SchreckLicht
19409,675,4th Dimension
19410,13169,My First Rummikub
19411,215532,Misantropia
19412,235247,Jim Henson's The Dark Crystal: Board Game
19413,95589,Bad Grandmas
19414,119872,Joomba!
19415,19425,Daemonibus
19416,4365,Dark Victory: The Battle of the Alamo
19417,4443,Am Rande des Gletschers
19418,10090,Turmbau zu Babel
19419,273933,Techlandia
19420,35658,Malta Convoy: Operation Pedestal
19421,19991,London 1888
19422,39,Darkover
19423,11883,Trivial Pursuit: Volume 6
19424,6386,Nibelungen
19425,253048,Legends of Signum: Battle for Vallor
19426,22501,See Sek
19427,3919,Chute-5
19428,10283,Monkey Madness
19429,182380,Robogem
19430,134615,Zogar's Gaze
19431,10599,Tempest of the Gods
19432,133687,MimiQ
19433,29010,Walk the Plank
19434,203661,Bad People
19435,2370,Cows Can't Dance (But They Like to Be Asked!)
19436,27374,Europareise
19437,325628,Страдающее средневековье (Medieval Suffering)
19438,2074,Murphy
19439,328,Damn the Torpedoes!
19440,13384,Election USA
19441,26017,Space Checkers
19442,154553,Last Letter
19443,210098,Circus Puppy
19444,172257,ZomBee
19445,10612,Schampus
19446,157083,Dragon Valley
19447,3342,Soccerama
19448,139769,Robotech RPG Tactics
19449,147423,Jumping Jack
19450,14360,Trivial Pursuit: Star Wars – Episode I
19451,128635,Saqqara
19452,137014,Professor Tempus
19453,8100,Frik
19454,2724,Apache: A Game of the Old West
19455,4976,Derby Days
19456,266031,Meme: The Game – Disney Edition
19457,66590,Just4Fun Colours
19458,2925,The Dukes of Hazzard Game
19459,9348,Der Alchimist
19460,8088,Scrabble Rebus
19461,88554,MythBusters: The Game
19462,11573,Celebrity Taboo
19463,18812,"Ship, Captain, and Crew"
19464,19381,Quest Cards
19465,1259,Pivot
19466,10432,Hercules: The Legendary Journeys
19467,174065,Pan tu nie stał! Demoludy
19468,85562,LineUp
19469,1973,Outburst Junior
19470,170190,Time Jockeys
19471,3941,Dragonriders of Pern
19472,74936,War Cards
19473,8448,Bible Challenge
19474,25455,Mercante in Fiera
19475,5312,Family Feud
19476,97824,Sanitarium
19477,4745,Battlecards: World Conflict – Western European Campaign – Starter Set
19478,39276,Casino Hot Dog
19479,16262,Race
19480,229954,Junggle
19481,6661,Corda
19482,914,Battle Platform Antilles
19483,286547,Wizard Würfelspiel
19484,195696,Magicka Mayhem: The Card Game
19485,3533,Arena of Death: Heroic Combat in the Fantasy World of DragonQuest
19486,31421,Skräll
19487,118315,Ruse
19488,199590,Valiant Universe: The Deckbuilding Game
19489,13714,Qubic
19490,5108,The Disneyland Game
19491,9426,Long Cours
19492,12453,Atmosfear: The DVD Board Game
19493,26540,Napoleonic Battles: Austerlitz 1805
19494,57239,Locale
19495,38678,Novem
19496,99254,Monopoly: The Lord of the Rings Collectors Edition
19497,2517,Ulcers
19498,5841,Quick Wit
19499,40247,BrainBox: World
19500,263189,Harry Potter: A Year at Hogwarts
19501,3030,Baggage Claim
19502,1636,The Quest of the Philosopher's Stone
19503,9293,Turbulent Top
19504,23598,Mother Sheep
19505,31235,The Witcher
19506,113070,Zoneplex
19507,4326,Virus & Co
19508,5609,Oxford Dilemma
19509,155465,Peasant Buffet
19510,19914,Hexxagon
19511,237213,Rhino Hero: Active Kids
19512,6524,VH1 Pop Up Video Game
19513,1752,Haps
19514,24009,Battleship Command: Pirates of the Caribbean
19515,6963,Monopoly: Scooby-Doo! Fright Fest
19516,12624,Trivial Pursuit: 10th Anniversary
19517,8349,Farm Families
19518,152615,Zombie-opoly
19519,19000,Marvel Trivia Game
19520,16160,Junior Alias
19521,65134,Sorry! Revenge Card Game
19522,172707,Z First Impact: Opus 1 Chapter 1
19523,5564,Oh What a Mountain!
19524,67364,3D Tic Tac Toe
19525,156118,The Red Dragon's Lair
19526,206410,Nothing To Declare
19527,152724,Are You Normal?
19528,20217,Splash Attack
19529,121471,Banditos
19530,220741,Yummy Yummy Pancake
19531,89927,Ramses Return
19532,201842,Cup of Bluff
19533,4912,G.I. Joe Adventure Board Game
19534,87929,Ninjago
19535,149069,The Great Snowball Battle
19536,4893,The Real Ghostbusters Game
19537,11784,Instant Recall
19538,172580,"The Vampire, the Elf & the Cthulhu"
19539,4181,Tri-Trac
19540,8210,Monopoly: The Wizard of Oz – Collector's Edition
19541,230995,Deadland
19542,4267,Jaunty Jalopies
19543,8618,This Vs That
19544,28508,Loaded Questions: Adult Version
19545,9706,Tis The Season: Christmas Trivia
19546,6513,Don't Panic!
19547,22289,Geni!
19548,31315,Brin de Jasette
19549,209551,Zombergeek
19550,31848,Wall Street
19551,600,Die Weinhändler
19552,58339,Amos Daragon
19553,1084,Das Gold der Maya
19554,24447,Twisted Fish
19555,126703,Monopoly: World of Warcraft Collector's Edition
19556,61470,Phase 10 Master
19557,197538,POOP: Party Pooper Edition
19558,58713,Lübeck
19559,3745,Bioviva
19560,11393,Tummy Ache
19561,139471,Civility
19562,23025,Shoot Out
19563,4034,Triazzle
19564,21705,Scene It? Friends
19565,5084,Berzerk
19566,5361,Doubletrack
19567,2311,Wild Life
19568,17576,Chameleon
19569,15182,Destination London
19570,7864,Wildside
19571,2357,Nizza
19572,8996,Pictionary Junior
19573,246345,Ninja Rush
19574,64706,Monopoly Free Parking Mini Game
19575,196379,Shit Happens
19576,110598,Isegrim
19577,14342,Scene It? TV
19578,15354,Race Around Britain!
19579,11641,Lemony Snicket's A Series of Unfortunate Events: The Catastrophic Card Game
19580,1391,Aura Poku
19581,23257,Antarctica
19582,8447,Objective: Tunis
19583,2821,UNO Stacko
19584,24318,UNO Spin
19585,19842,Alpen Roulette
19586,156930,Pizza XXL
19587,6965,Monopoly: Muppets
19588,32922,Camper Tour
19589,6958,Monopoly: Justice League of America
19590,8619,Pictionary: Bible
19591,180654,Zombie Road Trip
19592,268948,Monopoly: Friends The TV Series
19593,13126,Tetris Tower 3D
19594,11642,Harry Potter Hogwarts Dueling Club Game
19595,275,Extinction
19596,38227,Wolsung: The Boardgame
19597,163576,Monopoly: The Legend of Zelda
19598,55279,Ergo
19599,94073,Hit the Deck
19600,157979,Tau Ceti: Planetary Crisis
19601,169502,Firefly: Fistful of Credits
19602,94486,Mermaid Island
19603,207670,Nectar
19604,4558,Take Off!
19605,14134,My Dwarves Fly
19606,144735,Seas of Iron
19607,4904,Wicket The Ewok
19608,1056,Piratenpoker
19609,1802,Zwickern
19610,13412,What's in Ned's Head?
19611,316927,Sweet Existence: A Strange Planet Card Game
19612,168005,Alien Invasion
19613,10303,F*ck This!
19614,3255,Cash Flow
19615,10270,Media Mogul
19616,13478,StrataGem
19617,19616,Monopoly: Vintage Game Collection
19618,304021,Lost in Valhalla
19619,605,Banana Republic
19620,146299,Bowling for Zombies!!!
19621,8691,The Top 10 Game
19622,131982,We Are Dead: Zombie Mall Massacre
19623,207917,Scandinavia and the World: A Heap of Trouble
19624,27584,Schafe Schnappen
19625,4433,Acrobats
19626,295394,Juduku
19627,246015,Hearing Things
19628,178569,CatTube Famous
19629,3302,Machu Picchu
19630,3020,Monopoly: Looney Tunes
19631,10582,Who Wants to Be a Millionaire Junior
19632,243093,5 Second Rule Mini Game
19633,3268,Bunker Poker
19634,674,J.U.M.P. Into the Unknown
19635,2962,Inner Circle
19636,11001,Mister Bill
19637,10282,Masters of the Universe 3-D Action Game
19638,11262,Monopoly: NFL Official
19639,22342,Amazones
19640,146104,UnNatural Selection
19641,6232,Market Day
19642,2306,Bewitched
19643,149328,Trivial Pursuit: Party
19644,282080,Posing Pandas
19645,16191,War II
19646,4374,Crosstrack
19647,141059,Shelby's Snack Shack Game
19648,3650,The Twilight War
19649,73288,Dumb Ass
19650,172506,Speed Snacks
19651,3622,eBay: The Card Game
19652,2348,Lotus
19653,2493,The Grand Alchemist
19654,32863,Quelf Jr.
19655,9912,Stacrobats
19656,20836,Sneeze
19657,4736,Armor Supremacy
19658,5794,Landyland
19659,852,Pop Belly
19660,89926,Sunblock
19661,43043,Black Stories Junior: Green Stories
19662,7611,Differix
19663,26134,Die Drachenbändiger von Zavandor
19664,75,Falling
19665,197068,Trick-Taking: The Trick-Taking Game
19666,32224,4th Corner
19667,51512,Super WHY ABC Letter Game
19668,331666,Zola
19669,246398,Exploding Kittens: Newbie Edition
19670,175730,Surviving: One month in
19671,6339,Dying Lights
19672,14423,Husker Du?
19673,289020,Incohearent
19674,137669,Gearworld: The Borderlands
19675,2840,Heuchel und Meuchel
19676,156648,Blood of the Werewolf
19677,11673,Spanish Civil War Battles: Vol. 2 – Guadalajara & Penarroya
19678,27870,Toss Your Cookies
19679,286309,UNO Dice Game
19680,1156,Bram Stoker's Dracula: The Board Game
19681,62854,Humpty Dumpty's Wall Game
19682,5646,Stap op
19683,130227,Big Badaboom
19684,4280,Starleader: Assault! – A Futuristic Man-To-Man Combat Game
19685,773,Beim Zeus!
19686,400,Shanghai
19687,10626,Pacific War Classics Vol 1: Tarawa & Saipan
19688,209378,Totem
19689,98371,Jolly Octopus
19690,7235,Interstellar Wars
19691,3205,Da geht was ab im Morgenland
19692,6712,Monopoly: Coca-Cola Collector's Edition
19693,170054,Accentuate
19694,65581,Hamunaptra: Aventures dans la Grande Pyramide
19695,9234,My Word
19696,131164,Barbeque Party
19697,3451,Coffee!
19698,26522,High School Drama!
19699,2463,Scavenger Hunt
19700,1105,Titus
19701,126234,Carmarace
19702,5617,Bionic Crisis
19703,7999,Airlines: United States Set 2
19704,5585,UNO: Harry Potter
19705,189520,Politisk ukorrekt
19706,25248,Dragon
19707,6563,Sweet Valley High
19708,26729,Blanko
19709,5742,Escape from Colditz Castle
19710,50458,Billy Biber
19711,149611,Greedy Wizards
19712,172310,Kakerlaloop
19713,95128,Startup Fever
19714,2750,Imaginiff
19715,218639,Eye 'N Seek
19716,11822,The All Canadian Trivia Board Game
19717,22923,Dragon Stripes
19718,232944,Where in the World is Carmen Sandiego? Card Game
19719,4381,Back to Iraq
19720,202726,Suicidium
19721,145621,Mad QUAO
19722,92646,The Million Pound Drop
19723,161928,Utter Nonsense
19724,125395,Zombies!!! The Card Game
19725,197435,Santa VS Jesus
19726,188930,Tue Fourre Marie... et pire encore!
19727,30820,Wind & Wetter
19728,140829,Hunter's Guild: The Vampire Forest
19729,5427,TriBond Card Game
19730,103191,Pergamemnon
19731,94684,Spontuneous
19732,139779,Migrato
19733,72566,Monopoly: The Simpsons Electronic Banking Edition
19734,22445,Guru
19735,8256,LEGO Constructionary Game
19736,9406,The Simpsons: Don't Have A Cow Dice Game
19737,1184,Zug nach Westen
19738,3090,Doctor Who: The Game of Time & Space
19739,20771,Bad Babiez
19740,62633,Undercover in Europa
19741,109932,Miskatonic School for Girls
19742,224751,ROBiTs
19743,7331,Rum Rebellion
19744,6959,Monopoly: Elvis Presley 25th Anniversary
19745,17071,Caravans of Ahldarahd
19746,152867,Unita
19747,26089,Dschingis Khan: Bewegung an der Großen Mauer
19748,31294,Dead End
19749,41646,Sushi Roll!
19750,3629,Start Your Own Riot!
19751,290506,Finity
19752,123991,Taggle
19753,5540,Höhlengrölen
19754,124960,3012
19755,89569,Uskoci: A Card Game of Croatian Pirates
19756,32794,Disney Pictionary DVD Game
19757,12819,The Dinosaur Game: Survival or Extinction
19758,1819,Proton
19759,1534,Jump!
19760,287810,"New Phone, Who Dis?"
19761,3329,Hans Dampf
19762,2429,Barnabas Collins Dark Shadows Game
19763,5208,Six Cubes
19764,134477,Temple Run: Speed Sprint Card Game
19765,1299,Trivial Pursuit: Genus IV
19766,5961,Battle for Basra
19767,26700,Monopoly: Dutch Edition
19768,175879,Ruddy Vikings
19769,249816,Taco vs. Burrito
19770,5804,Marvel Trivia Game
19771,154085,How to Human
19772,136554,Rock Me Archimedes
19773,39898,Word Pirates!
19774,36415,90°
19775,151005,Wands
19776,556,7 Safari
19777,14314,Deus Vult!
19778,1946,Ali Baba
19779,39252,Hexus
19780,5996,"The Battle for Cassino: Assaulting the Gustav Line, 1944"
19781,203967,Arkham Ritual
19782,2418,Rainbows
19783,12637,X-Men: Crisis in the Danger Room
19784,11561,Forgotten Axis: Murmansk 1941
19785,3214,Avalon Hill Game Company's Game of Trivia
19786,184044,Cul-De-Sac Conquest
19787,72535,Exile Sun
19788,127,Princess Ryan's Star Marines
19789,155157,Baby Blues
19790,24125,Gangster
19791,21249,Recess!
19792,107056,Ninjutsu: Battle of the Ninjas
19793,2075,Restaurant
19794,172007,The Voting Game
19795,167669,The Best of TV and Movies
19796,46147,Свинтус
19797,8964,Funny Bunny
19798,38337,Fishing for Terrorists Version 2.0
19799,9227,Weed!
19800,7610,Fowl Play
19801,1714,Moonstar
19802,2788,First to Reverse
19803,2497,Goldrush-City
19804,3846,Ghostly Galleon
19805,42920,UNO Moo!
19806,22354,Dagon contra el Hechicero de los Reinos Negros
19807,797,Flucht aus Mangrovia
19808,183868,Awkward Turtle
19809,138195,City Blocks
19810,101718,Terra Evolution
19811,24151,Skullduggery
19812,20096,Toru
19813,5430,Best of TriBond
19814,174988,4 en Letras
19815,98203,Redakai
19816,13951,Guess Where?
19817,11635,Harry Potter and the Chamber of Secrets Trivia Game
19818,3486,Bataclan
19819,26617,Hatch: The Dragonology Card Game
19820,167465,Laser Cat Attack!
19821,3524,Geeks: The Convention
19822,38950,Halma
19823,9115,Questo Gioco del Calcio
19824,14992,Sword & Skull
19825,8254,Balance
19826,11714,Bunte Vögel
19827,171411,Bubble Bomb
19828,265832,WTF?
19829,1199,Hocus Focus
19830,10419,Adversity
19831,191077,Gierki Małżeńskie
19832,160273,Virus the Card Game
19833,18562,World Championship Dodge Ball
19834,97888,Monopoly: Doctor Who
19835,9541,The Addams Family Family Reunion Game
19836,164449,Karate Fight
19837,8970,Herd Your Horses!
19838,27800,The Market of Alturien
19839,66499,Roope-Setä Liikemiespeli
19840,120579,Spuzzle
19841,16158,Wangaratta
19842,4922,Clever Endeavor
19843,11556,Money Bags
19844,33623,Larry
19845,38154,Electronic Pictionary Man
19846,15380,The Game of CHIPS
19847,120268,Monsters & Maidens
19848,24110,Teraforming
19849,205101,A Dog's Life
19850,2549,Top Hats
19851,84514,Monty Python's Really Silly Board Game
19852,41186,Monopoly City
19853,4404,Gold!
19854,34173,"Si, Oscuro Padrino!"
19855,4371,Last Man Standing
19856,28860,Totem Land
19857,5512,Fighting Fantasy Battle Cards
19858,177502,Monopoly: Marvel Avengers
19859,195545,Oppai Go!
19860,3687,Picture Pursuit
19861,12424,Daring Eagle
19862,11938,The Dukes of Hazzard Card Game
19863,10575,Lightning Reaction
19864,7713,Dingo
19865,13239,Dragon Master
19866,69275,Yakari Wettlaufspiel
19867,2295,Astérix et les Romains
19868,1625,Pokémon Jr. Adventure Game: Pokémon Emergency!
19869,27468,Book of Mormon Battles
19870,20224,Geld & Börse
19871,8654,Grand Prix
19872,11530,Don't Be A Dork: The Ultimate Party Adventure Game!
19873,179876,Jailbreakers: Plan Your Escape
19874,13165,Owzthat
19875,1610,The Worlds of Boris Vallejo
19876,32601,Rubik's Revolution
19877,120515,Chupacabra: Survive the Night
19878,165294,"Zobmondo!! Would You Rather...? twisted, sick and wrong"
19879,230976,Bard Saga
19880,18064,"Run for Your Life, Candyman!"
19881,14812,Camelot
19882,39552,GoLong Football Dice Game
19883,25754,Wildlife DVD Boardgame
19884,35877,Piston Cup
19885,1638,Archimedes
19886,6412,Humm...ble
19887,18828,Monopoly: Singapore
19888,8191,Snail Race
19889,181471,Catan: Chocolate Edition
19890,32369,Mind Twist
19891,496,Dilemma
19892,1626,Krull
19893,66251,Galapagos
19894,230768,Out of the Woods
19895,69175,Wobble
19896,35499,Fight Klub
19897,9547,Are You Afraid of the Dark?
19898,13989,Mad About Movies!
19899,39778,Big Brain Academy Cardgame
19900,5885,Meschugge
19901,66276,Awans: Zostań Marszałkiem Polski
19902,57422,Climate-Poker
19903,24323,Yahtzee Turbo
19904,13817,Monopoly: 1935 Commemorative Edition
19905,8321,Beirut ‘82: Arab Stalingrad
19906,7715,Porca Miseria
19907,3427,Blockhead!
19908,311659,What Do you Meme?: Family Edition
19909,186212,Win/Lose Revolution
19910,29924,Monopoly: Transformers
19911,85394,The Last Banquet
19912,2001,Trivial Pursuit: Family Edition
19913,7249,The Legend of Zelda
19914,4509,Funny Bones
19915,9573,The Dick Tracy Game
19916,9947,The Smurf Game
19917,5649,Rock Trivia
19918,20231,Die Pyramide des Krimsutep
19919,10275,The X-Files Trivia Game
19920,15462,Get Nifty
19921,58253,Appletters
19922,4157,Hail to the Chief
19923,18695,Lightning: War on Terror
19924,27981,Candy Land Castle
19925,24254,Simulations Canada's Battleship
19926,7964,West Wall
19927,37847,The Dangerous Book for Boys Game
19928,85995,Dinomeal
19929,1653,Coup
19930,63443,Dilbert: Escape from Cubeville
19931,20989,Krusade
19932,246037,Misdirection
19933,198305,Bandits on Mars
19934,13935,7 Deadly Sins
19935,220546,Speak Out: Kids vs Parents
19936,2258,The Stock Market Game
19937,6486,Save the President
19938,23308,Pirates of the Caribbean: Trading Card Game
19939,1126,Car Wars: The Card Game
19940,26768,Stixx
19941,40514,Scrabble Apple
19942,144036,Diamonsters
19943,4442,Oraklos
19944,257074,Pechvogel
19945,57129,Pop N' Drop Penguins
19946,1939,Kismet
19947,2002,Magical Maze
19948,1178,Sphinx
19949,24901,Bunny Hop
19950,145842,Monopoly Empire
19951,3175,The ElfQuest Boardgame
19952,88608,Cranium Cards
19953,30363,1001 Karawane
19954,150162,Pirates vs. Ninjas
19955,141991,Yorsh
19956,169558,Noches de Sangre
19957,171369,Schlafmütze
19958,240133,Soggy Doggy
19959,4596,Ein Nilpferd kommt selten allein
19960,19621,Mental Floss Game
19961,17521,Golf
19962,36380,FATAL
19963,17323,Kitty Chaos
19964,101954,Rollin' Bones: Pirates of the Caribbean (On Stranger Tides) Dice Game
19965,8204,Star Wars: Death Star Assault Game
19966,3753,Estanciero
19967,88881,Zoo Yatzy
19968,14991,Elementalis
19969,375,6 Billion
19970,194032,Dragon Rapid Fire
19971,12601,NFL Showdown
19972,9805,Habana Taxi
19973,2283,Flip
19974,6228,Rolling Thunder
19975,31508,ReFraze
19976,217007,La Criatura
19977,182865,Engineering Ants
19978,100670,Défis Nature
19979,228501,60 Seconds to Save the World
19980,228687,Champion of Earth
19981,17159,Survivor: The Game
19982,105123,Bananas
19983,2225,Bamboozle
19984,391,Ocean
19985,251642,CIA: Collect It All
19986,22090,Destruct 3
19987,1191,Card Caper
19988,194575,Loża Szyderców
19989,11037,El Capitán Alatriste
19990,5899,Fantasy Adventures
19991,6990,Ultra Ducks
19992,24053,Section X
19993,116975,Diam's
19994,14361,Trivial Pursuit: Disney – The Animated Picture Edition
19995,13128,Yundao
19996,53373,Kazaam Dice
19997,24137,Monopoly: Pirates of the Caribbean
19998,5532,Where in the USA is Carmen Sandiego?
19999,2378,Drachenfels
20000,254686,Last Heroes
20001,10094,Weakest Link
20002,55597,Chaos Marauders (Second Edition)
20003,32743,Black Stories: Mystery Edition
20004,6994,Scrabble Card Game
20005,21124,Monopoly: Disney Theme Park
20006,21529,Poker Tiles Game
20007,32740,Zakgeldspel
20008,103922,Star Wars: Angriff der Rebellen
20009,2403,Go Wild!
20010,5717,Girl Talk
20011,13309,Sicilianos
20012,296420,Bids
20013,24932,Cranium Zooreka!
20014,39145,GemBlo Pyramid
20015,235534,Pummeleinhorn: Der Kekfe Marathon
20016,24473,Megastar
20017,122598,Beer & Vikings
20018,100374,Atlantida
20019,166537,RuneCast
20020,136116,Primo
20021,15497,Millionær
20022,61,Fossil
20023,158947,Fantasy Dice Battles
20024,199247,Hypnose
20025,280149,Mastabas
20026,148517,S-Evolution
20027,134255,Angry Birds: Star Wars – Jenga Death Star Game
20028,11854,Kameltreiber AG
20029,19484,Wiochmen Rejser
20030,20924,The Guinness Game of Records
20031,236639,Flaming Pyramids
20032,2990,Balanx
20033,4037,"Raid! Commando Operations, in the 20th Century"
20034,154476,Gold Ahoy!
20035,38418,Inwigilacja Luksusowa
20036,18919,Duel Masters: Battle of the Creatures Board Game
20037,206540,Banana Bandits
20038,33169,The Wrong Game
20039,31271,French Military Game
20040,3867,The Hammer of Thor: The Game of Norse Mythology
20041,17755,Schnipp Schnapp
20042,99949,Eragra: The Game of Eras and the First Step
20043,183778,Star Patrol: Carrier Commander
20044,154008,The 7th Dwarf
20045,6152,Stop it!
20046,13918,"Remagen: Bridgehead on the Rhine, March 1945"
20047,4460,Green Ghost
20048,928,Gerüchteküche
20049,187033,Irrational Game
20050,244216,Shark Bite
20051,170395,BoardGameGeek: The Card Game
20052,33292,Operation
20053,82216,Trivial Pursuit: Steal card game
20054,24786,SuDoku: The Card Game
20055,85504,Don't Let the Pigeon Drive the Bus Game!
20056,13886,The Princess and the Pea
20057,259708,Diced Tomatoes
20058,2738,The Gnumies
20059,189203,Le Dernier Peuple
20060,40767,Feste Druff
20061,3719,British Square
20062,10625,Håtunaleken
20063,2547,Emperor's Challenge
20064,131389,Castle: The Detective Card Game
20065,2012,Titanic
20066,37224,Huída del Imperio Cobra II
20067,29625,59 Seconds
20068,145401,Crisis: Tokyo
20069,3114,Poleconomy
20070,33906,Komandosi
20071,3297,Grabsch
20072,10744,Corx
20073,622,Change!
20074,13114,8 1/2
20075,2941,Romance of the Three Kingdoms Card Game
20076,4477,Station Manager
20077,111299,I Will Survive
20078,8454,Rise of the House of Sa'ud
20079,21257,Eat It!
20080,76551,Hirelings: The Ascent
20081,34938,Beware of the Dog
20082,1871,Dark Side
20083,66603,Killer Bunnies and the Ultimate Odyssey
20084,18696,Racer Knights of Falconus
20085,95893,The Impossible Machine
20086,15490,Geni
20087,89956,Ninjago: The Board Game
20088,110511,Fall of the Roman Empire
20089,94142,Number Please!
20090,4038,Skip-Bo Dice
20091,21566,Scene It? Sports powered by ESPN
20092,146596,Logo Party
20093,386,Pirateer
20094,95705,Urknall: The Big Bang
20095,28650,The Transformers Game
20096,12494,Goodnight Moon
20097,6693,Scooby-Doo! Thrills and Spills
20098,180920,Flock
20099,315058,Disney Shadowed Kingdom
20100,108176,Over Under Game
20101,2656,Inferno
20102,186295,Pick the Lock
20103,353,Inkognito: The Card Game
20104,20028,"The Chronicles of Narnia The Lion, The Witch and The Wardrobe Game"
20105,32992,Tàin
20106,24988,Lie Detector: The Crime Solving Card Game
20107,1435,4000 A.D.
20108,5181,Operation Cannibal
20109,130823,Titten Ärsche Sonnenschein
20110,10424,Crazy Crocodiles
20111,14990,Troja
20112,29117,Sherpa
20113,6398,Close Encounters of the Third Kind
20114,25167,Project Skyline
20115,168840,Bonje in de stal
20116,12599,Marriage Material
20117,2408,Digimon Digital Monsters
20118,11628,Trivial Pursuit: Young Players Edition Master Game
20119,276801,Valhallamas
20120,14000,Dog-opoly
20121,1409,Spawn: The Game
20122,197909,Shark Island
20123,2426,Hit the Beach
20124,1723,Alpha Omega
20125,295484,Risk Junior
20126,40350,XLR8
20127,40886,Heist
20128,3830,Doctor Who: Battle for the Universe
20129,202375,Race
20130,1703,Kula Kula
20131,82449,King's Vineyard
20132,9017,Rummikub Rummy Dice Game
20133,2866,The London Game
20134,232351,Master of Orion: Conquest
20135,6731,Donkey Kong
20136,10808,BSZZZZ!
20137,195161,Rooster Rush
20138,3160,Holy War
20139,144790,Angry Dice
20140,23970,Pokémon Master Trainer III
20141,3021,Origins
20142,23870,"Strange Defeat:  The Fall of France, 1940"
20143,356,Ab die Post!
20144,38577,Monopoly: Clone Wars
20145,207311,Card Rogue
20146,11968,Harry Potter Gnome Toss Card Game
20147,5661,Trivial Pursuit: 1960's Edition
20148,3883,4th Reich: Puremen vs. the Mutants for Control of the World
20149,14379,Harry Potter and the Sorcerer's Stone Mystery at Hogwarts Game
20150,35482,Mini Cat & Mouse
20151,67630,U-Build Sorry!
20152,9153,Monopoly: NASCAR
20153,140317,Monopoly: Adventure Time Collector's Edition
20154,265297,Monopoly for Millennials
20155,6792,Star Wars: Hoth Ice Planet Adventure Game
20156,32679,Hero: Immortal King – The Den of Dementia
20157,14275,Black Molly
20158,88872,Rising Kings
20159,3476,Shadowrun: DMZ Downtown Militarized Zone
20160,205876,Azuchi Castle
20161,16860,Kaboodl
20162,29419,Chicken or Egg?
20163,103573,Scurvy Dogs: Pirates and Privateers
20164,42686,Pictureka! Flipper
20165,2352,Treasure Quest
20166,2916,File 13
20167,30364,Those Pesky Garden Gnomes
20168,9559,The Hamburger Game
20169,9581,Into the Forest
20170,4058,Chaos Progenitus
20171,4150,Bakari
20172,16987,Diggity Dog
20173,262381,Amazed: the Game
20174,22085,Baron
20175,9454,Double Trouble
20176,5759,Monopoly: Star Trek Limited Edition
20177,16052,Merlin
20178,32828,The Really Nasty Golf Game
20179,13944,Escape The Mad Mummy
20180,7388,Trivia Adventure
20181,6971,Jeopardy! Simpsons Edition
20182,37349,Cthulhu Rising
20183,150018,Alternatywy 4
20184,5952,Xena: Warrior Princess CCG
20185,141896,Give It to the King!
20186,360,Quests of the Round Table
20187,167505,Star Wars Force Grab
20188,112692,Goblins: Epic Death
20189,98350,Kamakura
20190,1517,Ani-Mayhem
20191,2037,Triology
20192,9320,Bottles and Bins
20193,6363,Monopoly: World Cup France '98 Edition
20194,33876,Killer Bunnies and the Journey to Jupiter
20195,12243,Ziff Zoff
20196,39636,Aku Ankka
20197,3849,Red Zone
20198,2635,Finance
20199,3378,The Inventors
20200,7547,Go Bananas!
20201,6245,Quest for the Dungeonmaster
20202,216906,Across the Iron Curtain
20203,140840,Personally Incorrect
20204,95765,Joe Name It
20205,19456,Frog Game
20206,1488,Trailer Park Gods
20207,71402,CUPONK
20208,14132,Project Pornstar
20209,286126,Monopoly: Socialism
20210,165189,Altaria: Clash of Dimensions
20211,4279,Flux
20212,2331,Spill and Spell
20213,9607,Enigma
20214,256861,"Yeti, Set, Go!"
20215,26093,Koala
20216,33799,Fruttirelli
20217,8638,Monopoly Junior: Travel Edition
20218,240224,The Emoji Game
20219,9160,Neopets TCG
20220,159437,iGranie z Gruzem
20221,5675,The Rolling Moon
20222,6052,Yorktown: The Siege Which Determined the Birth of the United States
20223,5690,Oi! Dat's My Leg!
20224,175846,Deck Building: The Deck Building Game
20225,1249,Safari Jack
20226,153116,Bravest Warriors Co-operative Dice Game
20227,21652,Silence in Class!
20228,3850,Galactic Empires
20229,124160,The Strategy Game
20230,8972,Beat the Experts
20231,28308,Martinis & Men
20232,12924,Dark Crusade:  The War in the East 1941-45
20233,16620,Domination
20234,29142,I Spy Eagle Eye
20235,20624,Captain Bones Gold
20236,3686,Yu-Gi-Oh Millennium Game
20237,6364,Monopoly: Hong Kong
20238,5366,Batman Returns 3-D Board Game
20239,305984,GPS
20240,147581,The Rats in the Walls
20241,39312,Hunter: Deadly Prey
20242,85286,Skyscrapers
20243,199401,Kingz
20244,67948,Mahjong Solitaire
20245,11683,Chicken of the Sea
20246,40974,Superpoly
20247,119316,United Square
20248,10518,I Spy Memory Game
20249,9082,Go Tell the Spartans
20250,21331,Quip It!
20251,8943,Superfection
20252,8842,Eselspiel
20253,2823,Finish Lines
20254,168687,Pete the Cat Groovy Buttons Game
20255,158198,MiFuChi
20256,24116,The Game of Life: Pirates of the Caribbean – Dead Man's Chest
20257,7605,The Suicide Bomber Card Game
20258,237329,Stranger Things: Eggo Card Game
20259,16003,Fraud Squad
20260,294969,Dog Man: Attack of The Fleas
20261,32849,Cat in The Hat:  I Can do that!
20262,3944,The Honeymooners Game
20263,136494,Jake and the Never Land Pirates: Who Shook Hook?
20264,25950,Masters of the Universe
20265,133334,Where's My Water?
20266,31561,Bankruptcy: The Card Game
20267,176918,Rotten Apples
20268,2106,Imperium: 3rd Millennium
20269,10414,Poppa's Pizza Topple
20270,6953,Lara Croft: Tomb Raider – The Angel of Darkness
20271,145764,Zero Hour: Survival Horror Card Game
20272,4076,Management Material (General Office Edition)
20273,13039,Digimon Digi-Battle Card Game
20274,2566,Die Erbtante
20275,16226,Gone Fishing!
20276,231087,Ducklings: A Game About Parenting!
20277,7860,Simpsons Trading Card Game
20278,15743,Agentenjagd
20279,610,Knights of the Rainbow
20280,32993,Mustang
20281,6194,Home Alone
20282,62861,Drakar och Demoner: Brädspelet
20283,3636,SongBurst 50's & 60's Edition
20284,264660,Can't Catch Harry
20285,13982,Sorry!: Pokémon
20286,4864,Scene It?: The DVD Movie Game
20287,7575,Snowball Fight
20288,30009,Solo Dungeon Bash
20289,14459,Monopoly: New Zealand
20290,158918,FLY
20291,11167,Brain Quest
20292,148273,Kto z Kim?
20293,4384,Im Schatten des Sonnenkönigs
20294,11954,Paladin
20295,6851,The Simpsons Mystery of Life
20296,18097,Monopoly: Moscow
20297,36232,Top Ten: The Bill of Rights
20298,185104,Monopoly: Game of Thrones Collector's Edition
20299,67629,U-Build Connect 4
20300,121601,Zombie Fried
20301,240223,5 sekund bez cenzury
20302,38197,Relic Raiders: Haunted Ruins
20303,5663,WFF 'N PROOF
20304,22265,Don Peperoni
20305,1417,Alibi
20306,23243,Pirate's Cove: Search for the Treasure Game
20307,129469,Card of the Dead
20308,140729,Say What You Meme
20309,32680,Hero: Immortal King – The Infernal Forge
20310,5856,The Wonderful World of Disney Trivia Game
20311,4070,Tri-Virsity
20312,117910,Schotten Rennen
20313,19466,Trivial Pursuit: 1980s
20314,264989,Flushin' Frenzy
20315,20005,Sushi Express
20316,31512,Habitat
20317,2515,Pirate Island
20318,31068,Bulp!
20319,183831,DEER LORD!
20320,9705,More Dirty Minds
20321,1656,Smokers Wild
20322,28674,Akkon: Machtkampf der Tempelritter
20323,2799,Arabian Nightmare: The Kuwait War
20324,10293,En Busca Del Imperio Cobra
20325,4559,Ginny-O
20326,5644,Anera's Arena
20327,409,Dschungel
20328,39192,Schwarzer Kater
20329,18657,Test Match
20330,18679,Morgan's Revenge
20331,1464,Duo
20332,7463,"'CA' Tactical Naval Warfare in the Pacific, 1941-45"
20333,2782,Vantage
20334,13682,Travel Clue
20335,2783,Thieves in the Wood
20336,36228,Roman Taxi
20337,17520,The Game of Crown and Anchor
20338,128028,CLASH: Jihad vs. McWorld
20339,21866,"Zobmondo!! Would you rather...? Twisted, sick and wrong. Late night."
20340,27675,Monster Maker
20341,214224,Clue: Star Wars
20342,41017,Tuk-Tuk Taxi
20343,76668,Diary of a Wimpy Kid: Cheese Touch
20344,23049,Hedbanz for Kids
20345,8211,Great States!
20346,2156,Arch Rival
20347,1648,Kan-U-Go
20348,8852,Gem Quest
20349,164339,3 to 4 Headed Monster
20350,179718,Black-Handed Henry's Potion Party
20351,3502,Star of the Guardians
20352,20203,Breakout
20353,165283,Battleship
20354,6713,Monopoly: Batman & Robin
20355,86768,Abetto
20356,16380,Mighty Morphin Power Rangers Game
20357,4627,Ultra-Warrior
20358,14951,Danmark-spillet
20359,210179,Yo Fui a EGB: El Juego Oficial
20360,25188,Vorsicht Lehrer!
20361,38353,Monopol: Sverige
20362,3503,Star Quest
20363,119194,The Witches of Blackmore
20364,5354,Colorama
20365,1925,Krystal
20366,76362,Celtic Challenge
20367,2793,The Hamsters
20368,4105,The Wheel of Time Collectible Card Game
20369,6436,Echelons of Fury
20370,29599,Scandaroon
20371,56246,Goblins
20372,204069,Cranium Dark
20373,26204,Spion & Spion
20374,7746,Mountaineering
20375,4162,Horse Show
20376,89423,Garbage
20377,3574,Tank! Armored Combat in the 20th Century
20378,172237,UNO Dare!
20379,4117,Ruffhouse
20380,10807,Fishing for Terrorists
20381,212873,Level 8: Das Kartenspiel
20382,26841,Table-MotoGP: The Moto GP Licensed Board Game
20383,194960,Brain Games
20384,28472,Scooby-Doo! Haunted House 3D Board Game
20385,26861,"You Gotta Be Kidding! The Crazy Game of ""Would You Rather...?"""
20386,13260,Clown
20387,1934,Up & Down
20388,121751,Colossal Cave: The Board Game
20389,34377,King Toad
20390,4456,1862
20391,198450,First to Find
20392,3610,Word Power
20393,1096,Four Real
20394,132320,Monopoly: Doctor Who 50th Anniversary Collectors Edition
20395,367,Overthrone
20396,171424,Kakerlakak
20397,14511,SharkPark
20398,130597,Like: The Social Game
20399,69796,The Price Is Right Game: DVD Edition
20400,53557,Colorio
20401,47170,The Tower of Mystery
20402,92776,Guards! Guards! A Discworld Boardgame
20403,14539,Drakskatten
20404,12238,Switch 16
20405,5662,Word Mastermind
20406,27296,The Game of Life: Fame Edition
20407,3723,Peanut Butter & Jelly Card Game
20408,154753,Ice Cold Ice Hockey
20409,9603,The Emergency! Game
20410,948,Dao
20411,1255,Vegas
20412,32789,Bogoss
20413,11739,Madeline's House
20414,6981,Monopoly Junior: Toy Story
20415,8621,Bible TriBond
20416,69205,High Five!
20417,4933,The Tick: Hip Deep in Evil!
20418,2100,Myth Fortunes
20419,34933,Monopoly Town
20420,46743,Pirate Code
20421,32361,Lis Pustyni
20422,3068,Komme Gleich
20423,11200,Cashflow for Kids
20424,25158,Pingo Balance
20425,2598,Tank Battle
20426,25144,Dart Wars
20427,316581,Biyi
20428,849,Golf Masters
20429,12876,Cranium Balloon Lagoon
20430,3910,Harry Potter: Diagon Alley Board Game
20431,32157,The T-Shirt Game
20432,23671,Monopoly: Spongebob Squarepants
20433,8530,Stampede!
20434,6798,Concentration
20435,8308,3D Labyrinth
20436,785,Dog Eat Dog
20437,50444,Pop to the Shops
20438,8915,Jenga Xtreme
20439,15635,Busungar
20440,5051,"La Grande Armee: Campaigns of Napoleon, 1805-1815"
20441,89071,Saturday Night Live: The Game
20442,136058,Dice Devils
20443,32678,Hero: Immortal King – The Lair of the Lich
20444,4064,Scrabble Up
20445,8097,Ten Commandments Bible Game
20446,26163,The Christmas Game
20447,21095,Mage Master
20448,16973,Genial daneben: Das Spiel
20449,55706,Ren Faire
20450,169987,Maximum Throwdown: Overload
20451,15863,Impact
20452,43890,Jenga Max
20453,186208,Project Mars
20454,17457,He & She
20455,251252,Battle of the Sexes
20456,275802,Carnival Zombie: 2nd Edition
20457,22516,Snout! The Pass The Pigs Card Game
20458,22931,Brillance
20459,9416,Westminster: The Election Game
20460,2435,Reminiscing: The Game For People Over Thirty
20461,240096,Moonshiners of the Apocalypse
20462,67627,U-Build Mouse Trap
20463,36634,Rice Wars
20464,795,Dragonlance
20465,88957,Avatar: The Board Game
20466,3447,The Game of Maze
20467,6010,Phantom Rallye
20468,18618,Capitaly
20469,3889,Ali Baba
20470,41334,Scary Tales: Snow White vs. The Giant
20471,1853,Hägar ruft zum Beutefest
20472,1290,Shifti
20473,7519,The Lord of the Rings: The Fellowship of the Ring Board Game
20474,23684,Crystal Code
20475,3538,Gnome Tribes
20476,249414,Backyard Builders Treehouse
20477,260942,Monopoly: Fortnite
20478,38694,Godzilla: Kaiju World Wars
20479,25412,Vampire: Dark Influences
20480,244268,Sweet Mess
20481,41518,Horrible Histories: Rotten Romans
20482,18104,Banana Express
20483,221644,Pyramid of the Sun
20484,14131,Casanova
20485,103327,Água: The Water Cycle
20486,159452,"Wake up, Cthulhu!"
20487,159084,Black Market Warehouse
20488,13132,Monopoly Junior: Dig 'n Dinos
20489,232831,Super Mario Bros. Power Up Card Game
20490,6684,Transformers Adventure Game
20491,1443,Alpha Blitz
20492,8450,Hector and Achilles
20493,145943,A Duel Betwixt Us
20494,8599,Monopoly: Star Wars Episode II
20495,179701,Game of Phones
20496,10673,Monopoly: America Special Edition
20497,1603,Cortez
20498,1011,Dream Team
20499,20306,Brew-opoly
20500,20790,You've Been Sentenced!
20501,14705,Totally Gross
20502,1707,Spices of the World
20503,1503,Mid-East Peace
20504,177751,Random Encounter: Plains of the Troll King
20505,67026,Diamoniak
20506,137168,Klugscheisser 2: Edition Krasses Wissen
20507,7958,The 80's Game
20508,156599,Caffeine Rush
20509,3840,RIFTS Collectible Card Game
20510,42259,"Admiral Ackbar ""It's a TRAP!"" GAME"
20511,1514,Yali
20512,46746,Monster 4
20513,11484,Dindons & Dragons
20514,3266,Alien Autopsy
20515,38795,Rhino Rampage
20516,154901,The Fittest
20517,125059,Cowtown
20518,12634,Hispaniola
20519,2811,Blind Justice
20520,4373,Operation Felix
20521,80836,The Target
20522,12436,Ogre Bash
20523,41857,Zoo Panic
20524,8567,Cargo
20525,8963,Robot Wars: The Game
20526,235942,Arena: Gladiator League
20527,927,Lift Off
20528,5203,Annihilator / OneWorld
20529,37849,Star Wars Galactic Heroes Game
20530,3194,Dots
20531,3306,Hack Attack
20532,8295,Secrets of the Pyramids
20533,29408,Inwigilacja
20534,192409,Clown Standoff
20535,131199,Soluna
20536,9475,Backwords
20537,131735,Castles
20538,24141,Monopoly: Family Guy
20539,117784,Army vs. Aliens
20540,5553,Parity
20541,6368,King Arthur
20542,866,"Lie, Cheat & Steal"
20543,16723,Crystal Maze
20544,251208,Game Box: Family Feud – Disney Edition
20545,33020,Bata-Waf
20546,37698,The Laughing Pig
20547,20634,MiniMonFa (MiniMonsterFantasy)
20548,6375,Made for Trade
20549,305980,A Fistful of Gold
20550,238102,Jokes de Papa
20551,2777,Safari
20552,813,Goosebumps: Terror in the Graveyard Game
20553,2280,Marco Polo
20554,14130,Sharur: Evolutions
20555,23346,10
20556,8393,Monopoly: NHL
20557,6868,Hear Me Out
20558,39320,Potions
20559,60311,Pairs in Pears
20560,26106,Gezanke auf der Planke!
20561,3835,Turbo
20562,326408,Una Questione di Voto
20563,39789,Zombie Mosh!
20564,28905,Dostihy a sázky
20565,308532,イラストリー (Illustori)
20566,9410,Aus die Maus!
20567,155464,"The Walking Dead ""Don't Look Back"" Dice Game"
20568,8542,Turbo
20569,6605,Track
20570,14146,Blow Football
20571,213787,The Terminator: The Official Board Game
20572,151467,Il était une forêt
20573,16562,Pie Face
20574,7848,Snakes and Ladders 3D
20575,22839,Trivial Pursuit: DVD
20576,39415,Trivial Pursuit: Digital Choice
20577,4282,Greed
20578,33967,Take the Train
20579,60697,Atlantic Triangle
20580,5031,Dare!
20581,8337,Wapi
20582,5028,The Game of Life in Monstropolis
20583,899,Movie Mania
20584,18574,Dark Force
20585,11862,Gay Monopoly
20586,228503,Mad Science Expo
20587,3140,Sixmix
20588,146864,NFL Rush Zone
20589,17687,Bernini Mysterie
20590,194228,Rick and Morty: Mr. Meeseeks' Box o' Fun Dice and Dares Game
20591,183472,Across Africa
20592,1437,Trust Me
20593,195455,BOX
20594,58698,Pickles to Penguins
20595,24857,Deal or No Deal Card Game
20596,1090,YoYo
20597,15175,Spinning Wishes
20598,15855,Reisen
20599,246744,Harry Potter Miniatures Adventure Game
20600,104527,The Game of Life Adventure Edition
20601,2099,Online: Internet Card Game
20602,76319,Unusual Suspects
20603,21749,Scene It? Squabble
20604,281457,Manchukuo
20605,3640,Spy Ring
20606,132203,What Do You Meme?
20607,107733,The Big Bang Theory: The Party Game
20608,2144,Ebola Monkey Hunt
20609,1216,Mystery Garden
20610,189201,Dark Agent
20611,2128,Warlords
20612,84825,FaceEater
20613,76444,Sturgeon
20614,9878,Cheers
20615,8676,The Merry Game of Floundering
20616,19888,Master of Movies
20617,152902,Fish or Cut Bait
20618,19378,Doctor Who: The Interactive Electronic Board Game
20619,33112,War
20620,6397,Egyptians
20621,15020,Draw Out
20622,70653,Monopoly: Nintendo Collector's Edition
20623,3430,The Three Stooges Card Game
20624,9514,Happy Days
20625,121414,Countdown: Special Ops
20626,30379,Change Horses
20627,92960,S'mores Card Game
20628,6659,Harry Potter Casting Stones
20629,125461,Cubu
20630,12837,Hedgehog's Revenge!
20631,140830,King Size
20632,219670,HUNGER: The Show
20633,144236,Antimatter Matters
20634,2764,Ein Arsch kommt selten allein
20635,5234,Sniggle!
20636,17245,Pepper
20637,113490,Yahtzee Flash
20638,7821,Creepy Freaks
20639,10105,Dirty Words
20640,41189,Animal Upon Animal: The Card Game
20641,34129,The Beer Game
20642,19633,Gefangen in der Geisterbahn
20643,258723,ToeShamBo
20644,2033,Reporter
20645,1225,Quest
20646,25475,Whoopies
20647,5166,Express Monopoly Card Game
20648,19571,The Sudoku Game
20649,40503,Birds on a Wire
20650,30640,Rio
20651,99992,Kill Shot
20652,28989,Garçon
20653,3488,C-23
20654,32264,Biznes po polsku
20655,25097,Die Maus: Mausefalle
20656,5903,Cats' Mansion
20657,116422,Apples to Apples Dice Game
20658,35585,Koe zoekt Boer
20659,30306,What the F*ck?
20660,12237,Oil: The Great Adventure
20661,200760,YOOLOO
20662,2458,Battle Cattle: The Card Game
20663,21941,Marvel Heroes Battle Dice
20664,4345,Beer: The  Card Game
20665,8636,The Grape Escape
20666,1482,Ubi
20667,3188,Bionicle: Quest For The Masks CCG
20668,4889,Dizzy Dizzy Dinosaur
20669,158232,Bedpans & Broomsticks
20670,34583,Set Cubed
20671,5040,Operation Crusader: The 8th Army's Forgotten Victory
20672,20182,Maxi Yatzy
20673,9725,Monopoly: National Parks Edition
20674,34395,Planet Earth DVD Game
20675,180024,500 Malicious Cards
20676,17819,Sin City
20677,6210,On Assignment with National Geographic
20678,7924,Harvest Time
20679,12308,Towers in Time
20680,1497,Dino Hunt
20681,20589,Trivial Pursuit: DVD – Pop Culture 2
20682,61916,Quelf Card Game
20683,137969,Geek Dice
20684,73228,Hecho
20685,4696,Outwit
20686,138311,Machine of Death: The Game of Creative Assassination
20687,67628,U-Build Battleship
20688,4578,UNO Wild Tiles
20689,180740,Shopkins Supermarket Scramble Game
20690,19834,Bus Stop
20691,3352,Gouda! Gouda!
20692,60870,Schätze des Dunklen Turmes
20693,31298,Man Laws and Woman Rules
20694,5423,Bible Trivia
20695,11950,Monopoly: Marvel Comics
20696,21881,Family Guy Trivia Game
20697,1964,Campaign
20698,151887,Clusterf**k!
20699,151468,Downton Abbey: The Board Game
20700,20694,Sillage
20701,49010,Clue: Carnival – The Case of the Missing Prizes
20702,11147,Ea$y Money
20703,88556,Duel: Once Upon a Game in the West
20704,6474,L-Game
20705,341918,Tulpenfieber
20706,15845,Fantomen
20707,20580,Name That Tune 80's Edition DVD Game
20708,16530,The Apprentice Game
20709,77596,The Enigma of Leonardo
20710,230542,Gold Raiders
20711,14133,Druids
20712,9802,Tuchulcha
20713,70502,Doctor Who: The Time Wars Family Board Game
20714,7556,Panzer Battles: Tactical Armored Warfare in World War II
20715,8860,Cranium Conga
20716,5412,Tomb of Doom
20717,2496,Saloon
20718,25968,Banzai
20719,184108,Monopoly: Despicable Me
20720,62,Curse of the Mummy's Tomb
20721,10912,Jumpin' Java
20722,36231,Rorschach
20723,8173,Battleship: Tactical Capital Ship Combat 1925-1945
20724,7457,Monopoly: Canadian Edition
20725,263437,Crypto Cartel
20726,8813,Shocking Roulette
20727,7803,O'NO 99
20728,118340,The Hunger Games: Jabberjay Card Game
20729,179266,Flip the Bird
20730,154482,Dream Heist
20731,329641,King of the Pitch
20732,4770,Star Trek: The Next Generation Collectible Dice Game
20733,143869,Something Different
20734,75991,Sorry! Spin
20735,95695,Wiochmen Wesele
20736,12649,NFL-opoly
20737,226878,Outpost: Siberia
20738,1673,Ultimate Golf
20739,3578,BattleBots: Kickbot Arena
20740,2197,Kensington
20741,181,Risk
20742,27668,Apache
20743,6122,Star Wars: Escape the Death Star Action Figure Game
20744,193592,Gas Out
20745,63901,Oh No... Zombies!
20746,218358,Harry Potter: Magical Beasts Board Game
20747,30947,Splice  Pirateology Card Game
20748,182252,Darkness Sabotage
20749,6598,Frogger
20750,55,Sophie's World
20751,69676,Questions de Merde
20752,22629,Giggle Wiggle
20753,12996,Quips
20754,24105,The Da Vinci Code Game
20755,2308,Atlantis: Pathways of the Deep
20756,18543,Senior Moments
20757,12784,Twister Moves
20758,13208,Thin Ice
20759,213871,Yippie Yippie Yeti
20760,12623,UWO
20761,8081,The Cat in the Hat Game
20762,17568,Magic Robot Quiz Game
20763,103405,Monopoly: Cars 2 Edition
20764,17578,Leaping Lizards
20765,180459,Wikipedia: The Game About Everything
20766,125765,Rock Paper Scissors Lizard Spock Dice
20767,46586,Ratuki
20768,31615,Fred
20769,6800,"Win, Lose or Draw"
20770,646,Pirate's Plunder
20771,1989,The Peter Principle Game
20772,12557,APBA Basketball
20773,3841,Echelons of Fire
20774,172729,The Game of Life: Despicable Me
20775,42132,Scary Tales: Little Red vs. Pinocchio
20776,1415,Rat Splatter
20777,110962,Shadow Days
20778,22889,Pictureka!
20779,2791,Baby Bird Game
20780,34902,Rock!
20781,10325,"Marry, Date or Dump?"
20782,129939,Ha! Ha! Moustache
20783,146253,Angry Sheep
20784,157581,Makin' Bacon
20785,12763,Block It!
20786,2446,Chopper Strike
20787,12826,Tumblin' Monkeys
20788,7563,Jaws
20789,2557,Castle Risk
20790,175090,Game of Crowns
20791,37382,Monopoly: Wonder of The World
20792,12309,Austin Powers CCG
20793,247493,Don't Step In It!
20794,5468,Snap: The Interlocking Dragon-Making Game
20795,224212,Red Scare
20796,7710,Tip-It
20797,155208,Raiders of the Lost Tomb
20798,12822,Weltreise
20799,101420,Ninety-Nine
20800,12511,Artifact
20801,35294,Indiana Jones DVD Adventure Game
20802,1938,XXL
20803,29582,Stoplights
20804,80503,Dexter: The Board Game
20805,5566,The Muppet Show Game
20806,36895,The Office Trivia Game
20807,716,Pizza Party
20808,25623,Mmm ... Brains!
20809,205226,Chocobo's Crystal Hunt
20810,137366,Social Network
20811,1731,Tintin
20812,69544,Ik Hou van Holland Spel
20813,4382,Go For It!
20814,10450,Clue Jr.: Case of The Missing Pet
20815,7250,Q*bert
20816,16498,Inka
20817,128672,Ricochet Rock Jockeys
20818,7693,Fußball-Bundesliga: Das große Geschäft
20819,4834,Judge for Yourself
20820,3018,The A-Team
20821,7473,Drag Strip!
20822,20040,Badaboom
20823,17026,Top Dogs
20824,23913,League of Pirates
20825,123417,Bagatelle
20826,9090,My First UNO
20827,9545,The Batman Game
20828,7400,LEGO Creator
20829,17709,Last Word
20830,21835,Mont Saint Michel
20831,20140,Sybarit
20832,1771,Cosmic Coasters
20833,31794,Robin Hood
20834,23631,Conquest of Pangea
20835,10462,Battle of the Sexes
20836,1725,A Nightmare on Elm Street: The Game
20837,3028,By Jove
20838,31111,Picture Dominoes
20839,10793,"Civil War Classics, Volume 1: The Battles of Pea Ridge & Shiloh"
20840,6231,Pimps and Hos
20841,64875,Yahtzee Hands Down Card Game
20842,11248,The Vampire Game
20843,165600,What The Face?
20844,102859,FURT
20845,120906,Velociraptor! Cannibalism!
20846,5211,Antiques Roadshow: The Game
20847,2036,Time: The Game
20848,10687,Tipsy Tower
20849,216659,Toilet Trouble
20850,165302,King Down
20851,19083,The Fuzztoons
20852,116821,Skip-Bo Dice Game
20853,20135,Spelunke
20854,21528,SuDoku: The Board Game
20855,39564,ego
20856,16985,Gelb gewinnt!
20857,131956,PURGE: Sins of Science
20858,20419,Monopoly Junior: Disney Princess
20859,27961,Risk: Transformers – Cybertron Battle Edition
20860,2868,Eye
20861,2367,Haunted Wood
20862,38001,Black Stories: Das Spiel
20863,22042,Da Vinci's Challenge Card Game
20864,64611,Monopoly Get Out of Jail Mini Game
20865,231082,Hatchimals CollEGGtibles EGGventure Game
20866,4641,Life on the Farm Board Game
20867,4597,Blood Wars
20868,16112,Bamses honungs-jakt
20869,1706,UFO: Game of Close Encounters
20870,250448,Relative Insanity
20871,10831,Vapor's Gambit
20872,1660,The Cattlemen
20873,5387,Shakin' Sorry
20874,2253,Touring
20875,195205,Goat Lords
20876,9824,Employee of the Month
20877,5285,Pro Tennis
20878,30456,Touring England
20879,10355,Fore: The Golf Game
20880,2094,4 First Games
20881,15852,Electro
20882,1684,Intern
20883,2693,Bottle Topps
20884,21859,Figaro
20885,6388,Star Wars: Return of the Jedi – Battle at Sarlacc's Pit
20886,11737,Curious George Match-a-Balloon Game
20887,131914,King's Bounty
20888,259968,What's That Smell?
20889,144579,Pizza Party
20890,3004,UNO Dice
20891,3759,Make Your Own Opoly
20892,164,"Before I Kill You, Mister Spy..."
20893,23249,Game of Games
20894,5420,Assassin: The Final Game
20895,2766,Jeopardy!
20896,20281,Inkan Aarre
20897,187801,Star Wars Trivia Game
20898,285064,UNDO: Drowned Hopes
20899,8499,Bowl and Score
20900,2303,Blast-Off!
20901,32161,Wypas
20902,17597,Suomi Tietopeli
20903,142615,The Jelly Monster Lab
20904,1629,Air War: Modern Tactical Air Combat
20905,18736,CSI: Miami
20906,10925,Tumbling Tower
20907,629,Q-Turn
20908,3715,Gregory Horror Show
20909,19915,Three Men's Morris
20910,39372,The Crazy Cat Lady Game
20911,1333,Boom-O
20912,8133,30 Second Mysteries
20913,4242,Foxbat & Phantom: Tactical Aerial Combat in the 1970's
20914,3606,The Game of Shakespeare
20915,2901,GolfMania
20916,40421,Malta!
20917,28857,Rail/Road
20918,34390,Bakugan Battle Brawlers
20919,32340,The Golden Compass
20920,7612,The Simpsons Board Game
20921,19001,Tech Support
20922,64608,Kapitan Bomba
20923,88691,The Game of Life: Adventures Card Game
20924,7314,Mystery Date
20925,1779,Berserker
20926,9704,Cat-opoly
20927,113200,Angry Birds: On Thin Ice
20928,32124,My Little Pony Hide & Seek
20929,39662,Cash Cab
20930,134777,Zombies!!! Roll Them Bones!
20931,29505,Monopoly: Banking
20932,14736,Let's Kill!
20933,201502,Korporacja
20934,2297,U.S. Patent No. 1
20935,9118,"Operation Elope, 1918-1919"
20936,66213,Monopoly Revolution
20937,3393,Public Assistance
20938,54239,Mindflex
20939,9852,Clue Jr.: The Case of the Missing Cake
20940,19272,Go Fish!
20941,127748,Alliances
20942,17211,Monkey Arena
20943,5018,Fishin' Time
20944,193500,Statecraft: The Political Card Game
20945,40851,Battleship: The Tactical Combat Game
20946,6880,Nix
20947,9938,Smath
20948,35652,Log Jam
20949,2421,Tell Me: The Grand Quiz Game
20950,12532,Abuse: The Final Insult
20951,1865,Astrotime
20952,43340,Kung Fu
20953,198059,Twist of Fate
20954,1001,Vendetta
20955,236360,Don't Drop the Soap
20956,5775,Electronic Whac-a-Mole
20957,11765,Capt'n W. Kidd
20958,15046,Monopoly: Star Wars Saga Edition
20959,107829,Building an Elder God
20960,1958,The Game of Nations
20961,208583,Pie Face Showdown
20962,1174,Minister
20963,13792,Tyrannosaurus Rex
20964,2115,Free Parking
20965,4902,The Price Is Right
20966,3839,UNO Dominos
20967,310408,The Shining: Escape from the Overlook Hotel
20968,130240,Monopoly Millionaire
20969,1531,Ritter ohne Furcht und Tadel
20970,89928,LEGO Banana Balance
20971,145106,Raverun
20972,1467,Abduction
20973,2841,Tennis
20974,26101,Worst Case Scenario: The Game of Surviving Life
20975,2206,Jurassic Park Game
20976,107971,QI the Board Game
20977,6686,Stun
20978,156576,Dragon Line
20979,2707,Alibi
20980,28047,Covert Action
20981,28100,Deluxe Dirty Minds
20982,2120,Looney Tunes Trading Card Game
20983,8916,Jenga: Truth or Dare
20984,9173,Spite
20985,15427,The Worst-Case Scenario Survival Card Game: Travel Edition
20986,452,Mummy Rummy
20987,5956,South Africa: The Death of Colonialism
20988,286264,The Office: Downsizing Game
20989,66198,U-Build Monopoly
20990,27471,Cálico Electrónico: El juego de cartas
20991,21734,Krumble!
20992,8479,Odds'R
20993,184159,Elefun & Friends Mouse Trap
20994,9079,Das kaufmännische Talent
20995,225208,7th Guest: The Board Game
20996,5116,Kreskin's ESP
20997,5428,Mad Gab Card Game
20998,5254,Solomon's Temple
20999,9540,Advanced Dungeons & Dragons Trivia Game
21000,19513,Labirynt Czarnoksiężnika
21001,94891,Kabaleo
21002,19274,Darkness Falls on Sevinpold
21003,22209,Muumipeli
21004,24258,Pounce!
21005,46745,Lava Dragon
21006,1546,Worlds of Heroes & Tyrants
21007,20647,Fart!
21008,185,Devil Bunny Needs a Ham
21009,334,Advance to Boardwalk
21010,8327,Men At Arms
21011,183521,Monopoly: Star Wars
21012,2957,Trivial Pursuit: The 1980's
21013,130347,Fibber
21014,1424,Book of Lists Game
21015,54559,Bacchus
21016,173075,Disturbed Friends
21017,4812,Rules of the Game
21018,22980,Jeff Foxworthy's You Might Be a Redneck if... Game
21019,57215,Googly Eyes
21020,136609,Jenga BOOM
21021,19578,Scene It? Harry Potter
21022,17708,Isolate
21023,1718,Foreign Exchange
21024,103402,Cranium Brain Breaks
21025,191624,Bear Valley
21026,26137,Deal or No Deal: Electronic Game
21027,7410,Monty Python and the Holy Grail CCG
21028,13672,Chutes and Ladders VCR
21029,229902,Meme: The Game
21030,3389,Castle Lords
21031,173899,The Sherlock Holmes Puzzle Case
21032,25789,Eragon
21033,648,Vox Populi
21034,30281,Geheime Welt Idhun
21035,5259,Oh Snap!
21036,1867,Curse of the Idol
21037,184922,Poopyhead
21038,25429,Der Dativ ist dem Genitiv sein Tod
21039,3584,World War 3: 1976-1984
21040,27443,Baccarat
21041,5425,MindTrap II
21042,5878,Loteria
21043,142303,Railways Express
21044,24249,3D Action Snakes and Ladders
21045,9091,The Newlywed Game
21046,15599,Jumbolino
21047,15111,Yahtzee: Texas Hold'em
21048,122524,Monopoly Junior: Party
21049,23333,Littlest Pet Shop Game
21050,127798,Express 01
21051,5248,The Lord of the Rings Tarot Deck and Card Game
21052,4251,Globopolis
21053,25081,Wyprawa
21054,27335,24 Countdown Game
21055,2322,Malefiz
21056,14383,Wonders of the World
21057,66459,Mad Zeppelin
21058,4781,Electronic Talking Battleship
21059,4240,Combined Arms: Combat Operations in the 20th Century
21060,191041,Carrotia
21061,27837,Nichtlustig
21062,51008,Mr. Bacon's Big Adventure
21063,2717,Der Herr der Ringe: Die Gefährten
21064,1969,Point Of Law
21065,2855,Stare!
21066,53376,7
21067,1264,Der Schattendieb
21068,86073,5 Second Rule
21069,193488,Airlines
21070,12616,Zingo!
21071,3645,History of the Second World War
21072,19368,Pacardy
21073,1855,Hedbanz for Adults!
21074,10506,Blue Marble
21075,1972,Game of the Year
21076,3908,Dr. Seuss Green Eggs and Ham Game
21077,844,Mausoleum
21078,4068,Rats!
21079,1190,Continuo
21080,94481,Count Your Chickens!
21081,299556,Exploration: Warzone
21082,1574,Tactics II
21083,170954,Stinky Pig Game
21084,30255,Five Little Monkeys Jumping on the Bed
21085,4852,Armada: The War With Spain 1585-1604
21086,182077,Cardline: Marvel
21087,133063,The Lord of the Rings: The Complete Trilogy – Adventure Board Game
21088,4693,White Lady
21089,13121,Kablamo
21090,7327,The Lion King
21091,2816,Crossfire
21092,35524,The Princess Bride: Storming the Castle
21093,2540,Beest
21094,752,Maul of America
21095,3547,Survival of the Witless
21096,156350,Hipster Dice
21097,21702,Big Fish Lil' Fish
21098,8127,Lucky Loop
21099,13703,The Game of Life: Pirates of the Caribbean
21100,6020,Borodino: Doomed Victory
21101,16461,POG The Game
21102,39342,Bet Your Brain
21103,15505,The Last Straw
21104,150690,Templar Intrigue
21105,2518,Quicksand
21106,2971,Kojak Detective Game
21107,31117,Sudoku Moyo
21108,11863,Rock Paper Scissors
21109,28010,Camp
21110,13416,Tim Burton's The Nightmare Before Christmas Game
21111,22019,ZombieTown
21112,38561,Hungry Hungry Hippos Fun on the Run Game
21113,20824,Saint or Sinner?
21114,2394,Dominoes
21115,23959,Piranha Panic
21116,170274,Never Have I Ever: The Game of Poor Life Decisions
21117,2312,Ringgeister
21118,10043,LEGO Racers Super Speedway Game
21119,20801,Sudoku
21120,14708,Battle of the Sexes: IQ Test
21121,14535,SPANC: Space Pirate Amazon Ninja Catgirls
21122,43171,Black Stories Junior: White Stories
21123,53804,Cir*Kis
21124,7826,Secrets of the Tombs
21125,4567,Ripley's Believe It or Not!
21126,6420,Cranium Cadoo
21127,47082,"Win, Lose, or Banana"
21128,1963,Risk 'n' Roll 2000
21129,101335,Scrabble DASH
21130,135801,The Hobbit: An Unexpected Journey – The Board Game
21131,23181,The Da Vinci Code Board Game: The Quest for the Truth
21132,3676,Global Pursuit
21133,207848,The World Council
21134,3007,Noteability
21135,242994,Onimaru
21136,27181,"1,000 Places to See Before You Die"
21137,124648,I Am Vlad: Prince of Wallachia
21138,3758,Triopoly
21139,24782,The Amazing Race: DVD Board Game
21140,30393,Quao
21141,19811,Mix-max
21142,1556,Tenjo
21143,31936,Sorry! Express
21144,7927,Trivial Pursuit: Junior
21145,287002,Marram
21146,209945,Pretending to Grownup
21147,4925,Survivor: The Australian Outback Card Game
21148,10613,Race to the Roof
21149,33198,Osada
21150,271349,Kingsburg: The Dice Game
21151,19478,XIG: The Four Elements
21152,3048,Trivial Pursuit: Millennium Edition
21153,171090,Monopoly Junior: Disney Frozen
21154,21123,Monopoly: Disney/Pixar
21155,4470,Xanth
21156,1428,Image
21157,2887,The Yeti Slalom
21158,17008,Award Show
21159,167590,New Earth
21160,1269,Skip-Bo
21161,1436,Billionaire
21162,11824,Spejle Æg
21163,167715,Moral Dilemma
21164,37175,Playing Gods: The Board Game of Divine Domination
21165,13271,Frantic Frankfurt
21166,8958,kuuduk
21167,11753,Nim
21168,136249,Voodoo Mania
21169,63379,The Twilight Saga: New Moon – The Movie Board Game
21170,27495,The Very Hungry Caterpillar Card Game
21171,101988,Storm the Castle!
21172,16232,Flying Hats
21173,1175,Movies and Money
21174,1749,Alien Hotshots
21175,202254,The Bird Told Me to Do It
21176,6532,Monopoly: Australian Edition
21177,19990,SuDoku: Das Brettspiel
21178,15268,Trivial Pursuit: Book Lover's Edition
21179,12642,Army of Darkness Card Game
21180,95710,Bop It!
21181,13306,Die Bar-Bolz-Bande: Das Würfelspiel
21182,5260,Star Wars: Jedi Knights CCG
21183,19027,Redneck Life
21184,174925,Mr. Game!
21185,64610,Star Wars R2-D2 is in Trouble
21186,1613,Ghost Castle
21187,13447,Harry Potter and the Sorcerer's Stone The Game
21188,6614,Finans
21189,4189,Star Wars: Episode I – Battle for Naboo 3-D Action Game
21190,14538,Fei Xing Qi
21191,28018,Trivial Pursuit: Disney Edition
21192,27322,Monopoly: Chocolate
21193,16428,Mr. Bucket
21194,149156,Castles
21195,8104,Monopoly: European Edition
21196,141636,Fairytale Games: The Battle Royale
21197,5284,Star Trek: The Next Generation Game of the Galaxies
21198,2929,Monopoly: The .com Edition
21199,28224,Kill the Hippies
21200,12276,Hyborian Gates
21201,7462,Jumpin' Monkeys
21202,8041,Monopoly: The Lord of the Rings Trilogy Edition
21203,13356,Yes! No! Game
21204,160541,Paw Patrol Adventure Game
21205,7399,The Allowance Game
21206,8658,Monopoly: French
21207,19614,The Pumpkin King
21208,1933,Key to the Kingdom
21209,175861,Meow
21210,146275,Vikings: Warriors of the North
21211,5591,Clue Jr.: The Case of the Hidden Toys
21212,14191,¥€$ (YES)
21213,141035,Space Sheep!
21214,8063,Ghettopoly
21215,265316,Black Mirror: NOSEDIVE
21216,8121,Stargate SG-1
21217,4779,Easy Money
21218,5784,Polterdice
21219,1502,Hotel Tycoon
21220,3484,Armada
21221,19508,Igels: Das Kartenspiel
21222,281,Ostindiska Kompaniet
21223,36745,Simply Ingenious
21224,8009,Where in the World is Carmen Sandiego?
21225,4126,Dixie: The Second War Between the States
21226,7600,Star Trek: The Next Generation
21227,113436,Genegrafter
21228,145259,Jenga: Tetris
21229,1308,Confusion
21230,1959,Myst
21231,1256,Star Wars Episode I: Customizable Card Game
21232,129368,Amber
21233,3320,The Game of Life: A Jedi's Path
21234,1439,Penguin Pile-Up
21235,24376,Trivial Pursuit: Totally 80s Edition
21236,2356,Scrabble Sentence Cube Game
21237,5472,Monopoly: Millennium
21238,9392,Nya Finans
21239,118339,The Hunger Games: District 12 Strategy Game
21240,26205,Monopoly: Euro
21241,1826,Whatzit?
21242,36973,The Office DVD Board Game
21243,37000,Partini
21244,17965,The Game of Life: Spongebob Squarepants Edition
21245,2294,Flinch
21246,17062,Batman Begins: Shadow Assault
21247,70329,Conan: el juego de cartas
21248,11778,Cat & Mouse
21249,29099,Pola Naftowe
21250,6387,Mr. Mouth
21251,6764,The Six Million Dollar Man
21252,2234,Chez Dork
21253,8432,Sorry! The Disney Edition
21254,41068,Twilight: The Board Game
21255,143508,World War Z: The Game
21256,2817,Delta V
21257,30485,Big Brain Academy Boardgame
21258,127533,Angry Birds: Space
21259,36229,Toboggans of Doom
21260,23946,Na Sygnale
21261,13373,Choco
21262,212027,Balloon Pop!
21263,136143,Squillo
21264,36611,Monopoly: The Portable Property Trading Game
21265,1377,Danger
21266,116593,UNO Dice Game
21267,155582,ERA
21268,5960,Strike Force One: The Cold War Heats Up – 1975
21269,5232,Gnip Gnop
21270,28231,The Curse of the Ruby Rhino
21271,1724,Bureaucracy
21272,103261,Awkward Family Photos
21273,308357,Con Sonar!
21274,240142,Dark Legacy: The Rising
21275,1148,Eagle Kingdoms
21276,4355,Therapy
21277,42968,Pressure Matrix
21278,89550,Battle of the Sexes: The Battle Continues
21279,4694,Friends Trivia Game
21280,2166,Wyvern
21281,31016,We Didn't Playtest This At All
21282,8598,Monopoly: Star Trek The Next Generation
21283,193141,The Game of Life Junior
21284,1362,Wit's End
21285,128185,Don't Rock the Boat
21286,15832,Cheat
21287,162093,I Hate Zombies
21288,4476,Hot Potato
21289,4376,Kings in the Corner
21290,5750,Harry Potter and the Sorcerer's Stone Trivia Game
21291,6521,Magdar
21292,13782,Trivial Pursuit: SNL DVD Edition
21293,2431,Bargain Hunter
21294,19377,Rock Paper Scissors Game
21295,16807,Swipe
21296,5959,Scrimmage: Tactical Professional Football
21297,133425,Quartett
21298,22770,Mad Libs Card Game
21299,11532,The Eagle and the Sun
21300,2387,Huggermugger
21301,1647,Spammers
21302,214899,Watch Ya' Mouth
21303,2275,Airlines
21304,27826,What's Yours Like?
21305,337503,Cardiceo
21306,27389,Smart Ass
21307,31,Dark World
21308,1326,MacGregor
21309,16387,3D Tic Tac Toe
21310,3390,Friends
21311,6785,Big Brother: The Game
21312,134815,The Hobbit: An Unexpected Journey – Adventure Board Game
21313,2818,UNO Attack!
21314,46744,Race 3000
21315,7709,Hands Down
21316,11370,The Civil War
21317,6597,E.T.: The Extra-Terrestrial
21318,3482,Past Lives
21319,158917,TKO
21320,4062,Swap!
21321,144557,Where Art Thou Romeo?
21322,278139,Escape from the Grand Hotel: The Escape Room Game
21323,11618,Cranium Zigity
21324,172307,The Game of Life (2013- Editions)
21325,32670,Barista
21326,198961,Yeti in My Spaghetti
21327,1095,Mystery on the Nile
21328,1902,Mad Scientist
21329,185154,Wizard School
21330,13508,Boggle Jr.
21331,19409,Mouse Chaos
21332,9516,Adverteasing
21333,172032,Bottlecap Vikings
21334,12691,Warmaster Chess 2000
21335,3529,Vampire Hunter
21336,139388,Emperor's New Clothes
21337,1510,Class Struggle
21338,37305,Halo Interactive Strategy Game
21339,5824,The Kids of Catan
21340,3736,Gooey Louie
21341,258855,Stupid Deaths
21342,1217,Secret Labyrinth
21343,84730,Doggie Doo
21344,254617,Monopoly Cheaters Edition
21345,3820,Star Fleet Missions
21346,2242,Creatures & Cultists
21347,786,Maxi Bour$e
21348,7422,Mid-Life Crisis
21349,1073,Der Schatz der Inka
21350,23694,Pirates of the Caribbean DVD Treasure Hunt
21351,8031,Citadel Combat Cards
21352,3549,Superpower
21353,2433,Halloween Party
21354,15804,Hidden Conflict
21355,154343,Sorry! with Fire & Ice Power-ups
21356,2044,"Non-Violent, Politically-Correct War"
21357,2482,Zaxxon
21358,3886,Nine Men's Morris
21359,24000,Monopoly: Nintendo
21360,3696,Channel Surfing
21361,19560,Zathura: Adventure Is Waiting
21362,231954,Legends of the Hidden Temple
21363,150811,Mega Man: The Board Game
21364,203739,Evil Dead 2: The Official Board Game
21365,3344,Lone Wolf and Cub Game
21366,27190,Battleships
21367,166658,Bakerspeed
21368,137336,Archer: The Danger Zone! Board Game
21369,46747,Magikus
21370,10815,Craps
21371,2573,"Rivers, Roads & Rails"
21372,12063,There's a Moose in the House
21373,5029,Monopoly: Star Wars Episode I
21374,14076,The Ladybug Game
21375,3347,Solo
21376,29405,Transformers 3D Battle Card Game
21377,18750,Dragonriders
21378,93522,Tetris: The Card Game
21379,313850,Escape The Night: The Board Game
21380,1837,Word Yahtzee
21381,99918,W.W.B
21382,154174,The Big Bang Theory: Rock! Paper! Scissors! Lizard! Spock! Dice Game
21383,7720,The Prince: The Struggle of House Borgia
21384,2485,Game of the States
21385,6090,Pack of Flies
21386,118955,Zombie! Run for Your Lives!
21387,166081,Bucket of Doom
21388,289363,Ms. Monopoly
21389,5253,Jack Straws
21390,15064,Pimp: The Backhanding
21391,316555,The Umbrella Academy Game
21392,4110,X-Men Trading Card Game
21393,15278,Law & Order Game
21394,2086,Elfer raus!
21395,40347,Monopoly: Here and Now – The World Edition
21396,46748,Robo Champ
21397,128565,Evil Baby Orphanage
21398,89340,Name 5
21399,27960,Wizardology: The Game
21400,1692,Spoons
21401,3702,Topple
21402,17250,Monopoly: London
21403,202771,Punderdome: A Card Game for Pun Lovers
21404,17106,Boxes
21405,152488,Funny or Die
21406,23388,Ninja Galaxy
21407,5758,Monopoly: Pokémon
21408,12545,The Game of Life: The Simpsons Edition
21409,137550,Story War
21410,2740,Jumbo Jet
21411,2578,Phase 10 Dice
21412,8784,Po-Ke-No
21413,2000,True or False
21414,13285,Dungeonville
21415,321928,Penalty Challenge
21416,149051,Surprise Slides Game
21417,36783,Jishaku
21418,9812,Gone Fishin'
21419,7584,Electric Football
21420,211534,Bears vs Babies
21421,8633,Monopoly: Disney
21422,9464,Teenage Mutant Ninja Turtles: Pizza Power Game
21423,212436,Big Time Soccer
21424,12422,All Wound Up
21425,5129,The Simpsons: LOSER Takes All!
21426,698,Gother Than Thou
21427,2484,Explore Europe
21428,10213,Fox and Geese
21429,18044,BreaKey
21430,155693,Game of Thrones: Westeros Intrigue
21431,6284,Shark Attack!
21432,206274,Single Card Game
21433,3122,Doctor Who Collectible Card Game
21434,6668,Bibleopoly
21435,6749,Busen Memo
21436,8983,I.Q. 2000
21437,65262,Connect 4 (Revised Edition)
21438,10502,Poker Dice
21439,230864,WTF: (What the Fish!)
21440,6447,Time Control
21441,9921,Headache
21442,21239,Rocketville
21443,32236,Grzybobranie
21444,180611,Evil Genius: Deathray
21445,3845,Yahtzee Jr.
21446,1147,Outrage! Steal the Crown Jewels
21447,193295,Drunk Stoned or Stupid: A Party Game
21448,1170,Trick 'r Treat
21449,93688,The Sneaky Snacky Squirrel Game
21450,2767,Snail's Pace Race
21451,1817,Devil Bunny Hates the Earth
21452,8486,Bed Bugs
21453,53317,Pictureka! Card Game
21454,198447,Jim Henson's Labyrinth: The Board Game
21455,12746,Dreidel
21456,155081,POOP: The Game
21457,137348,The Princess Bride: Prepare to Die
21458,4165,Spare Time Bowling
21459,8039,Trivial Pursuit: DVD – Pop Culture Game
21460,5457,Dread Pirate
21461,3419,Star Trek: The Game
21462,21389,Happy Families
21463,1730,Trap the Cap
21464,9666,Greed Quest
21465,4229,Spellfire
21466,6898,Toss Across
21467,115793,The Big Bang Theory: Fact or Fiction Game
21468,3394,Monopoly: The Simpsons
21469,152955,DogFight WW1
21470,29653,The Very Hungry Caterpillar Game
21471,3515,"Men Are from Mars, Women Are from Venus"
21472,17451,Wench
21473,2130,Young Jedi: Collectible Card Game
21474,28718,Kanji Battle
21475,7822,Buffy the Vampire Slayer: The Board Game
21476,11670,The Game of Authors
21477,24224,Anasazi
21478,4587,Roller Coaster Hippo
21479,6787,Deutschlandreise
21480,3699,Killer Bunnies and the Quest for the Magic Carrot
21481,28257,Intelligent Design vs. Evolution
21482,1962,Tribond
21483,18686,Gazdálkodj Okosan!
21484,5788,Battle of the Sexes Card Game
21485,6201,Dante's Inferno
21486,3285,Star Wars: Jedi Unleashed
21487,2243,Yahtzee
21488,10320,Lucky Ducks
21489,41259,Ramses Pyramid
21490,5122,Charades
21491,240463,Tournament Fishing: The Deckbuilding Game
21492,6552,Cashflow 101
21493,13805,The Lord of the Rings: The Return of the King
21494,3602,Kriegspiel
21495,5367,Chomp!
21496,10709,Tjuv och polis
21497,5650,Pass-out
21498,4040,Tri-Ominos
21499,18901,Monopoly: Here and Now
21500,27959,Pirateology: The Game
21501,20422,Beat the Parents
21502,204887,Potions Brew
21503,18041,Bunco Party
21504,4907,PAC-MAN Game
21505,2980,The Simpsons Trivia Game
21506,2878,ThinkBlot
21507,24783,24 DVD Board Game
21508,240624,Overturn: Rising Sands
21509,2593,Pass the Pigs
21510,10400,Patience
21511,3623,Survivor
21512,3422,Fantasy
21513,10453,Crocodile Dentist
21514,11415,Warriors
21515,13945,Trivial Pursuit: 90's Time Capsule Edition
21516,6485,Quidditch: The Game
21517,258302,Pug You!
21518,126207,Deer in the Headlights Game
21519,18755,Pie Face
21520,231939,The Oregon Trail: Hunt for Food Card Game
21521,41541,Are You the Traitor?
21522,64204,The Logo Board Game
21523,9214,Manga Manga
21524,7098,Monopoly: Deluxe Edition
21525,126444,The Hobbit Card Game
21526,8569,The Haunting House
21527,26696,Monopoly: Star Wars Limited Collector's Edition
21528,6711,Hit the Deck
21529,3504,Super Deck!
21530,1446,Cheater
21531,101737,Angry Birds: Card Game
21532,125879,Fallen City of Karez
21533,32260,The Club
21534,23499,Deal or No Deal
21535,399,Tom Clancy's Politika
21536,4041,Go to the Head of the Class
21537,2688,Battlestar Galactica
21538,4492,Trivial Pursuit: 20th Anniversary Edition
21539,22861,Feed the Kitty
21540,1932,Anti-Monopoly II
21541,2770,Stay Alive
21542,2910,Power Lunch
21543,120426,Redshirts
21544,7467,The Lord of the Rings: The Two Towers Board Game
21545,7972,Crocodile Pool Party
21546,29613,DICEcapades
21547,189489,Grand Bazaar
21548,3804,Slamwich
21549,6549,Pretty Pretty Princess
21551,246701,DOS
21552,2979,Bionicle Adventure Game: Quest For Makuta
21553,99079,The Walking Dead Board Game
21554,4122,Electronic Battleship
21555,1426,Lord of the Rings: The Search
21556,4127,Arne
21557,4845,Star Wars:  Escape From Death Star Game
21558,144110,Oneupmanship: Mine's Bigger
21559,5546,Marbles
21560,417,Edison & Co.
21561,4004,Harry Potter and the Sorcerer's Stone Quidditch Card Game
21562,10712,Bondespelet
21563,2223,UNO
21564,89962,Angry Birds: Knock on Wood
21565,31145,Are You Smarter Than a 5th Grader?
21566,204543,Speak Out
21567,7308,Rock 'Em Sock 'Em Robots
21568,4910,Wheel of Fortune
21569,35173,Pop the Pig
21570,8487,Ants in the Pants
21571,7320,Elefun
21572,24067,Dragonology: The Game
21573,50849,Le Boomb!
21574,9851,Shut the Box
21575,42050,Eurobusiness
21576,89953,Carcassonne: The Dice Game
21577,152758,Penguin
21578,9004,Pop-Up Pirate!
21579,40508,Scrabble Slam!
21580,1422,Wadjet
21581,1527,Bitin' Off Hedz
21582,141019,Thermopyles
21583,32032,Monopoly: Electronic Banking
21584,3934,Bowling Dice
21585,11416,Burn in Hell
21586,2318,Scrabble Junior
21587,4367,Nero
21588,226610,What Do You Meme?
21589,6535,Don't Wake Daddy
21590,19370,Quelf
21591,175512,A Chaotic Life!
21592,24985,Mouse Trap
21593,3074,Uncle Wiggily
21594,10715,CSI: Crime Scene Investigation – The Board Game
21595,29096,Letter of Marque
21596,38558,Pogs
21597,65611,Cthulhu Dice
21598,5015,Don't Spill the Beans
21599,2502,Global Survival
21600,182875,Hengist
21601,3052,Sim City: The Card Game
21602,8392,Buckaroo!
21603,2004,Titanic: The Board Game
21604,17003,Snap
21605,764,Mad Gab
21606,113819,Tenzi
21607,11028,Lotto
21608,7601,Urban Myth
21609,23964,The Game of Life (40th Anniversary Edition)
21610,1094,Assassin
21611,18905,Slap Jack
21612,4724,The Lord of the Rings: The Fellowship of the Ring
21613,4035,Man Bites Dog
21614,2456,The Hobbit: The Defeat of Smaug
21615,24959,Lost: The Game
21616,15393,Jacks
21617,1511,Outdoor Survival
21618,1748,A Question of Scruples
21619,2272,Aggravation
21620,2952,Trivial Pursuit: Genus Edition
21621,232895,Coaster Park
21622,1604,The Mad Magazine Game
21623,2386,Chinese Checkers
21624,13166,Let's Go Fishin'
21625,1824,Trump: The Game
21626,4077,Who Wants to Be a Millionaire
21627,4888,Don't Break the Ice
21628,1298,Monopoly: Star Wars
21629,276022,Alien: USCSS Nostromo
21630,677,Would You Rather...?
21631,3343,Go For Broke
21632,3728,Ker Plunk
21633,8689,Bunco
21634,2956,Dirty Minds: The Game of Naughty Clues
21635,6546,Labyrinth
21636,1923,MindTrap
21637,1258,Phase 10
21638,6283,The Ungame
21639,5130,Afrikan tähti
21640,12205,In a Pickle
21641,4792,Tiddledy Winks
21642,11017,Crazy Eights
21643,13713,Solitaire
21644,10816,Blackjack
21645,1797,Pay Day
21646,1751,Jumanji
21647,5749,Simon
21648,3990,Fact or Crap
21649,5588,Perfection
21650,7688,Memory
21651,5314,Hangman
21652,7262,Top Trumps
21653,2719,Connect Four
21654,2083,Checkers
21655,1931,Anti-Monopoly
21656,4143,Guess Who?
21657,5050,The Worst-Case Scenario Survival Game
21658,5339,Monopoly Junior
21659,4149,Barrel of Monkeys
21660,15549,Roulette
21661,2785,Game of Goose
21662,5894,Twister
21663,6424,Pick Up Sticks
21664,2425,Battleship
21665,6932,Hi Ho! Cherry-O
21666,3510,Battle of the Sexes
21667,4378,Cootie
21668,2136,Pachisi
21669,205322,The Oregon Trail Card Game
21670,2407,Sorry!
21671,5895,Hungry Hungry Hippos
21672,10799,Old Maid
21673,2679,Mouse Trap
21674,7682,Go Fish
21675,3737,Operation
21676,3522,LCR
21677,2921,The Game of Life
21678,1406,Monopoly
21679,1410,Trouble
21680,16398,War
21681,7316,Bingo
21682,5048,Candy Land
21683,5432,Chutes and Ladders
21684,11901,Tic-Tac-Toe
21926,173,Formula Dé
21926,1528,Chief Herman's Holiday Fun Pack
21926,1883,Cataphract
21926,2705,Blazing Aces!: A Fistful of Family Card Games
21926,2802,War in Europe
21926,2883,The Book of Classic Board Games
21926,3042,Survival / The Barbarian
21926,3694,Great Medieval Battles: Four Battles from the Middle Ages
21926,3935,The Art of Siege
21926,3937,Games of Art
21926,4230,Napoleon's Last Battles
21926,4385,A Gamut of Games
21926,4564,Blue & Gray: Four American Civil War Battles
21926,4848,Blue & Gray II
21926,5096,Sly
21926,5811,The Best of Dragon Magazine Games
21926,7159,The Boardgame Book
21926,8070,The Great War in the East: Four World War 1 Battles
21926,8383,Thirty Years War
21926,8436,MechWar 2
21926,8706,Chief Herman's Next Big Thing
21926,9151,Westwall: Four Battles to Germany
21926,10904,New Rules for Classic Games
21926,10973,Dice Games Properly Explained
21926,11054,Four Battles in North Africa
21926,11428,Supermarina I: Command at Sea Volume II
21926,12541,Card Games Around the World
21926,12947,Napoleon at War: Four Battles
21926,13454,Playing With Pyramids
21926,14590,War of the Rebellion
21926,15238,International Cricket
21926,15471,Kokkelimonke Jubileum
21926,16185,Modern Battles: Four Contemporary Conflicts
21926,16186,Modern Battles II: Four Contemporary Conflicts
21926,17419,CATAN 3D Collector's Edition
21926,17728,"Traveller: The Classic Games, Games 1-6+"
21926,18531,The Complete Book of Wargames
21926,20436,Stonehenge: An Anthology Board Game
21926,20741,Abbott's New Card Games
21926,21411,Island War: Four Pacific Battles
21926,22094,A Book of Sandhurst Wargames
21926,22509,Four Battles of Army Group South
21926,22766,Die Siedler von Catan: Das Kartenspiel – 10th Anniversary Special Edition Tin Box
21926,26635,Spicy Dice
21926,30933,BANG! The Bullet!
21926,30966,Tempête sur l'Échiquier
21926,32928,Mü and Lots More
21926,33023,Trivial Pursuit: Greatest Hits
21926,39103,Jungle Speed: Deluxe
21926,39786,Heavy Gear Blitz!  Locked & Loaded
21926,42627,MidEvil Deluxe
21926,43262,Neuroshima Hex! Duel
21926,45358,Alhambra: Big Box
21926,47410,Catan Dice Game Deluxe Edition
21926,60056,Igel Ärgern + Tante Tarantel
21926,60153,War of the Ring Collector's Edition
21926,69843,PRESTAGS Master-Pack
21926,70918,Hanabi & Ikebana
21926,71099,Ingenious Challenges
21926,89952,Carcassonne: 10 Year Special Edition
21926,92140,Four Roads to Moscow
21926,96628,Miscellaneous Game Compilation
21926,96749,Fading Glory
21926,108687,Puerto Rico
21926,128666,BANG! 10th Anniversary
21926,134420,The Hobbit: Escape from Goblin Town
21926,134824,Qwirkle Trio
21926,135193,The Eastern Front: 1914-1917
21926,137827,Killer Bunnies and the Quest for the Magic Carrot: Deluxe Limited Edition
21926,139991,Fresco: Big Box
21926,139993,Kingdom Builder: Big Box
21926,140065,San Guo Sha: Complete Edition
21926,140068,Galaxy Trucker: Anniversary Edition
21926,140135,Small World Designer Edition
21926,140164,Duel in the Dark (Second Edition)
21926,140709,Alhambra: Family Box
21926,140711,Carcassonne Big Box 4
21926,141007,Carcassonne Big Box 3
21926,141008,Carcassonne Big Box 2
21926,142039,Lost Legacy
21926,142057,Carcassonne Big Box
21926,142131,Dominion Big Box (English)
21926,142132,Dominion Big Box (German)
21926,143147,Saboteur Gold
21926,144464,Werwölfe Deluxe
21926,144845,The Games of Middle Earth
21926,145535,Munchkin Special Holiday Edition
21926,145549,Islands of the Damned: Wake Island and Peleliu
21926,147154,Blue Moon Legends
21926,147170,El Grande Decennial Edition
21926,147190,Yggdrasil (Second Edition with Asgard Expansion)
21926,148641,Yōkaï no Mori
21926,149083,Dominion: Special Edition
21926,150446,World in Flames Deluxe Edition
21926,151377,Thurn und Taxis Big Box
21926,152959,The Settlers of Catan (containing 5/6 player expansion)
21926,153703,Darkest Night: Necromancer Bundle
21926,153912,Mystery of the Abbey with The Pilgrims' Chronicles
21926,153967,Wanted! Dead or Alive
21926,154094,Carcassonne Limited Edition
21926,154432,Risk & Castle Risk
21926,154597,Hive Pocket
21926,154883,"Sì, Oscuro Signore! (Seconda edizione)"
21926,155731,Tokaido Collector's Edition
21926,156455,Viticulture: Complete Collector's Edition
21926,157254,Corps Command: Dawn's Early Light – Red Hammer
21926,157723,We Didn't Playtest This at All with Chaos Pack Expansion
21926,157820,Escape: The Curse of the Temple – Big Box
21926,158408,Coup: Deluxe Edition
21926,158976,Ascension: Year One Collector's Edition
21926,159500,We Didn't Playtest This Either with Blue Deck and Dice Are Fun Expansions
21926,159517,Get Bit! Collectors Edition
21926,159908,Wilki i Owce (zawiera dodatek Grube Ryby)
21926,160069,Ticket to Ride: 10th Anniversary
21926,160094,Каркассон: Королевский Подарок
21926,160441,Set Dice
21926,160669,Town Center (Fourth Edition)
21926,161617,Dungeon Lords: Happy Anniversary
21926,162944,Ultimate Werewolf: Deluxe Edition For Kickstarter
21926,163105,Alhambra: Big Box Special Edition
21926,164127,Carcassonne Big Box 5
21926,165332,Puerto Rico + Expansion I
21926,165469,Council of Verona (Second Edition)
21926,165492,The Majority: Complete Edition
21926,168421,Bohnanza: Ladies & Gangsters
21926,168680,The Werewolves of Miller's Hollow: The Pact
21926,169814,AEG Black Friday Black Box
21926,170815,Lancaster: Big Box
21926,171199,Munchkin Legends Deluxe
21926,171905,Orléans: Deluxe Edition
21926,171908,El Grande Big Box
21926,173259,Fallen: Kickstarter Edition
21926,173270,Ogre / G.E.V.
21926,174226,Arctic Scavengers: Base Game+HQ+Recon
21926,174458,Baseball Highlights: 2045 – Deluxe Edition
21926,174610,Alien Frontiers: Big Box
21926,174852,Pandánte (Second Edition)
21926,174973,Boss Monster 2: The Next Level
21926,175239,Machi Koro: Deluxe Edition
21926,175619,Prussia 20
21926,175707,Apex Theropod Deck-Building Game: Exotic Predators Limited Edition
21926,176103,Shogun Big Box
21926,176601,Dead of Winter: Tabletop Edition
21926,177352,Carson City: Big Box
21926,180616,Ascension: Year Two Collector's Edition
21926,180845,ELL deck
21926,181209,Mistfall: Kickstarter Edition
21926,181289,Terra Mystica: Big Box
21926,181327,Die holde Isolde
21926,182453,The Game + The Game on Fire
21926,182880,Catan: Big Box
21926,183049,City Council: Deluxe Edition
21926,183750,Magic: The Gathering – Duel Decks Anthology
21926,185257,Innovation Deluxe
21926,185817,Metropolia
21926,186375,Tokaido: Deluxe Edition
21926,186567,Baseball Highlights: 2045 – Super Deluxe Edition
21926,186659,Tiny Epic Galaxies: Deluxe Edition
21926,187926,Islebound: Kickstarter Edition
21926,187988,Pyramid Arcade
21926,188818,AEG Black Friday Black Box 2015
21926,190553,Munchkin 1+2
21926,191361,Splendor: AsmOPlay Kit
21926,191710,Catan: Big Box
21926,192467,Cat Tower: Kickstarter Edition
21926,192663,Fleet Commander: Genesis
21926,192814,Lobo: 10° Aniversário
21926,193337,Chez Geek 1+2
21926,193927,Vanuatu (Second Edition)
21926,194778,Quartermaster
21926,200430,Elevenses for One (with Bowling Solitaire)
21926,201856,Last Will
21926,202821,The Fool's Journey
21926,203219,Rivals for Catan: Deluxe
21926,203835,Garbage Day: Limited Edition
21926,205960,In the Name of Odin: Kickstarter Edition
21926,206236,Wallenstein Big Box
21926,206593,Stronghold: Undead (Second Edition) – Kickstarter Edition
21926,207370,Design Town
21926,209872,"Keltis (with Neue Wege, Neue Ziele)"
21926,211323,Im Wandel der Zeiten: Das Kartenspiel
21926,211514,Escape: Zombie City – Big Box
21926,212956,Room 25 Ultimate
21926,213460,Unlock!: Escape Adventures
21926,213788,Ascension: Year Three Collector's Edition
21926,213984,Notre Dame: 10th Anniversary
21926,214000,In the Year of the Dragon: 10th Anniversary
21926,214903,Doggy Go! (includes expansion)
21926,215545,Jackal: Treasure Island
21926,215946,Sub Terra Collector's Edition
21926,216123,Star Realms Special Edition
21926,216725,Villages of Valeria: Deluxe Kickstarter Edition
21926,216849,Dominion (Second Edition) Big Box
21926,219774,Vikings Gone Wild Ultimate Set
21926,222988,Helionox: Deluxe Edition
21926,224035,Zombie Dice Horde Edition
21926,225836,España 20: La Guerra Peninsular
21926,228867,Unlock!: Mystery Adventures
21926,229130,Kingdom Builder: Big Box (Second Edition)
21926,230914,Carcassonne Big Box 6
21926,231942,Last Night on Earth: The Zombie Game – 10 Year Anniversary Edition
21926,232894,Escape: The Curse of the Temple – Big Box Second Edition
21926,232900,Anachrony Leader Box
21926,236781,Cerebria: The Inside World – Origin Box
21926,239307,Unlock!: Secret Adventures
21926,241203,Ascension: Year Four Collector's Edition
21926,241853,Museum: Kickstarter Edition
21926,245200,Heckmeck Deluxe
21926,245952,Import / Export Captain Edition
21926,246912,Take 5 & Take A Number
21926,247790,Starlight Stage
21926,248562,Mage Knight: Ultimate Edition
21926,249703,Gentes: Deluxified Edition
21926,249889,Shipwrights of the North Sea (Second Edition)
21926,251219,Istanbul: Big Box
21926,251830,Alhambra: Mega Box
21926,254138,Swordcrafters Expanded Edition
21926,254226,Unlock!: Exotic Adventures
21926,255262,Agricola: All Creatures Big and Small – The Big Box
21926,255484,World in Flames Collector's Edition Deluxe
21926,255524,Belfort: Edición Limitada
21926,255668,Trickerion: Collector's Edition
21926,255924,Snowdonia: Deluxe Master Set
21926,256122,RONE (Second Edition)
21926,256885,The Fantasy Trip: Legacy Edition
21926,257089,Big Trouble in Little China: The Game – Deluxe Edition
21926,257180,Kingdom Builder: Family Box
21926,259134,Adeptus Titanicus: The Horus Heresy Rules Set
21926,259571,Quarriors! Qultimate Quedition
21926,259586,Feudum: Big Box
21926,260000,Escape Room: The Game (Escape Rooms II)
21926,260126,New Salem: Second Edition
21926,260678,Stone Age: Anniversary
21926,260927,Mississippi Queen
21926,261588,Ascension: Year Five Collector's Edition
21926,261720,Finca
21926,261901,Tokyo Highway (4 player)
21926,263178,Who Goes There? Deluxe Edition
21926,266219,Tiny Epic Zombies: Deluxe Edition
21926,266447,Greenland (Third Edition)
21926,267367,Suburbia: Collector's Edition
21926,268191,Dice Throne:  Season Two –  Battle Chest Champion Edition
21926,269214,Pixel Tactics: Legends
21926,269980,Catan: Big Box
21926,271320,The Castles of Burgundy
21926,272743,Hanabi Deluxe II
21926,274466,Valley of the Kings: Premium Edition
21926,275564,Maximum Apocalypse: Legendary Edition
21926,275626,Dominion Einsteiger-Bigbox
21926,276502,Roads & Boats: 20th Anniversary Edition
21926,277405,Fuji Koro: Deluxe
21926,277448,Coloma: Deluxe Edition
21926,277980,Legends Untold: Weeping Caves Novice Set – Kickstarter Edition
21926,278292,Anachrony: Infinity Box
21926,278693,Castle Panic: Big Box
21926,279643,The Island of El Dorado: Legend Edition
21926,280430,Crimes in History: H. H. Holmes' Murder Castle
21926,281073,Cat Lady: Premium Edition
21926,282391,Stockpile: Epic Edition
21926,282673,The Sherlock Files: Elementary Entries
21926,283151,Monikers: Classics
21926,283198,Dwar7s Fall Collector's Edition
21926,285826,Ultra-Tiny Epic Galaxies
21926,285998,Tiny Epic Tactics: Deluxe Edition
21926,286326,Edge of Darkness: Guildmaster Edition
21926,286749,Hansa Teutonica: Big Box
21926,287671,Mauwi
21926,288010,Throw Throw Burrito Kickstarter Edition
21926,288316,Rurik: Dawn of Kiev – Kickstarter Edition
21926,288378,Estoril 1942: Super Box
21926,289223,Aquasphere (with Erweiterung expansion)
21926,289843,Madeira Collector's Edition
21926,290357,Hanabi: Grands Feux
21926,290829,Fresco: Mega Box
21926,291105,Escape Room: The Game 2
21926,293141,King of Tokyo: Dark Edition
21926,294508,Saboteur: The Mother Lode Bonus Pack
21926,295260,It's a Wonderful World: Heritage Edition
21926,295503,The Champion of the Wild (Second Edition)
21926,296100,Rococo: Deluxe Edition
21926,296948,Escape Room: The Game 2
21926,298278,Catan: 25 Jahre Jubiläums-Edition
21926,299104,Apex Theropod Deck Building Game: Collected Edition
21926,299122,Machina Arcana (Second Edition): Premium Edition
21926,299659,Clash of Cultures: Monumental Edition
21926,299733,Sanctuary: The Keepers Era
21926,299815,Trial by Trolley: Derailed Edition
21926,299971,Island Siege: Second Edition
21926,300129,On Tour (Second Edition)
21926,302189,Merlin: Big Box
21926,302882,The Dwarves Big Box
21926,303961,La Spedizione Perduta
21926,305668,Catan: 25th Anniversary Edition
21926,306656,Coup + Reforma
21926,306799,The Silver River: Deluxe Edition
21926,307621,K2: Big Box
21926,308119,Pax Renaissance: 2nd Edition
21926,308388,Egizia: Shifting Sands – Kickstarter Edition
21926,308762,Mystic Vale: Essential Edition
21926,309109,Die Säulen der Erde
21926,310203,Tiny Epic Pirates: Kickstarter Deluxe Edition
21926,310779,Margraves of Valeria: Kickstarter Edition
21926,311464,Florenza: X Anniversary Edition
21926,313163,Tiny Epic Mechs: Deluxe Edition
21926,313965,Kingswood: Royal Edition
21926,314019,Solar Storm: Deluxe Edition
21926,314349,Claim Pocket
21926,314530,Iwari: Deluxe Edition
21926,314550,Campeones de Midgard: Big Box
21926,315044,The Sherlock Files: Vol II – Curious Capers
21926,315048,Survive: Escape from Atlantis!
21926,315953,Tiny Epic Dinosaurs: Deluxe Edition
21926,316180,Tiny Epic Western: Deluxe Edition
21926,316182,Tiny Epic Defenders (Second Edition): Deluxe Edition
21926,316183,Tiny Epic Quest: Deluxe Edition
21926,317030,Quest: Avalon Big Box Edition
21926,317418,The North: Provenance
21926,318852,Lift Off! Get me off this Planet! Expanded Deluxe Edition
21926,318985,Puerto Rico
21926,319031,Project L: Kickstarter Edition
21926,319196,Gùgōng: Deluxe Big Box
21926,319375,Raccoon Tycoon: Deluxe Edition
21926,319422,Everdell: Collector's Edition
21926,321537,Soviet Dawn: The Russian Civil War 1918-1921 – Deluxe Edition
21926,321720,Twisted Fables: Deluxe Edition
21926,322045,Cartographers Heroes: Collector's Edition
21926,323947,Middara: Unintentional Malum – Act 1 Version 1.1
21926,324941,Happy Little Dinosaurs: Exclusive Edition
21926,326869,The Quacks of Quedlinburg: Big Box
21926,327107,Escape Room: The Game 3
21926,327242,Fossilis: Kickstarter Edition
21926,328326,Fleet: The Dice Game (Second Edition)
21926,328636,Chai (Deluxe Edition)
21926,329434,Chocolate Factory: Deluxe Edition
21926,329591,Ultimate Railroads
21926,329841,Ticket to Ride: Europe – 15th Anniversary
21926,329954,Carcassonne: 20th Anniversary Edition
21926,331259,Sleeping Gods: Kickstarter Edition
21926,331992,Steampunk Rally Fusion: Atomic Edition
21926,334310,Hellboy: The Board Game – Deluxe Edition
21926,336847,Tyrants of the Underdark: Board Game
21926,336849,Kemet: Blood and Sand – Kickstarter Edition
21926,336936,L.A.M.A.: 3 Gry w 1
21926,337796,Enchanters: Deluxe Box
21926,338476,Lorenzo il Magnifico + Famiglie del Rinascimento + La Congiura dei Pazzi
21926,338697,CATAN: 3D Edition
21926,347521,Blitzkrieg!: World War Two in 20 Minutes
