13915,325611,Runes of Zun
13916,2415,The High Kings of Tara
13917,193436,Double Ditto
13918,229910,Gangs of Britannia
13919,204323,Planet Rush
13920,9973,"Cauldron: Battle of Gazala, May 1942"
13921,220674,Mercatores
13922,8911,On to Moscow
13923,11766,SS Amerika
13924,37741,Secrets of the Third Reich
13925,153723,Dr. McNinja's Legendary Showdown
13926,259945,NFL Showdown
13927,269756,3 Secrets: Crime Time
13928,30261,Bushwhackin' Varmints out of Sergio's Butte
13930,88402,Crappy Birthday
13931,129603,Παλέρμο: Το Μεγάλο Ξεκαθάρισμα
13932,244080,Fenix
13933,11707,USN Deluxe
13934,7708,Hisss
13935,21479,Knight Moves
13936,146290,Malacca
13937,871,Fire
13938,1649,Colonisator: The Twelve Planets' War
13939,127093,Stormy Seas
13940,37612,Apples to Apples to Go
13941,144413,Shindig Machine
13942,176642,ひとひら (Hitohira)
13943,194231,Poker Assault
13944,198537,Buck: Legacy (2nd Edition)
13945,164091,Reis de Portugal
13946,93997,1000 and One Treasures
13947,121663,SłowoStwory
13948,1110,Kathai
13949,284323,Cro-Magnon: First Steps of Civilization
13950,244506,Last Stand
13951,13715,Surakarta
13952,227265,Kleiner Fuchs Tierarzt
13953,327371,Psycho Killer
13954,5055,The Great War 1914-1918
13955,1029,Lieber bairisch sterben
13956,261838,Borders of Kanta
13957,35492,Wiedeń 1683
13958,931,Corner
13959,218943,WordSpiel
13960,54986,duck! duck! SAFARI!
13961,231801,Party & Co: Extreme 3.0
13962,9988,Solferino 1859
13963,199394,Marooned! A solo game of survival
13964,191906,Family Flutter-By
13965,291048,"Lord of the Chords: The Geekiest, Punniest Music Theory Card Game"
13966,5933,Red Sky Morning
13967,6042,Samurai Sunset
13968,181194,Cucina Curiosa
13969,150827,Monster City Planners
13970,23404,Les morts aux trousses
13971,2160,Robots!
13972,256233,Mountains
13973,164930,BANG!: Halo
13974,1210,Cults Across America
13975,286247,Hedgehog Hop
13976,134884,ZnajZnak
13977,69233,Schloss Schlotterstein: Das Kartenspiel
13978,231575,Hero's Crossing
13979,194966,Among Thieves
13980,102698,Hull Breach!
13981,186265,Minecraft Card Game?
13982,154243,Menu Mash-Up
13983,79216,Plateau X
13984,6146,S.F.3.D. Original
13985,179930,Avalanche at Yeti Mountain
13986,260238,Claim Kingdoms
13987,7799,Bloodiest Day
13988,5135,Malarky
13989,289018,On a Scale of One to T-Rex
13990,1632,Shapeshifters
13991,35934,Tile Rummy
13992,283076,Combat Arena
13993,327062,Popcorn Dice
13994,145586,sQuizz
13995,29676,Monopoly: Tropical Tycoon DVD Game
13996,10776,Sword & Shield
13997,56410,Activity kompakt
13998,7650,Battlefield: Europe
13999,2304,Knock Out
14000,162974,Chroma Cubes
14001,221938,Careta
14002,257965,BiberClan
14003,2217,Columbus
14004,39029,Castle Builders
14005,191095,Scoundrel
14006,129322,Kaijudo
14007,273937,Mopsen
14008,273349,Draw Your Own Conclusions
14009,199800,Hatflings!
14010,20848,Stratego: The Chronicles of Narnia
14011,300081,Hideous Abomination
14012,257599,Invasions: Volume 1 – 350-650 AD
14013,183649,Escape the Nightmare
14014,166710,Dragon's Ransom
14015,58003,Kenta
14016,324885,Das NEINhorn
14017,94123,The Forgotten Planet
14018,176247,Mixtape Massacre
14019,219502,Templars' Journey
14020,20954,Alpen Express
14021,8990,Bantu
14022,251622,Moneybags
14023,166977,Gangster Dice
14024,9849,Ardennes 1944
14025,933,New Orleans Big Band
14026,37103,Spangles
14027,306072,Merchants of Qultah
14028,286632,Blood of the Northmen
14029,305564,Anchorman: The Game – Improper Teleprompter
14030,35508,Chainmail
14031,98352,O Último Grande Campeão
14032,25246,Esagek
14033,2917,Age of Chivalry
14034,303621,Tiny Acrobats
14035,159384,Medieval Battle
14036,2779,Sauron
14037,258783,Into the Black Forest
14038,13936,Dark Age
14039,192322,Rory's Story Cubes: Looney Tunes
14040,24186,Treasure Fleet
14041,257205,Hasp
14042,11399,Black Gold (Texas Tea)
14043,38299,Borkowo 1806
14044,233144,Manipulate
14045,32346,Super Tock 4
14046,36944,Electronic Guesstures
14047,276880,Frenemy Pastry Party
14048,4935,Test of Arms
14049,230488,Hexcalibur
14050,116739,Decision: Iraq
14051,113066,RR
14052,6478,Dictionary Dabble
14053,41496,Chickyboom
14054,3725,Qwitch
14055,138729,Hull Breach: Loyalty & Vigilance
14056,39375,The Battle of Red Cliffs
14057,260,Starship Troopers: Prepare For Battle!
14058,1364,Pillage & Plunder
14059,98780,Aether Captains: The Search
14060,188793,Game of Thrones: The Trivia Game
14061,23570,Napoleon
14062,13994,Alsace 1944
14063,6024,"Warsaw Rising: Revolt of the Polish Underground, 1944"
14064,312904,Conan the Cimmerian: The Tower of the Elephant
14065,2043,Shogun
14066,19735,Terakh: A Creative Strategy Game
14067,6771,Sceptre 1027 A.D.
14068,2354,Scan
14069,130763,Storage Wars: The Game
14070,7683,Ronda Magica
14071,9863,Champs de Bataille III: D'Alexandre à Hannibal
14072,96266,Aether Captains: Triad
14073,120781,Wild Fun West
14074,204892,You Gotta Be Kitten Me!
14075,283259,Mint Condition
14076,187199,MiG Alley: Air War Over Korea 1951
14077,341426,If It Fits
14078,130014,Hinge of Fate
14079,7522,Wave of Terror
14080,4010,Bodyguard Overlord
14081,197551,Hall of Fame
14082,267179,Port Gdańsk
14083,2864,Automania: The Game of the Motor Giants
14084,24025,Attacktix Battle Figure Game Marvel Superheroes
14085,7230,Battle for Normandy
14086,2733,Stimmvieh
14087,17967,Origins of World War I
14088,226358,Altitude
14089,30021,Wavre: The Lost Opportunity
14090,28817,Blindes Huhn
14091,486,Barnyard Buddies
14092,12280,Geistesblitz
14093,86754,I Signori dei Draghi
14094,2889,Golem
14095,7182,TimeLine
14096,257440,Dungeon Duel
14097,121043,Pass-Ackwords
14098,237311,The Smog Riders: Dimensions of Madness
14099,3643,Spellmaker
14100,196634,Nightmare Forest: Alien Invasion
14101,236713,Sea of Plunder
14102,301541,Latte Throwdown
14103,36431,Time Line
14104,29691,Look Away!
14105,279056,Pompiers!
14106,1000,Corona
14107,26795,Day of the Chariot: Kadesh
14108,282224,Cinephile
14109,2668,Picture Picture
14110,217424,Tenno
14111,10906,Beggars and Thieves
14112,145578,CLUE: The Big Bang Theory
14113,31887,AmuseAmaze
14114,279649,Balk
14115,410,D'raf
14116,21269,Finger Football
14117,177868,Game Election
14118,281257,Aeolis
14119,266769,Jinja
14120,228889,Helios Expanse
14121,284003,Sunflower Valley: A Tile-Laying Game
14122,233284,Bergnein
14123,104558,Burdigala
14124,158267,Double Feature
14125,33958,Rapscallion
14126,9048,Cinq-O
14127,316090,Vivid Memories
14128,12455,Attila: Scourge O'God
14129,7366,Flix
14130,244609,Flick Fleck
14131,25999,Hus
14132,8693,1918: Operation Michel
14133,271027,Agents: Sword and Shield
14134,243080,PlingPong
14135,84230,Pirates 2 ed.: Governor's Daughter
14136,8394,Ludoviel
14137,1875,Isolation
14138,11640,Klabberjass
14139,146157,30 Seconds Junior
14140,113337,Global War 1939
14141,19554,Plext
14142,170423,Comment j'ai adopté un gnou
14143,275738,Knitting: The Card Game
14144,311708,Oracle
14145,266381,ZU Tiles: Hime Starter Set 1
14146,5704,Capt'n Clever
14147,17267,Laserburn: Sci-Fi Combat Rules
14148,198668,Top Hats And Treachery
14149,173121,Pirato Poker
14150,96672,TieBreaker
14151,149885,Te Kuiti
14152,99062,Famous Divisions: Grossdeutschland Panzer
14153,171475,Särge schubsen
14154,109786,Serica: Plains of Dust
14155,42685,Connect 4x4
14156,94456,Color Stix
14157,157995,Noueni
14158,4048,"War of the States: Gettysburg, 1863"
14159,26786,Number Rumba!
14160,186089,Sapotagem
14161,174491,Steam Court
14162,227468,Ancient Artifacts
14163,21437,Agora Barcelona
14164,11060,Normandy: The Invasion of Europe 1944
14165,36790,Pickpocket
14166,203421,Ankh
14167,35054,Meepile
14168,134279,Mafia Casino
14169,27227,Contrario 2
14170,261491,Takla
14171,12520,"Bélisaire, la gloire de Byzance"
14172,206594,Witch Slapped!
14173,313178,Backwoods
14174,222584,Clustered
14175,19908,Clue:  Limited Gift Edition
14176,146094,Plunder
14177,198881,The Princess and the Goblin
14178,35254,Monopoly: Indiana Jones
14179,179813,Manhattan TraffIQ
14180,172557,Pretense
14181,200257,We Come in Peace
14182,257045,Murder on the Cosmic Express
14183,313100,"Bye, Felicia!"
14184,312613,Oversiege
14185,170337,Dwarfest
14186,19623,Handy
14187,291154,Timeline: Brasil
14188,23642,Storm of Steel
14189,228,Lunch Money
14190,5321,The Battle of the Little Big Horn
14191,138470,Erie Railroad
14192,1079,Tokami
14193,272078,Rat-a-Tat Roll
14194,244172,Sherlock Holmes: The Beginning
14195,4060,Undead
14196,10802,Somethin' Fishy
14197,130017,"War of the Pacific, Chile vs. Perú and Bolivia, 1879-1883"
14198,8043,Gear Krieg Wargame
14199,75668,Whist 22
14200,252530,JetLag
14201,2319,Trade
14202,17157,Forbidden
14203,166246,Sifaka
14204,198086,Rushi
14205,132322,Snug as a Bug in a Rug
14206,32429,Mouse Match
14207,106631,Space Bastards
14208,69761,Panzer General: Russian Assault
14209,8749,Mukden: Sino-Soviet Combat in the '70's
14210,12662,To the Wolf's Lair!
14211,25772,Astoria
14212,34692,Dino Detektive
14213,18701,Ludus Gladiatorius
14214,63014,Mapominoes: Asia & Australasia
14215,18791,Star Wars: Attack of the Clones Card Game
14216,195489,Slush Fund 2
14217,13316,Operation Overlord: Normandy 1944
14218,337195,Growing Season
14219,13361,Spaceopoly
14220,183976,Dice Bazaar
14221,159455,Galactic Sabacc
14222,16875,Darter
14223,255696,Jungle Race
14224,169918,Magia Cum Laude
14225,220124,5ive: King's Court
14226,178098,Sherwood's Legacy
14227,118627,Kalifiko
14228,20300,Chickamauga River of Death
14229,3812,"Breakout & Pursuit: The Battle for France, 1944"
14230,7562,Monty's D-Day
14231,32086,1939-45 Harc Európáért
14232,36751,DC HeroClix: Batman (Alpha)
14233,238968,The Awful Orphanage
14234,24024,Attacktix Battle Figure Game: Transformers
14235,213304,4 Seasons
14236,160871,Scotland Rising
14237,285028,Geek Out! Disney
14238,5396,Trade Winds
14239,7921,Round-Up
14240,18256,Quartile
14241,40102,Verdun: A Generation Lost
14242,5167,Rubik's Illusion
14243,6456,Lodz 1914: First Blitzkrieg
14244,144253,Amerika
14245,309250,Empyrean Hero: The Card Game
14246,3646,Luftwaffe: The Game of Aerial Combat Over Germany 1943-45
14247,26582,Xēko Mission: Madagascar
14248,9909,Crète 1941: Opération Merkur
14249,165640,Crop Cycle
14250,254230,Thieves
14251,21457,Cover Up
14252,2119,221B Baker St.: Sherlock Holmes & the Time Machine
14253,3954,Baseball Strategy
14254,29146,Okey
14255,209033,"Por favor, não corte minha cabeça!"
14256,284948,"Dawn of Empire: The Spanish American Naval War in the Atlantic, 1898"
14257,145649,Nowheresville: Bandit Paradise
14258,272683,Guardians of Legends
14259,73244,Cauldron: Battle for Gazala
14260,101723,Hungarian Tarokk
14261,8731,Salvo II
14262,319295,National Lampoon's Christmas Vacation: Twinkling Lights Game
14263,94476,New World Colony
14264,202478,My First Bananagrams
14265,159865,Tark Mees Taskus
14266,8979,Oodles of Doodles
14267,803,Dragonhunt
14268,315021,Strawberry Sunset
14269,281919,Mice To Meet You
14270,7838,Emmerlaus Duel of Mages
14271,205072,Disney Eye Found It!: Hidden Picture Card Game
14272,108862,Elfer raus! Master
14273,231315,Wanted: Rich or Dead
14274,7254,The Battle of Shiloh
14275,11357,Brewhouse Bash
14276,43168,Scrappers
14277,2159,Kimbo
14278,21036,Stratego: Star Wars Saga Edition
14279,90855,Scavengers
14280,158967,Kaleido
14281,3102,Banque Fatale
14282,35961,Beim Jupiter: Göttliche Sticheleien
14283,2757,Marine: 2002 – A Game of the First Lunar War
14284,186404,Vault
14285,70597,Trollland
14286,209320,Druids
14287,186510,RallyRas
14288,42188,Make 'n' Break CHALLENGE
14289,29415,HeroCard Nightmare
14290,286138,Dim Sum Jam
14291,127129,Batman: Arkham City Escape
14292,164670,Mr House
14293,5226,Rocroi 1643
14294,31797,Classic Battletech RPG
14295,121031,Franco-Prussian War 40: August 1870 - March 1871
14296,226237,RPGQuest: A Jornada do Herói
14297,69582,Buzz It!
14298,1307,Haunted Castle
14299,260524,Beyond Humanity: Colonies
14300,54073,Fish Stix
14301,178517,Black Ops: Tactical Espionage Wargaming
14302,5858,Clue II: Murder in Disguise VCR Mystery Game
14303,28050,Pixel
14304,250051,The Seals of Cthulhu
14305,5223,Champs de Bataille II: La bataille de Kadesh
14306,21987,Doktor Schlüsselbart
14307,198044,Sign
14308,340040,Neoville
14309,280148,Gizeh!
14310,14013,In Extremis
14311,9438,First Blood: The Guadalcanal Campaign
14312,5778,Chancellorsville (Second Edition)
14313,250834,Anomia Kids
14314,43693,Delve the Card Game
14315,18580,Skallywaggs
14316,163031,Cartography
14317,219208,Poison
14318,172159,King's Champion
14319,9913,"Alésia, 52 Av. J.-C.: César contre Vercingétorix"
14320,163963,League of Hackers
14321,9915,Denain 1712
14322,187000,Block Out!
14323,224635,Dragoborne: Rise to Supremacy
14324,103016,Expedition Sumatra: Dadu Dadu
14325,296363,Aztec
14326,164778,Encounters: Bravest Warriors
14327,248496,Medvěd WRR: Karetní hra
14328,783,Letter Head
14329,84017,Football Leader
14330,209053,Wicked Apples
14331,8434,Extinction: The Game Of Ecology
14332,132598,Black Swan
14333,111097,Villains and Vigilantes Card Game
14334,122168,Brethren of the Coast
14335,13299,1918: Imperial Germany's Last Chance
14336,2092,Elfengold
14337,171665,Scotland Yard Junior
14338,2003,Spectrangle
14339,12679,Scottish Highland Whisky Race
14340,24927,Scrabble Scramble
14341,231368,Arboria
14342,228724,Dead Throne: World of Veles – Deluxe Edition
14343,217430,Bellum
14344,8787,Armageddon: Tactical Combat 3000 to 500 B.C.
14345,282,Vikingatid
14346,286706,Word Bank
14347,11855,"Tamburlaine the Great: The Battle of Angorra, 1402"
14348,238041,CLUE: The Legend of Zelda
14349,231126,Small Warehouse
14350,1140,Ballonrennen
14351,149705,Croquet: A Cardboard Game
14352,154681,Flizz & Miez
14353,178053,Schatz-Rabatz
14354,117558,Escape: Fighting for Freedom
14355,4574,Slang Teasers
14356,194088,Fast Flip
14357,3081,Rubik's Flip
14358,151191,Pan  T'es Mort
14359,18732,Marvel Super Heroes Game
14360,203238,Tricky Dungeon
14361,7986,Crazy Rally
14362,7141,Crossbows and Cannon II
14363,46925,Kámen – Zbraně – Papír
14364,4049,Hammer's Slammers
14365,8518,Belisarius: The Byzantine Empire Strikes
14366,257445,Super Camelot
14367,13885,The Guns of Cedar Creek
14368,243694,Cryptocurrency
14369,2709,The Beastlord
14370,160470,Ice Cream Combo
14371,11056,Fantasy Rules! Fast Play Rules for Miniature Wargames in the Worlds of Fantasy
14372,175735,Rocca Town
14373,5380,Lancelot
14374,64877,Flashpoint
14375,31401,Knjaz'ja
14376,67037,Schatz der Kobolde
14377,126213,When Zombies Attack!
14378,18683,Salta
14379,341315,Olé Guacamolé
14380,59309,Orchard: Memo Game
14381,4878,How to Host a Murder: Grapes of Frath
14382,510,Eschnapur
14383,4379,Bug-Eyed Monsters
14384,37743,Consensus
14385,143703,NanoBot Battle Arena
14386,182960,Termity
14387,5193,The Fury of the Norsemen
14388,296353,Color It!
14389,248956,Fry Thief
14390,8728,Ultra Marines
14391,174218,You're Fired!
14392,1268,What's That on My Head?
14393,3129,1876: Trinidad
14394,3358,Affenraffen
14395,323352,Timeline: España
14396,266071,Obama Llama 2
14397,311829,The Arctic
14398,12577,Stupiduel
14399,8159,Regista
14400,294723,Dragon Ball Super: Universe Survival
14401,1985,Overturn
14402,193301,Sail Away
14403,34311,"First Battle of Britain: The Air War Over England, 1917-18"
14404,1167,Flower Power
14405,2362,Tower of the Wizard King
14406,118515,Piranhas
14407,315624,World Changers
14408,256967,Shuffle Grand Prix
14409,24020,Blitzwar
14410,252141,Monster Slayers of Slawia
14411,126255,Keltis Ór
14412,291,Courtisans of Versailles
14413,27751,Organic Soup
14414,200314,Jack the Ripper
14415,20514,Dagger Thrusts
14416,6896,MechWar 2: Red Star / White Star
14417,247199,Fanhunter: Assault
14418,101539,First Bull Run: 150th Anniversary Edition
14419,202223,Zoop
14420,234101,Samurai Vassal
14421,99880,Drop Site
14422,829,Battle of the Bands
14423,177209,"Pizza, Spaghetti e Mandolino"
14424,240844,Fungeon Party
14425,9853,Champs de Bataille IV: Asie
14426,86433,Morphology
14427,182400,Poor Choices
14428,5743,Win Place Show
14429,145897,Choose One!
14430,243437,The Cat
14431,102792,Zero
14432,286310,Blokus Dice Game
14433,31935,Scrabble Express
14434,175592,The Village Crone
14435,73242,Saipan: Conquest of the Marianas
14436,108079,Bibliogamo
14437,1570,Sirocco
14438,36554,Enuk
14439,40352,Wir spielen Einkaufen
14440,299028,Dream Catcher
14441,277109,Sencha
14442,1789,Raiders and Traders: The Heroic Age of Greece
14443,28522,Finger Ball
14444,86025,Captain Jack's Gold
14445,154515,Vampir Mau Mau
14446,237171,Last One Standing: The Battle Royale Board Game
14447,32598,Manimals: Dinos 1
14448,5877,Phantasy Realm
14449,11127,"Kursk: Operation Zitadelle, 4 July 1943"
14450,3108,Goblin
14451,36698,The Crusades
14452,11534,Risorgimento: Italy's Wars of Liberation 1848-1866
14453,85076,"The Battle of Tours, 732 A.D."
14454,35481,The Suitcase Detectives
14455,304490,Friday the 13th: Horror at Camp Crystal Lake
14456,107181,Scene It? Harry Potter: The Complete Cinematic Journey
14457,284684,Evidence
14458,236577,Five Ravens
14459,37099,Bharg
14460,117555,CLACK!
14461,210937,Dia de los Muertos
14463,94916,Zed Deck
14464,1896,The American Dream Game
14465,64656,Wampum
14466,254025,Operators
14467,255608,The Cleaner
14468,187834,Come to Fishing Village!
14469,319593,Pizzeria
14470,251445,The Perfect Moment
14471,5881,Tet Offensive
14472,412,Yukon Company
14473,1468,Anybody's Guess
14474,284585,World of Draghan: Once Upon a Dragon
14475,29286,Stratego: America's Civil War Collector's Edition
14476,120444,Project Pandora: Grim Cargo
14477,73240,Aachen: First to Fall
14478,20111,The Golf Game: Par Excellence
14479,219988,In Tenebris Lux
14480,300521,Rush Out!
14481,1341,Crib Wars
14482,153388,Faulpelz
14483,252901,Rats to Riches
14484,16018,A Greek Tragedy: The Italian Invasion of Greece 1940-1941
14485,125436,Word Winder
14486,304666,Wild Life: The Card Game
14487,325834,Candy Crush DUEL
14488,28121,Fluxx en Español
14489,116735,Oil War: Iran Strikes
14490,29736,Little Italy
14491,355,Das letzte Paradies
14492,293605,Trekking the National Parks: Trivia
14493,155484,Cheesonomics
14494,269982,More Game of Quotes: Neue Verrückte Zitate
14495,70912,UNO MOD
14496,657,Münchhausen
14497,160608,Dungeon Bazar
14498,204496,Villannex (2nd Edition + expansions)
14499,220980,Solstice: Fall of Empire
14500,43802,1940: What If Germany Went East?
14501,19351,"Dark Millennium: The Warhammer 40,000 Collectible Card Game"
14502,5335,The Horse Soldiers: Forrest at Bay
14503,42470,Aljubarrota
14504,86849,Total Soccer
14505,84609,ROLLICK!  The Hysterical Game of Clues and Collaboration
14506,23030,DaVinci's Mancala
14507,1348,Web of Gold
14508,6939,The Battle of Guilford Courthouse
14509,170583,Capture: A Medieval Wargame
14510,133992,Sorcerers of the Magic Kingdom
14511,5492,Zar
14512,6891,24 Game
14513,112445,Disaster Looms!
14514,343898,Espresso Doppio
14515,14077,Nin-Gonost
14516,136029,Le Tricheur
14517,165889,Safe Breaker
14518,18870,Wykersham
14519,12963,Succession: Intrigue in the Royal Court
14520,219661,Crop Rotation
14521,22266,Zig-Zag
14522,38334,Logan Stones
14523,218590,Pit Crew
14524,15676,Terrace 6x6
14525,245025,Paradise Lost
14526,5194,Fire When Ready
14527,6022,13: The Colonies in Revolt
14528,54707,Fantom Staré Prahy
14529,187769,Rolling World
14530,58707,Truth Be Told
14531,158774,Psychological Warfare
14532,1346,Crazy Race
14533,20240,Écarté
14534,287088,Block Happy
14535,260931,Go Go Eskimo
14536,7368,North Wind Rain
14537,174943,Ninja Arena
14538,8103,.hack//ENEMY
14539,256397,more dude
14540,7931,Remember Gordon! The Battle of Omdurman
14541,114863,Ragami
14542,11466,Peppino the Clown
14543,80908,4 Monkeys
14544,256214,Trivial Pursuit: Friends
14545,12479,Battlegame Book 5: Fighting Ships
14546,9736,"Crusader: Battle for Tobruk, November 1941"
14547,4518,Sauerbaum
14548,137780,Thématik
14549,35207,Likewise!
14550,162295,Zik
14551,14468,Blood & Iron: Bismarck's Wars for Empire
14552,258751,Whiskey Business!
14553,161773,Little Cooperation
14554,275857,Cat Tower
14555,100278,Tripolo
14556,161429,Who Stole the Cookie?
14557,302316,A Sky of Stars
14558,274205,3D Labyrinth
14559,173389,Rush Hour Shift
14561,272234,Los Muertos No Hablan
14562,192268,Cool am Pool
14563,26353,Scum
14564,187673,Hérois & Monstros
14565,166215,Tricks & Deserts
14566,41835,Minotaurus
14567,203884,CINECITTA 1937 (チネチッタ1937)
14568,3620,TrainSport: Austria
14569,112462,Schlock Mercenary: Capital Offensive
14570,156406,The Chronicles of Dragon Wing
14571,80869,MUNERA: Familia Gladiatoria
14572,32333,Die Wiege der Renaissance
14573,40006,Herkules Ameise
14574,217095,Magyar népmesék: A társasjáték
14575,6982,Mission Command Air
14576,300146,UNDO: 600 Seconds
14577,188753,ElemenZ
14578,22407,1066: End of the Dark Ages
14579,611,Ironman Football
14580,126471,Nowhere to Go
14581,24280,Mimic
14582,142158,Plucky Pilots
14583,3716,Tractics
14584,215110,Kingdom of Aer: Kingmaker
14585,8336,Top Speed
14586,191081,Schnapp den Sack
14587,283161,Chocobo Party Up!
14588,275777,Erune
14589,147136,Elemental Blast
14590,121195,Grandpa  Beck's Golf
14591,15430,Marignan 1515
14592,30945,La Bataille d'Orël Octobre 1919
14593,223597,Dance of the Fireflies
14594,32047,The Circle
14595,231196,Laurel Crown
14596,1580,Legends of Robin Hood
14597,260709,Yozu
14598,69347,Barca
14599,7506,Operation Konrad
14600,66611,Metropoli
14601,17787,Phoenix Command
14602,226085,Sailor Moon Crystal: Dice Challenge
14603,248722,Daring Contest
14604,8981,Anagram: The Ingenious Game of Juggling Words
14605,30370,E.T.I.: Estimated Time to Invasion
14606,209322,Sabbat Magica
14607,129031,Relic Knights: Darkspace Calamity
14608,282525,Catlantis
14609,84778,Tricky Safari
14610,4620,The Prestel New York Architecture Game
14611,192059,Fano330-R-Morris
14612,59650,Hatalom Kártyái Kártyajáték
14613,277481,Little Battle
14614,175313,AARRR!
14615,74203,Dungeon Venture
14616,15731,The Game of Life: Card Game
14617,205345,Anno Domini: Essen & Trinken
14618,178595,Trickster: Fantasy
14619,299191,Migration: Mars
14620,175739,Pictopia: Disney Edition
14621,12795,Big League Hockey Manager
14622,23521,Ringgz
14623,1077,Baubylon
14624,262370,Spiky Dastards
14625,183344,Ugah Ugah!
14626,32187,Chaos in the Kids' Room
14627,27852,Taifa
14628,158163,Invazions
14629,1877,Pig Pile
14630,879,Tacara
14631,151070,Gladiatoris
14632,650,Fairy Meat
14633,172559,Targets
14634,300090,Rose Ceremony
14635,110570,Black Stories 7
14636,151801,Oddly Obvious!
14637,171889,Sawanna
14638,36413,Pressure Point
14639,2989,Instinct
14640,42499,1000
14641,219348,Trivial Pursuit: Star Wars – The Black Series Edition
14642,3916,How to Host a Murder: Roman Ruins
14643,224999,Witching Hour
14644,236199,Steven Universe y las Gemas de Cristal
14645,293708,Panic in the Air
14646,123587,Triominos Challenge
14647,5197,Helltank Destroyer
14648,14698,Keep Cool
14649,22910,Naruto Collectible Card Game
14650,180133,Rubbish Auction
14651,9564,William the Conqueror: 1066
14652,100015,Zoom Zoom Ka-Boom!!
14653,18647,Colpevole!
14654,200888,Med Sirocco
14655,3155,Lumberjack
14656,165190,Boom Bokken
14657,1650,The Lord of the Rings Adventure Game
14658,255744,Scotland Yard: Tokyo
14659,8128,Atta Ants
14660,6054,Norge: the first battle between the Germans and the Allies
14661,67034,VeloCity
14662,265120,Copernico
14663,171494,Kniffel Master
14664,787,Palermo
14665,16471,Great Medieval Battles Bannockburn and Angora
14666,208419,Titan Dice
14667,283820,King Me!
14668,283699,Towers of Am'harb
14669,6414,Genius Rules
14670,3674,Fast Attack Boats: A Game of the Arab-Israeli Naval War 1973
14671,232348,Rise of the Exiled
14672,2207,Land Grab
14673,4316,"Belter: Mining the Asteroids, 2076"
14674,205156,Amis Cube
14675,4962,1914
14676,188198,Zaginione Dziedzictwo: Gwiezdne Ostrze
14677,488,Stake Your Claim
14678,57865,X610Z
14679,84453,Nexos
14680,66888,Dizios
14681,260334,Winston
14682,3500,Schmuggler an Bord
14683,301637,Crazy Fishing
14685,36510,The Game of Life Express
14686,313723,Samoa
14687,127434,Taschkent
14688,1588,Bauernschlau
14689,11510,"Robert at Bannockburn: The Battle of Bannockburn, 1314"
14690,1033,"Xenophon: 10,000 Against Persia"
14691,82577,i9n
14692,130734,Central Market
14693,167463,Kuhlorado
14694,287586,Top Secret
14695,256151,Veracruz 1631
14696,277018,Kanban Menu
14697,791,Löwendynastie
14698,688,Manchu: The Taiping Rebellion – 1852-1868
14699,140861,Operation: Maccabee
14700,5859,Minuteman: The Second American Revolution
14701,120770,Day of the Dead
14702,260037,Composition
14703,5343,Hang on Harvey!
14704,153478,Putz die Wutz
14705,129952,Make 'n' Break Party
14706,1833,The Willow Game
14707,267133,Carnavalo
14708,20828,Decipher
14709,501,Dschungelrennen
14710,37307,Fladderadatsch
14711,26080,Im Bann der Pyramide
14712,165417,Puerto Diablo
14713,130674,Loos: The Big Push
14714,240108,Pocket Sub
14715,36412,Goblin Slayer
14716,168900,D. Afonso Henriques
14717,2843,Absacker
14718,127646,Black Stories: Mittelalter Edition
14719,230063,Love Formula
14720,6897,The '45
14721,136215,Red Menace
14722,98960,Rogue Agent
14723,18843,Sombras Sobre Isla Negra
14724,279527,Orbital Conflict
14725,28596,GridIron Master
14726,318996,Welcome to Sysifus Corp
14727,162654,Villannex
14728,250284,MONSTArgh!
14729,30286,Territories
14730,218993,Candy Match
14731,233501,Yummy World: Party at Picnic Palace
14732,342,Hong Kong
14733,236533,Magos y Tabernas
14734,275634,Dungeon Royale
14735,4163,Quest for the Faysylwood
14736,311020,Marvel Battleworld
14737,7464,Battleship Card Game
14738,258725,Lord of the Fries: Superdeluxe Edition
14739,39787,Bindle Rails
14740,144420,Nichtlustig: Noch mehr Labor Chaos
14741,519,Mush
14742,10785,D-Day: The Great Crusade
14743,69721,Scrabble Trickster
14744,316760,Assault on the Marmot King
14745,153830,Tic Talk
14746,231538,Goatfish
14747,281663,Smile Life
14748,1637,Situation 7
14749,819,Quacksalbe
14750,212688,Cthulhu Crusades
14751,8748,Golan: Syrian-Israeli Combat in the '73 War
14752,162888,Phoenix Covenant
14753,1277,Fish & Chips
14754,135327,Kniffel: Das Kartenspiel
14755,8965,1 Stein + Co.
14756,126168,Oh no... INVASION!!!
14757,4677,Lee Invades the North
14758,42279,Run Wild
14759,73238,Crusader: Battle for Tobruk
14760,39802,Mountain of Inferno
14761,107464,Kabuki
14762,10716,Kemps
14763,286983,Squire: The Collector of the Glorious Rarities
14764,16741,System 7 Napoleonics
14765,33208,What?
14766,2400,The Brotherhood
14767,243191,Animale Tattica
14768,97582,Kwizniac
14769,1953,Mystic War
14770,33801,UNO: The Simpsons – Special Edition Card Game
14771,12870,Film Frenzy
14772,8960,Roma
14773,246203,Magic Mandala
14774,28609,The Game of Life: Twists & Turns
14775,5870,Syzygy
14776,4593,Blooming Gardens
14777,65243,Invasion Pearl Harbor
14778,176400,The King's Men
14779,1628,Elric
14780,3337,Double Down
14781,164201,Okoshki
14782,91440,Expedition Dino
14783,12672,It Came to Pass
14784,288430,Penguinramids
14785,113428,Cazadores de Fosiles
14786,4437,Gaudí
14787,12743,The Battle of Helm's Deep
14788,71304,Iron Man 2: Game of War
14789,158236,Tortilla de Patatas: The Game
14790,35354,Dry Gulch Junction
14791,183677,Rookie Heroes
14792,224680,Dungeon Digger
14793,323882,Dark Story
14794,4971,Viva España: A Game of the Spanish Civil War – 1936-1939
14795,10508,Leinen los!
14796,4554,Phalanx
14797,176634,Arcanya: Magic Academy
14798,276459,Kensington
14799,39545,"Reconquista! The Struggle for Iberia, 850-1250 AD"
14800,158818,Politiko (2nd Ed)
14801,39745,An Loc: 1972 – The North Vietnamese Push Towards Saigon
14802,250463,Stadt Land Vollpfosten
14803,1012,Die Magier
14804,227425,Treachery in a Pocket
14805,10265,Molotov's War
14806,330593,Go for Gold
14807,9345,Drops & Co.
14808,260033,Concerto
14809,229172,Anime Saga
14810,325828,Let's Dig for Treasure
14811,93555,Miss Lupun…und das Geheimnis der Zahlen
14812,146765,Granny Wars:  A Game of Tit for Tat
14813,160773,First to Fight
14814,11131,Hell Before Night: The Battle of Shiloh
14815,255642,Rogers' Rangers: America's First Commandos
14816,17183,1001
14817,155440,Pleasant Dreams
14818,259342,Luxantis
14819,229703,Adellos
14820,11085,Packen Wir's!
14821,145274,Quest: Awakening of Melior
14822,130286,Volcano Island Countdown
14823,159573,Taxi Wildlife
14824,247107,Catchup & Mousetard: Fast Food Battle!
14825,17352,Subbuteo Cricket
14826,150971,Lucca the City of Games
14827,201012,Chernobyl
14828,6125,Austerlitz: The Battle of the 3 Emperors
14829,43041,Black Stories: Movie Edition
14830,288087,Berridos
14831,18023,Postcard from the Revolution
14832,3731,Stock Market Guru
14833,19793,Robber Barons
14834,10386,SiegeStones
14835,166532,Cubo
14836,39245,Neu
14837,195158,Project Z: The Zombie Miniatures Game
14838,258818,Connect 4: Shots
14839,215526,RobotLab: The Card Game
14840,7956,Formel 1 Nürburgring
14841,35618,G.I. Joe Commando Attack
14842,3370,Connections
14843,193134,Memory: The Board Game
14844,257080,Fast Food!
14845,10584,Texas Revolution
14846,15066,Cat & Mouse
14847,27781,Jetsetters
14848,296354,In a Flash Firefighters
14849,140600,Scalawag!
14850,1171,Ricochet
14851,916,Pete the Pirate
14852,301638,Out Of This World
14853,4012,"Army Group Center: June 22-28, 1941"
14854,28238,Kitty Bitty
14855,156077,A Fistful of Dinero
14856,21635,Number Chase
14857,203266,Cortex Challenge GEO
14858,39527,Block Buster
14859,172550,Harry Hopper
14860,37732,Boss Kito
14861,1680,Elements
14862,28253,C.S.A. America's Civil War 1861-1865
14863,10304,Julius Caesar: Game of the Gallic Wars
14864,38466,Reflection
14865,324602,Firebase Vietnam
14866,191879,Rival Kings
14867,260563,Artline
14868,240825,Planetopia
14869,10836,Moguli
14870,154244,The South Shall Rise Again
14871,251253,Heroes & Treasure
14872,12267,Dwarves and Dice
14873,173752,The Cookie
14874,311751,I Am Death Now?
14875,41788,Striking the Anvil: Operation Anvil Dragoon
14876,7847,Blood on the Snow: The Battle of Suomussalmi
14877,40958,6 nimmt! Junior
14878,256792,The Oregon Trail Game: Journey to Willamette Valley
14879,285128,Unlock!: Une Aventure – Ralph Azham: Le Foie de l'Axolotl
14880,8589,Viele Dinge
14881,169574,Zombie Run!
14882,129625,Irezumi
14883,148430,Downtown
14884,2040,Trippples
14885,310888,Bobail
14886,211485,Wizards' Towers
14887,21634,Cincinnati
14888,235482,Utter Nonsense: Naughty Edition
14889,117975,Impact City Roller Derby
14890,38784,Flames of War: Firestorm Campaign – Operation Bagration
14891,145304,Cthulhu's Vault
14892,9869,De Bull Run à Appomatox
14893,17754,Horror House
14894,56208,The Lash of the Turk
14895,164202,Divorce! The Game
14896,135213,Stack-A-Biddi
14897,275349,Folded Wishes
14898,160868,Last Starfleet
14899,63779,Shake 'n Take
14900,281477,Lawrence of Arabia: The Arab Revolt 1917-18
14901,87926,Yago Pool
14902,39124,Huang Dih: O Grande Imperador
14903,217378,BABEL
14904,141577,SłowoStworki
14905,8201,In 80 Karten um die Welt
14906,10780,The Powerpuff Girls: Mojo Jojo Attacks Townsville Game
14907,73243,Kasserine: Baptism of Fire
14908,243927,Boom & Zoom (Second Edition)
14909,227316,Lost in Time
14910,158059,God Hates Charades
14911,213500,1672: The Lost Crew
14912,22392,T.E.G.: Plan Táctico y Estratégico de la Guerra
14913,9350,Das große Fressen
14914,44715,Pega o Pinguim!
14915,295295,Berrymandering
14916,12169,Henry V
14917,9668,MooT
14918,6268,Maze
14919,69973,Ticked Off
14921,147852,Mission: Combat!
14922,34291,Tridom
14923,300094,Droll
14924,159041,Vikings on the Volga
14925,19127,Chinese Poker
14926,231611,You've got problems
14927,4300,The Barbarians: Games of the Fall of Rome and the Mongol Invasion of Europe
14928,192500,Brynk
14929,288654,Tipsy
14930,3099,Gettysburg
14931,200396,Long Range Desert Group: Special Operations Against Rommel 1941-1942
14932,124992,Komodo
14933,806,West Riding
14934,19186,The French & Indian War: Struggle for the New World
14935,189603,Flower Fairy
14936,180910,Chronicler
14937,3829,Trainsport: Switzerland
14938,12629,Marching Through Georgia
14939,7307,Cranium Hullabaloo
14940,146247,Showdown: Icons
14941,4983,Der Herr der Ringe: Die Zwei Türme
14942,201144,Merrill's Marauders: Commandos in Burma 1943-1944
14943,150691,Rok 1863
14944,22990,Les Aigles
14945,287678,Rat Attack
14946,342016,Tetris
14947,197433,Miskatonic School for Boys
14948,294773,La Résistance
14949,9018,Trafalgar
14950,173253,Black Stories: Dark Tales Edition
14951,533,Labyrinth: The Card Game
14952,235867,Unicorn Glitterluck: A Party for Rosalie
14953,214849,Build or BOOM
14954,127436,Der Hobbit: Eine unerwartete Reise – Das Spiel zum Film
14955,6346,NBA Showdown
14956,188952,Maigo-Neko
14957,237388,Horticulture Master
14958,4855,Crazy Race
14959,263089,Zoocracy
14960,171500,El Dorado Canyon
14961,184351,Honey Wars
14962,68251,Loot and Scoot
14963,86882,Medieval Mastery
14964,227018,7 pecados
14965,257633,Nexus Infernum
14966,41329,Fire Bulls
14967,234052,Doomseeker
14968,201560,Neverland's Legacy
14969,4957,Timberland
14970,259724,EXIT Kids: Code Breaker
14971,18011,Chaturanga
14972,218842,Yukon Salon
14973,181476,Grandpa Beck's Nuts about Mutts
14974,342209,echoes: The Microchip
14975,189434,Lab Wars
14976,139137,Firefly: Out to the Black
14977,6842,Battles of the Ancient World: Marathon and Granicus
14978,116978,CITY Alarm
14979,135794,Méchanlou
14980,5897,Lie Detector
14981,42493,Giro D'Italia Card Game
14982,11289,Operation Whirlwind: Budapest – November 1956
14983,184247,Expedition Zetta
14984,141997,Chronos Conquest
14985,5927,Duel in the Desert: Rommel's Campaign in North Africa
14986,11125,The Marne: Home Before the Leaves Fall
14987,294252,Hogs Of War: The Card Game
14988,124248,Tóncc
14989,23920,Border Reivers
14990,11525,Successors
14991,181928,Last Front: The Strategy Card Game
14992,269607,Sidekick Saga
14993,7622,Morsecode ···–
14994,200836,Da Yunhe: Der Grosse Kaiserkanal
14995,128219,Shafausa
14996,104798,Evening in the Stable
14997,116194,Déclic!? Family
14998,239621,Human Era
14999,10893,Allegiance: War of Factions
15000,12506,"La Bataille du Matz, 9-12 juin 1918"
15001,8548,Gounki
15002,55686,Double Series
15003,8067,Royalists & Roundheads III
15004,5447,Wealth of Nations
15005,9907,Kharkov 1943
15006,151530,Golf 'n' Roll
15007,11512,Leipzig: The Battle of Nations – Napoleon vs. Europe
15008,15088,Storm over Port Arthur
15009,235455,Somnicum
15010,17958,Aargh!
15011,194998,Mad Love
15012,205667,Les Misérables: Eve of Rebellion
15013,284862,Beasty Borders
15014,180916,Saving Time
15015,15110,Partners
15016,175742,Alien Wars
15017,103755,Exposaurus
15018,256621,Trainsilvania
15019,184525,Obama Llama
15020,9233,Royalists & Roundheads
15021,266652,Raid on Takao
15022,124757,Famous Fastballs: The World's Smallest Baseball Game
15023,202589,Chromosome
15024,19540,Simpei
15025,205542,Dark Castle
15026,24127,Pokémon Trading Figure Game
15027,5862,Frigate: Sea War in the Age of Sail
15028,5438,English Civil War
15029,160353,LUGU
15030,35548,Jumbulaya
15031,129086,Startropolis
15032,1557,Space Empires
15033,21141,Eastern Front 2
15034,166183,Palaces
15035,197020,Andoria Battlefields
15036,93493,Perigon
15037,24485,Take Your Best Shot
15038,89610,Mr. M' s谋杀法则：拜占庭刺客
15039,171663,Attila
15040,127258,Blades of Legend
15041,886,Der Garten des Sonnenkönigs
15042,10783,The Official Dealer McDope Dealing Game
15043,20732,La conquista del Oeste
15044,148522,Dice Crawl
15045,32885,Sequence: States & Capitals
15046,180,Pool Position
15047,4784,Test Match
15048,255732,WonderZoo
15049,2384,Safe Return Doubtful
15050,189902,Space Pioneers
15051,7241,Fight for the Sky
15052,14151,Quickword: The Ultimate Word Game
15053,1504,Bakschisch
15054,124647,Top This! A Pizza Flicking Game
15055,294348,Top Gun Strategy Game
15056,9539,Beat the 8 Ball
15057,1793,VI Against Rome
15058,248421,Sonic the Hedgehog: Crash Course
15059,25448,Khan Tsin
15060,147616,Virgin Seas
15061,251987,Rainbow Knights
15062,246757,Long Cow
15063,85338,Antigua
15064,283700,Crazy Theory
15065,6365,The Totally Insane Card Game
15066,11404,LetterFlip
15067,26033,Maratón Clásico
15068,21001,Alibi Saknas: Herrgårdsmordet
15069,137179,Deck of Thieves
15070,8331,Revolt in the East: Warsaw Pact Rebellion in the 1970's
15071,6566,VisualEyes
15072,63015,Mapominoes: Africa
15073,73230,Showdown: The Coming Indo-Pakistani War
15074,9597,Vier zu mir!
15075,255695,Venture Angels
15076,261738,Blankout
15077,170555,Who Knows Where?
15078,93402,Kart sur Glace
15079,105305,Coraxis & Co.
15080,3827,Creature Castle
15081,12776,Dragonchess
15082,1688,Star Commander
15083,276641,Super Punch Fighter
15084,282410,Escape Pods
15085,16355,The Difference Between Women & Men
15086,144383,Dungeon Dwellers
15087,10533,Central Command: Superpower Confrontation in the Straits of Hormuz
15088,9398,War Games Rules  3000 BC to 1485 AD
15089,8848,Star Cruiser
15090,162727,Victory through Industry
15091,2606,Dover Patrol
15092,232874,Die rote Kralle
15093,11482,Case Green
15094,8102,Typhon sur le Pacifique
15095,118539,Medieval Conspiracy
15096,2392,Mastermind
15097,17807,Inquisitor
15098,237501,Klattschen
15099,35137,Bezzerwizzer Familieudgave
15100,5453,Granada: The Fall of Moslem Spain
15101,249047,The Abandons
15102,30164,Mechwarrior Solaris VII
15103,182799,Take a Train
15104,138015,Swish Jr.
15105,136177,Super Race
15106,329710,"Loot, Shoot, Whisky"
15107,174529,Waterloo: Enemy Mistakes
15108,298442,Novgorod
15109,3457,Tabula
15110,41712,Desafino
15111,5120,Doubles Wild
15112,57458,Darwinci
15113,35167,Quadrago
15114,209014,Front Line No Komrades
15115,6944,"The Battle of Moscow: The German Drive on Moscow, 1941"
15116,267832,Blanc-Manger Coco 2: Le déluge
15117,20533,Daihinmin
15118,5589,Full House
15119,185246,AGES
15120,274605,Pandaï
15121,254618,"Four pints, please"
15122,235696,POK
15123,1878,Moonshot the Game
15124,185288,Una Notte da Lupi
15125,160550,GodZ
15126,145653,Hemloch: Vault of Darkness
15127,164829,Flea Marketeers
15128,290500,Flip & Fish
15129,164645,"Mine, All Mine!"
15130,270632,Bon Appetit!
15131,63497,Pochspiel
15132,180915,Storytelling
15133,7526,Welfen und Staufer
15134,288606,Coraline: Beware the Other Mother
15135,142584,"Moby Dick, or, The Card Game"
15136,22464,Margin for Error
15137,20204,Drunter und Drüber
15138,38390,Exalted: Legacy of the Unconquered Sun
15139,292,Attacke
15140,28306,Inversé
15141,223222,Midnight Taboo
15142,37686,Où étiez-vous?
15143,1004,Der Feuersalamander
15144,11339,Korea '95
15145,180210,tak•tak
15146,20630,Corintho
15147,148581,District-Z
15148,210966,Quadrum
15149,118325,RoboTroc
15150,209488,The Game of Things: Travel/Expansion
15151,530,Entenrallye
15152,51624,Know It or Blow It
15153,273699,Weird Alchemy
15154,209578,"Little Bird, Big Hunger"
15155,262443,Shadow Blocks
15156,224596,9 Card Siege
15157,30951,Nanu?
15158,8426,Man to Man
15159,3245,Cerberus: The Proxima Centauri Campaign
15160,10188,Sale of the Century Quizzard
15161,20708,Alamein: History’s Turning Point 1942
15162,33664,"Red Dragon, Blue Dragon: The Huaihai, 1948-1949"
15163,323236,Penalties: Animal Cup
15164,249658,Burger Party
15165,3535,Nightmare House
15166,57834,Counter-Attack! Arras
15167,24042,La Caída del Imperio Romano
15168,52827,ZoxSo
15169,191893,Gigi Gnomo
15170,37770,Palio
15171,34713,Desert Duel: First Alamein
15172,32253,Caveman
15173,10014,Norway 1940: The Kriegsmarine Strikes
15174,138167,Я твоя понимай
15175,2970,Squatter
15176,38524,Kimaloé
15177,183511,Destiny Aurora: Renegades
15178,124372,Le Petit Poucet
15179,133637,Temple Run: Danger Chase
15180,146245,Kings of Artifice
15181,5437,Raid on Iran
15182,3657,Redemption: City of Bondage
15183,16272,Little Round Top
15184,266842,The Walking Dead: Something to Fear
15185,31302,Advanced Dungeons & Dragons Battlesystem (Second Edition)
15186,41065,Longships
15187,93679,Aether Captains: Capek Golems
15188,68504,Outrider
15189,1076,Captain Future
15190,36985,Logger
15191,92661,O Jogo da Enciclopédia
15192,144957,Battle of the Scheldt: The Devil's Moat
15193,286834,Superlemming
15194,245385,Papering Duel
15195,99044,The Battle of Lepanto
15196,331126,Scrap Racer
15197,3075,Hamlet!
15198,3920,Monster Maker
15199,147418,Ajo y Agua
15200,349,Halunken & Spelunken
15201,191923,Roadkill
15202,105602,Dabble
15203,239165,Eastern Front Battle Card Game
15204,328569,Mint Bid
15205,229369,Bobbidi Boom
15206,165585,TrakkX
15207,189678,Berserk: Heroes
15208,225979,Jane Austen's Matchmaker: Chapter Two
15209,2487,Why
15210,14128,Jupiter
15211,159501,Hull Breach: Corporate Wars
15212,186947,The Grimwood
15213,67112,Deterrence
15214,288969,Puzzle-Memo
15215,29107,Hop! Hop! Hop!
15216,36332,Field Command: Singapore 1942
15217,175778,Zombies!!! Jr.
15218,88960,Godzilla: Stomp!
15219,9152,The Damned Die Hard: Philippines '41
15220,17298,Branches and Twigs and Thorns
15221,7795,"Bundeswehr: Northern Germany, late 1970's"
15222,124856,Anno Domini: Penne e Pennelli
15223,242818,Dice Wars: Heroes of Polyhedra
15224,4036,Anzio Beachhead
15225,9181,TacForce
15226,138799,LOKA: A Game of Elemental Strategy
15227,272711,Monsters vs. Heroes: Volume 2 – Cthulhu Mythos
15228,208134,Danger the Game
15229,505,Goldener Drache
15230,139728,MCS
15231,172168,Tschakka Lakka: Die rasante Würfeljagd nach dem Tempelschatz
15232,21730,Delta
15233,130598,10 Tage durch Deutschland
15234,1310,Auf Achse: Das Kartenspiel
15235,223332,King's Life
15236,25925,Origin of Failing Water
15237,308028,Drop Drive
15238,186799,Cardline: Animals 2
15239,265715,METAL
15240,166650,Gingerdead House
15241,43486,The Trial of Socrates
15242,129326,Lebanon '82: Operation Peace for Galilee
15243,22176,"Lest Darkness Fall: Rome in Crisis, AD 235 – 285"
15244,224039,Farsight
15245,23212,Cockpit
15246,151952,Gathering Storm
15247,221059,Little Action
15248,13103,Triolet
15249,175086,"San, Ni, Ichi"
15250,2725,Star Wars: Escape From The Death Star
15251,13832,Vulkan!
15252,124598,Maya
15253,141337,Gold Nuggets
15254,298397,Der verzauberte Turm
15255,137156,Zombie House Blitz
15256,64657,Sticht oder Nicht
15257,233080,Book of Dragons
15258,255651,Pocket Dragon
15259,151416,Creative Clash
15260,7995,Quits
15261,40653,Walter Wick Can You See What I See?
15262,196234,Clash d'Ardèche
15263,243757,Gangster City
15264,13547,Brain Warp
15265,246814,Trool Park
15266,244913,Brainwaves: The Brilliant Boar
15267,94571,Oh Gnome You Don't!
15268,6044,Attila: The Huns Invasion
15269,182556,Shinobi
15270,136712,"Linus, der kleine Magier"
15271,40440,Sector 41
15272,209447,BaRRacuda
15273,109643,World Conquerors
15274,142963,Cache Me If You Can!: The Geocaching Board Game
15275,202516,Blank Marry Kill
15276,82223,Feast & Famine
15277,500,MARK
15278,31556,The Russo-Swedish War
15279,127994,Heroes of Metro City
15280,147590,Habe fertig
15281,27007,For Bloody Honor: The Russian Civil War
15282,202674,Ore City
15283,153056,The War for Turkish Liberation
15284,207809,Sultans of Wind
15285,120801,Nizam
15286,119109,"Go Goblin, Go!"
15287,27618,Classic Statis Pro Baseball
15288,182136,iKNOW: Innovations
15289,8279,Death Angel
15290,144378,Help Wanted
15291,125148,Lap Dance
15292,139842,Quinto Império
15293,143666,The Majority
15294,2137,Quest for the Grail
15295,13363,CAV: Combat Assault Vehicle
15296,21879,Mastergoal
15297,180908,Alan's Adventureland
15298,274527,antyszczepionkowcy.biz
15299,22062,Le Mur de Pise
15300,6912,Cinch
15301,103745,Plethora
15302,233854,Leviathan
15303,186442,Pictopia: Star Wars Edition
15304,93678,Spring Fever
15305,137047,Pets
15306,213578,Yōkai Quest
15307,39998,Epic Trading Card Game
15308,8408,Siege at Peking
15309,2907,James Clavell's Tai-Pan
15310,11320,Samurai
15311,217015,Level 8 Master
15312,666,Stump
15313,187806,TimeBomb II
15314,162288,Nightlight
15315,8168,Campus
15316,153107,Masters of the Gridiron
15317,245240,Goblin Grapple
15318,148,Die Glücksritter
15319,218556,No Game Over
15320,2134,Rage (Second Edition)
15321,169652,Turbo Rally Card Racing: Thunder Track
15322,965,Ben Hurt
15323,9843,Barbarossa 1941
15324,131444,Like Dice
15325,194536,Back to the Future: OUTATIME
15326,7973,My Haunted Castle
15327,165447,UFO Farmer
15328,1571,Sanctuary: Thieves World
15329,231559,Quirk!
15330,131812,[_BLÄNK]
15331,3970,BattleTech Science Fiction Combat Book Game: SHD-2H Shadow Hawk
15332,5669,Salvo!
15333,103937,If I'm Going Down...
15334,42275,Black Prince: Crecy & Navarette
15335,302911,Mein Königreich für ein Pferd
15336,168226,Black Stories: Funny Death Edition 2
15337,19188,World Cup Cricket
15338,190523,CATS: a sad but necessary cycle of violent predatory behavior
15339,11527,Friedland
15340,55222,Clue: The Office
15341,66533,Turning Point
15342,250905,カゲロウ (Mayfly)
15343,1936,Paparazzo
15344,209661,Supernatural Socks
15345,228419,Baby Cruise
15346,22305,Sudoku: Duell der Meister
15347,19399,Socken zocken
15348,168728,The Hen Commandments
15349,231966,Stworze
15350,14585,Scene It? Turner Classic Movies
15351,13818,Jurassic Jumble
15352,1054,Pacific Northwest Rails
15353,259525,Mystical Seeds
15354,41107,Onexeno
15355,157406,LACORSA Grand Prix Game
15356,139026,Q•bitz Extreme
15357,171543,Pronto
15358,220137,Scurvy Dice
15359,31558,"First Blood: Second Marne, 15 July 1918"
15360,11421,Uisge
15361,90016,Tricky
15362,287863,Monopoly Gamer: Sonic The Hedgehog
15363,6983,Jungle
15364,5086,Electronic Mall Madness
15365,169768,Space Opera
15366,180157,Magical Treehouse
15367,66969,Zagłada Atlantydy
15368,21412,Take Your Pick
15369,130841,Stratego Card Game
15370,3815,"World War II: European Theater of Operations, 1939-45"
15371,173673,Legendary Showdown: Machines & Magic
15372,73245,Arnhem: The Farthest Bridge
15373,267989,Tempus Imperium
15374,265219,Chicken Time Warp
15375,39451,Schätzen Sie mal! Mord & Totschlag
15376,108711,The Mystery of the Templars
15377,56759,Tricky Trek
15378,4455,"The Great Invasion: The Gettysburg Campaign June 24 – July 3, 1863"
15379,42336,Ultimate Tic-Tac-Toe
15380,143588,Codename: Oracle
15381,253568,Kings' Struggle
15382,9204,Cherkassy Pocket: Encirclement at Korsun
15383,2584,Code Name: Sector
15384,140244,Chains to Champions
15385,190330,In Your Head
15386,5707,Cuckoo Zoo
15387,6698,Shadowrun Duels
15388,20710,Tiger of Malaya
15389,957,PanzerZug
15390,3247,Planet Busters
15391,150530,Moteneba.
15392,67499,Schlafmütze
15393,200407,Rummy 17
15394,144874,Trailer Park Boys Board Game
15395,186722,True Messiah
15396,1719,Dark Emperor
15397,7386,Wake Island
15398,39104,Händler auf dem Forum Romanum
15399,17909,PS
15400,302421,SpongeBob SquarePants Fluxx
15401,6832,The Siege of Minas Tirith
15402,12811,Strat-O-Matic College Football
15403,101685,Dead Fellas
15404,14715,Dueling Nobles
15405,19201,Who? What? Where? Jr.
15406,35763,Climb!
15407,215806,IKAN
15408,107834,Montana
15409,156224,Foretold: Rise of a God
15410,14377,Windschatten
15411,2299,Lords of the Renaissance
15412,166333,Primiera
15413,33870,Quest Master
15414,187205,Randomise
15415,99227,Rallytaire
15416,148668,Turbo Rally Card Racing
15417,1866,Brainstorm
15418,29291,Tako Judo
15419,4273,Temple of the Beastmen
15420,256526,Zaar
15421,101872,"Win, Don't Lose"
15422,33414,Ghost Hunters
15423,165587,DOG Cards
15424,25924,Trivial Pursuit: Genus Edicion II (Spain)
15425,277410,Magazynier
15426,41326,Curious George: Discovery Beach Game
15427,9861,France 1940
15428,47158,Elemental Clash: The Basic Set
15429,154682,Gib Gas!
15430,229955,Nutz!
15431,57409,Shashki
15432,6879,Super Rack-O
15433,314413,Fluxx
15434,31159,Piratatak
15435,9033,The Marcher Lords: The Norman Conquest of Wales
15436,151640,Iron & Ale
15437,173669,Backstab Card Game
15438,29879,Blood & Sand
15439,16608,Jewels in the Attic
15440,180565,Die geheimnisvolle Drachenhöhle
15441,162070,Populi Turolii
15442,4675,"Knights of Justice: The Siege of Malta, 1565"
15443,223149,Village of Horror
15444,158760,Quack a-doodle Moo!
15445,3499,3-D Chess
15446,98197,Labyrinth: The Paths of Destiny
15447,73233,Golan: The Last Syrian Offensive
15448,4979,Blood Berets
15449,237630,Cortex Challenge 2: Kids
15450,1019,Le Gang des Traction-Avant
15451,7181,Myths and Legends
15452,211882,Beyond the Gates of Antares: The Dice Game
15453,163144,Scheffeln
15454,73241,Bastogne: A Desperate Defense
15455,47475,Ex illis
15456,23270,Paddle Pool
15457,25069,Med andra ord
15458,8744,"Okinawa: The Last Battle, April 1945"
15459,184861,Hawken: Real-Time Card Game – Scout vs. Grenadier
15460,268377,11:59
15461,31604,"Civil War in the Far West: The New Mexico Campaign, 1862"
15462,12018,1st Alamein
15463,7557,Battlegame Book 1: The Wild West
15464,175468,Foe Hunters
15465,236480,NOVA
15466,32688,Scene It? Movie Second Edition
15467,24083,Desert Bazaar
15468,215259,The Sock Game
15469,87876,The Card Game of Oz
15470,113456,POWER
15471,172558,Crashland
15472,242523,Dolly Crush
15473,1622,Strata 5
15474,149332,Trivial Pursuit: World of Warcraft
15475,325830,Don't Talk to Strangers
15476,76442,Those Pesky Humans!
15477,80833,Michigan Rummy
15478,274296,Wordsmith
15479,113324,Dungeon Delver
15480,186141,Tong
15481,7981,Paradux
15482,8382,Light Division
15483,144310,Artifact
15484,18765,Shabadabada
15485,143070,Even Steven's Odd
15486,91313,Ataxx
15487,4177,ShowBiz Shuffle
15488,161881,Fin Finaud questionne tout
15489,124760,Famous First Downs: The World's Smallest Football Game
15490,140179,De Poorters van Nieuwstad
15491,179304,Fisticuffs!
15492,157673,Pints of Blood
15493,253819,Monopoly: Deadpool
15494,168436,Pièces MontéeS
15495,32025,Einfach Genial Knobelspass
15496,226529,Bitten: A Game of Survival
15497,200825,Glyph
15498,2149,Renfield
15499,286891,The Last Station
15500,124264,Zombies at Your Heels
15501,138206,How Many?
15502,7336,Trivial Pursuit: The Lord of the Rings Movie Trilogy Collector's Edition
15503,25477,"Fredericksburg: The Union Repulsed, Dec. 13, 1862"
15504,17836,Warhammer English Civil War
15505,268408,Robin Hood: Hero of the People
15506,216740,Czas Zaorać Socjalizm
15507,157838,Roll For It! Express
15508,146728,Badass Zombie Killers
15509,4213,Mao
15510,112840,Mine Shift
15511,41587,Эрудит
15512,112210,Metro 2033
15513,298376,MEOW
15514,76481,Persian Incursion
15515,254029,Grand Dog Park
15516,61383,VerTIPPT nochmal!
15517,1365,Olix
15518,19630,Bone Wars: The Game of Ruthless Paleontology
15519,217680,Mexican Standoff
15520,221298,NewSpeak
15521,132261,Cosmic Empires
15522,8134,History of War
15523,2680,Stock Ticker
15524,6040,Desert Storm: The Mother of All Battles
15525,2111,Nix für Ungut!
15526,70488,GloBall
15527,58696,Bugs
15528,235249,Alchemistry
15529,243698,Djinn
15530,2756,Alien Contact: Extraterrestrial Empires in Conflict
15531,5902,Man-Eater!
15532,6130,Wohrom: Swords and Magic Against Evil Forces
15533,150422,"Bloody Ridge: Guadalcanal, 12-14 September 1942"
15534,257955,3x8
15535,153213,Livestock Uprising
15536,11124,Operation Sea Lion
15537,176887,Perspective
15538,7026,"Grunt: Tactical Combat in Vietnam, 1965"
15539,231331,Tilting at Windmills
15540,16389,Undercut
15541,173292,Cup-A-Cup
15542,242649,War Vikings
15543,280202,Social Train
15544,3435,Zwergen Ziehen
15545,219564,Final War
15546,3552,Infinity
15547,229131,Terra Shifter
15548,286831,Panic Diner
15549,203760,Estado de Sitio
15550,9496,Burma
15551,202896,Package!?
15552,230065,Ink Monsters
15553,256399,Game to Pick a Game: The Gateway Edition
15554,217268,Wyścig Odkrywców
15555,5519,Air Charter
15556,143841,Saalfeld: Prelude to Jena – 10 October 1806
15557,11562,Crimean War
15558,4434,The Poll Game
15559,261112,Predator: Partida de Caza
15560,26956,Cranium Super Showdown
15561,192352,Super-Vampire
15562,20953,Piratissimo
15563,178038,Think It Up!
15564,10256,Thirty Years War: the Great War 1618-1648
15565,323118,Crack the Code
15566,224122,AVES
15567,198142,TMNT HeroClix: Mouser Mayhem Starter Set
15568,9133,When Dragons Fight
15569,4740,"Run Silent, Run Deep"
15570,46957,Square Shooters
15571,313539,Something Wild! Villains
15572,269175,Wooly Whammoth
15573,210935,10 Dwarves
15574,7081,Portable Adventures: Lair of the Rat-King
15575,155113,Ark of Animals
15576,321711,My Very First Games: Rhino Hero Junior
15577,31557,The Egyptian Campaign
15578,1993,Troke
15579,94596,Geistermühle
15580,129315,Cactus Air Force: Air War Over the Solomons
15581,4245,Asteroid Zero-Four
15582,216301,Scotland Yard: Das Kartenspiel
15583,11027,Reich: The Iron Dream of German Unification
15584,172509,Asterix & Obelix: Das große Abenteuer
15585,251593,From Batavia
15586,8132,Winter Fury: The Battle of Tolvajärvi 1939
15587,208661,Legends of Labyrinth
15588,4580,Who Is Going to Do the Dishes?
15589,64520,Gongor Whist
15590,5724,The Great Patriotic War: Nazi Germany vs. the Soviet Union
15591,8746,"Bloody Ridge: Turning Point on Guadalcanal, September 1942"
15592,193328,Blanc-Manger Coco
15593,3664,Grand Mastermind
15594,4537,Baston
15595,66277,Sync Up!
15596,22614,Petróleo
15597,11195,Karottenklau
15598,4272,Punk sucht Lady
15599,22594,Universal Fighting System: Soul Calibur III
15600,587,Sumera
15601,21012,Pentago XL
15602,9784,Cold Days in Hell
15603,14474,The Final Frontier
15604,26446,LovePigs (Porcellini)
15605,273,Africa 1880
15606,166071,Combate de San Lorenzo
15607,94363,Vizia
15608,11689,Noble Armada
15609,21849,UNO H2O Splash
15610,205495,1001
15611,4281,Freeloader
15612,165095,Pirate Loot: Base Set
15613,29489,Tai Chi Chuan
15614,314893,Fox Matters
15615,2597,Jurassic Park III: Island Survival Game
15616,171862,Vikings: The Board Game
15617,167718,Escola de Dragões
15618,83199,Mille Grazie
15619,156113,Grim End Manor
15620,12059,"The Ottomans: Rise of the Turkish Empire, 1453-1571"
15621,38826,San Juan Hill: The Santiago Campaign 1898
15622,89611,Digger
15623,5994,Tsushima
15624,3746,Star Trek Trivia Game
15625,248157,Deadpool vs The World
15626,39834,Glenn's Gallery
15627,105004,Sarena
15628,140097,Imagem & Ação: No Limite
15629,286236,Poisons
15630,122867,Four Taverns
15631,179561,Black Stories: Das Verhör
15632,4082,Can't Stop the Turtles
15633,3325,Chartbuster
15634,262164,Mob Sitters
15635,235293,Apocalypse Z: The Board Game
15636,3305,Anticipation
15637,15334,Sag's mit Symbolen
15638,286714,Division: Throne Room
15639,88011,AstroNuts
15640,10472,The East is Red: The Sino Soviet War
15641,24826,Zatre: Das Kartenspiel
15642,257076,Vollpfosten
15643,11149,It from the Pit
15644,136415,Alles Käse!
15645,233994,Sunken Sailor
15646,15196,Flunkern
15647,290131,Cleocatra
15648,330555,5 Minuten Puzzle
15649,147931,End of Atlantis: Revised Edition
15650,117885,Chef Cuckoo!
15651,198984,Oligarchy: A Dystopian card game
15652,75783,Draco
15653,341009,Armonia
15654,266525,Yoz
15655,158851,Play Me: Alice in Wonderdice
15656,166556,Aqua Brunch
15657,32969,Innsmouth Escape
15658,37,Dragon Masters
15659,1132,Top Secret
15660,300088,"Knock, Knock! Dungeon!"
15661,4892,Dragon Strike
15662,118326,Vignobles
15663,38331,Fiese Kühe
15664,882,Derby
15665,3557,Steppe
15666,35901,Verfühlt nochmal!
15667,88900,Yaniv
15668,10326,Woods & Water
15669,8405,Hamburger Hill
15670,9343,Stapelei
15671,9189,"Rostov: The First Soviet Counter-Attack, 1941"
15672,169465,Shinobi: El Juego del Asesino
15673,36538,Dracula: El Vampiro del Castillo
15674,2532,New York
15675,135598,Pub Trivia
15676,13767,Scene It? 007
15677,7948,"Dark Ages: Tactical Warfare, 500-1300"
15678,131895,Holyland: Full Spectrum Warfare in the Middle East
15679,13017,Animal Olympics
15680,239982,The Enigma Box
15681,167579,Hawaiki
15682,218632,Grumpf
15683,6988,Nile
15684,20645,Tenakee
15685,529,Charlemagne
15686,147892,Councils & Contracts
15687,3249,Rescue from the Hive
15688,244460,Invisible
15689,139374,DTC
15690,26560,Asalto al Banco de Inglaterra
15691,5224,Vitoria 1813
15692,31380,Modern Society
15693,129224,HERO versus GUARDIAN: A Game of Dungeon Craft
15694,1173,Millionenspiel
15695,237831,Seimi in the Super Crazy World
15696,161887,Amber Route
15697,8756,Eastern Front Solitaire
15698,104814,Magic ABC Duel
15699,168220,"Deal, Gentlemen Collectionneurs"
15700,219312,MINDJOB
15701,6810,Star Wars: The Interactive Video Board Game
15702,201345,Kerosene
15703,233206,Werebeasts
15704,218854,Invisible Ink
15705,19039,Fullmetal Alchemist: Trading Card Game
15706,10753,Ações Exame
15707,202776,Imps: Devilish Duels
15708,2599,Valkenburg Castle
15709,20642,CubiCup
15710,123514,Tweegles
15711,32428,Rugby World
15712,38949,Córdoba
15713,162120,Schraube Locker
15714,8741,Indo-Pakistani Wars
15715,6053,Little Big Horn
15716,2209,Klondike
15717,4570,Wordsters
15718,94633,Conquest Tactics
15719,244269,Wizardz Bluff
15720,848,Tip Tap
15721,152761,Aztack
15722,193695,Let Them Eat Cake
15723,265571,Monopoly: Game of Thrones
15724,1884,Fireside Football
15725,212610,Munchkin Wonderland
15726,76085,Unauthorized Production
15727,209642,Sherlock Holmes and Moriarty's Web
15728,277424,Narwhal Free for All
15729,118001,Kleine Fotosafari
15730,284417,Mister Rogers' Neighborhood Game
15731,14196,Ocean Trader
15732,2098,Heresy
15733,6774,High Ground
15734,40171,Peeper
15735,10855,Le Paresseux
15736,38263,Sushi Bar
15737,65333,Das Magische Labyrinth Kartenspiel
15738,30081,Salvo!
15739,33359,Weilong
15740,115944,another damn Civilization game
15741,4285,Chattanooga
15742,10348,Second Front Now!
15743,1700,Outpost Gamma
15744,8816,Frenzy
15745,182540,Robots & Rockets
15746,245401,The Veil
15747,160420,Catalogue
15748,23081,HeroCard Cyberspace
15749,157291,Alpaca Pakapaka
15750,329230,Bluffaneer: Dice Game
15751,5860,Descent on Crete: May 1941
15752,28109,Malaya: V-Mail Postcard Game #1
15753,19361,Casablanca
15754,37059,Charioteer
15755,7491,Princess
15756,153811,Wu Wei: Journey of the Changing Path
15757,300007,Showdown Tactics
15758,231019,Competition Kitchen
15759,272803,Monopoly Gamer: Overwatch Collector's Edition
15760,34218,Slush Fund
15761,210350,Contária
15762,148117,All Hands on Deck!
15763,33803,Octego
15764,1355,Willy Waschbär
15765,218459,Think 'n Sync: The Great Minds Think Alike Game
15766,2634,Quo Vadis
15767,198886,Warage: Extended Edition
15768,3293,König Artus Tafelrunde
15769,2296,Bermuda Triangle
15770,306029,Dark Force Incursion
15771,317722,Mythalix
15772,33024,Mapominoes: Europe
15773,17285,Alfredo's Food Fight
15774,4479,Ratrace
15775,268901,"Objective Nuremberg: 7 Days to the Rhine, Volume 1"
15776,65796,Big Pirate
15777,41529,Creepers
15778,227599,Brew Dice
15779,112811,Search for Gnomes
15780,25470,Summertime
15781,87288,Cinco
15782,139660,Tasnia
15783,182193,Stealing Mona Lisa
15784,25665,Red Russia
15785,206087,Garden Gnomes: Violent Vendetta
15786,15311,Halli Galli Extreme
15787,5502,Yu-Gi-Oh! Dungeon Dice Monsters
15788,191364,Twilight Squabble
15789,186905,Monopoly: Pokémon Kanto Edition
15790,207911,Trivial Pursuit: 2000s
15791,9379,Escalado
15792,3543,Spider-Man
15793,247488,King of Con
15794,5210,Scarab
15795,259638,10 Latidos
15796,19046,Ruckus
15797,252373,Azimuth: Ride The Winds
15798,323367,Outsmarted!
15800,251137,Vietnam: Rumor of War
15801,218988,Debtzilla
15802,175274,Labyrinth: The Paths of Destiny (Second Edition)
15803,300008,Fish Club
15804,4579,Pirates des Caraïbes
15805,188292,Ten
15806,322705,Hórreos
15807,22205,Trapture
15808,8755,Destruction of Army Group Center: The Soviet Summer Offensive
15809,1065,Vigo
15810,198634,Möbi
15811,129988,Over/Under
15812,192017,Trivial Pursuit: The Big Bang Theory Edition
15813,121787,RYŪ
15814,41354,Sueca
15815,2863,The Great Downhill Ski Game
15816,15407,TATATA!
15817,43080,Miksi juuri Mäntsälä...?
15818,194438,SixStix
15819,150033,Sheepzzz
15820,121295,Coven
15821,73759,Kemomimi Panic
15822,30583,Black Ice
15823,105280,Können Schweine fliegen? Mitbring-Spiel
15824,269564,Captain Marvel: Secret Skrulls
15825,4295,Murfreesboro: A Game of the Battle of Stones River
15826,280378,Fluxx: Rick and Morty
15827,244150,Arbra Kadabra
15828,255335,Shit Happens: Too Shitty for Work
15829,26920,Turkish Checkers
15830,4853,Tripoley
15831,42311,My First BrainBox
15832,36993,COLORS
15833,124199,Raid sur Bruneval 1942
15834,136032,A Thunder Upon the Land: The Battles of Narva and Poltava
15835,25795,Hexago Continuo
15836,2428,Battle-Cry
15837,109005,Jagdfieber
15838,153820,Spot it! Freeze
15839,126771,Moo's Code
15840,259727,Owly Tribe
15841,166300,Twistocity
15842,236114,Hida-furukawa
15843,176651,Cantankerous Cats
15844,250870,Formosa Flowers
15845,276622,Borderlands: Tiny Tina's Robot Tea Party
15846,42352,Morgan's a' Comin'!
15847,7947,Lucky Catch
15848,21488,Petteia
15849,9512,"Chancellorsville: Pinnacle of Victory, April 30 - May 5, 1863"
15850,117862,Step by Step
15851,40774,Lucky Sock Dip: The Card Game
15852,5875,Last Battle: Twilight – 2000
15853,85948,Scho K.O.
15854,40416,Martians!!!
15855,16830,Over the Top! Lemberg 1914 & Verdun 1916
15856,88296,BOLSA: the board game
15857,143520,Monster Mansion
15858,60579,Poo: The Card Game
15859,18590,RPGQuest
15860,25104,Absolut överens
15861,66537,Kakuzu
15862,176523,Zombie Sheep
15863,223892,Jeopardy! Card Game
15864,334543,Rolling Dice
15865,145872,Vici
15867,10898,Tricky Fingers
15868,1616,Remember the Alamo!
15869,276264,Dominate Grail War: Fate/Stay night on Board Game
15870,184266,Wongamania: Banana Economy
15871,168654,Stier zoekt Bier
15872,205884,Schwupps
15873,84247,Âge de Bronze
15874,212668,Drawing Dead
15875,17577,Granny Apples
15876,195623,Politricks: Dirty Card Game
15877,286659,Voll verasselt
15878,20810,Jenga Ultimate
15879,217838,Babylon Tower Builders
15880,3423,Equations
15881,26067,Kropki
15882,23777,Pieces of Eight
15883,85999,Black Stories Stadt-Land-Tod
15884,15164,Rag'narok
15885,230890,Animal upon Animal: Memory Stacking
15886,193029,Tiffin
15887,2833,Wanted!
15888,8330,Rapid Deployment Force (RDF)
15889,180570,Undercover
15890,32410,Papillons
15891,85474,Verona
15892,8457,Condottieri: The Battle of Castagnaro
15893,7145,"Catz, Ratz and Batz"
15894,1146,Shadowlord!
15895,12062,Pro Draft
15896,109936,Fliegende Teppiche
15897,201305,Running with the Bulls
15898,26293,Kreta 1941
15899,93134,Einfach tierisch
15900,183346,My Very First Games: Little Garden
15901,231620,Food Chain
15902,3159,Zahltag
15903,14102,Toss Up!
15904,23402,Die unendliche Geschichte
15905,246822,Partners+
15906,19417,Third World Debt
15907,305498,Tomorrow Dies Today
15908,19442,Tally-Ho
15909,19414,H2Olland
15910,146204,Ruckus: The Goblin Army Game
15911,1960,Last Word
15912,31358,Cranium Triple Triumph
15913,180238,RevoltaaA
15914,132406,Shadow of the Sun
15915,28258,Ubongo Mini
15916,137332,That's It!
15917,4139,Rommel's Panzers
15918,67695,Nab-It!
15919,217230,The Walking Pet
15920,1861,Dragonfire
15921,792,Megiddo
15922,164187,The Battle of Bushy Run
15923,1599,StarGate
15924,13654,Yut Nori
15925,201973,Trivial Pursuit: Star Trek 50th Anniversary Edition
15926,23891,Die Kullerbande
15927,42257,Battle Spirits: Trading Card Game
15928,25013,Fagin's Gang
15929,135107,Paradise Fallen: The Card Game
15930,220198,BOLD
15931,8364,Assault on Leningrad
15932,11547,Carambouille
15933,40961,Topas
15934,153372,NichtLustig: Fäkalini
15935,7680,The Match Game
15936,155836,Hollywood Game Night Party Game
15937,131200,Quarantine Z
15938,2676,Demo Derby: Saturday Night at the Track
15939,14471,The Terminator: CCG
15940,200115,Rollers
15941,178177,Orkensturm
15942,192235,Difference Junior
15943,213260,Zoar
15944,41860,Kangaroo
15945,6003,Donau Front
15946,6124,Waterloo: The Last Great Battle
15947,7712,Cluedo  Passport to Murder
15948,16826,Barbarossa Solitaire
15949,68743,Jin Li
15950,183874,Balloon Challenge
15951,148049,Heroes of the Three Kingdoms
15952,173800,Adorable Pandaring
15953,182168,F**k. The game
15954,104351,Raphia
15955,40198,Oktoberfest
15956,102145,Defeat Into Victory: The Final Campaigns in Burma
15957,26386,RPGQuest: Oriental Adventures
15958,269072,Feelinks Revelations
15959,38747,Accused! Getting Away With Murder?
15960,194820,Mission to Mars 2049
15961,70922,Vicious Fishes
15962,165926,Calçotada Wars
15963,6660,Cubus
15964,1750,Knots
15965,83378,King Maker
15966,38868,Zanziar
15967,7080,Portable Adventures: 8th Grade
15968,157014,ESSEN
15969,27857,Blindside
15970,11407,Matching Madness
15971,9844,Batailles pour le Canada
15972,5460,The Deck of Dice
15973,92499,Djam
15974,5411,Die Schatzinsel
15975,19671,Battlestar Galactica Collectible Card Game
15976,231587,Hockey on Cards
15977,285712,Tan-tan Caravan
15978,5786,Star Trek: The Enterprise 4 Encounter
15979,3885,Gold Digger
15980,415,Espresso
15981,2839,Fair Play
15982,191216,Gob'z'Heroes
15983,140702,Cat Hiding
15984,5059,Gazala: The Clash of Armor
15985,69602,Phase 10: Das Brettspiel
15986,253705,Plucky Penguins
15987,313085,Sleep Tight
15988,168446,Doggy GO!
15989,153432,Blöder Sack
15990,2051,Pico
15991,104858,Rock Science
15992,24069,Jogo dos Conquistadores
15993,254227,Crazy Eggz
15994,1133,Organized Crime
15995,24794,Line Up!
15996,313540,Something Wild! Tim Burton's The Nightmare Before Christmas
15997,183197,Serengeti: A Race For Life
15998,55828,"Mees, kes teadis ussisõnu"
15999,287692,Kippelino
16000,107604,Privacy No Limit
16001,232385,Rat Trap
16002,2763,Touché
16003,33157,Aviation Tycoon
16004,72751,Fleeting Foxes
16005,4239,Korea: The Mobile War 1950-51
16006,3924,Smart Mouth
16007,6119,Laser Attack
16008,29020,Party & Co: Extreme
16009,274206,ESCAPE Dysturbia: Falsches Spiel im Casino
16010,70262,Long Live The Revolution!
16011,1385,Aber Hallo!
16012,2503,Godsfire
16013,93575,Double Double Dominoes
16014,32016,Gumball Rally
16015,6610,Spinergy
16016,218165,La Macarena
16017,257081,My Hero Academia: The Card Game
16018,209836,Wild West Shepherds
16019,3634,Iberos
16020,3468,Panzer Pranks
16021,176884,Reign: The Card Game
16022,13830,Metallurgie
16023,283363,What Came First?
16024,70376,Super Comics
16025,175263,4 the Birds
16026,109044,Spline+
16027,244531,Flicky Spaceships
16028,208807,Rainbow Rage
16029,231273,TerrorEyes
16030,24267,Hatu Matu: Chief of Easter Island
16031,229319,Human Interface: Be a Better Human
16032,193031,Coal Country
16033,93044,Tohuwabohu
16034,11680,Agora
16035,11790,Leapin' Lily Pads
16036,141920,Supremacy 2020
16037,97990,UNO Roboto
16038,208800,Ceres: Operation Stolen Base
16039,13357,Like Minds
16040,209812,Calabozo: La aventura de los anillos
16041,221208,MBL Pocket Pro Tour
16042,139963,FrogFlip
16043,205776,Gentleman's Deal
16044,2937,Diceland
16045,236903,Snollygoster
16046,199689,Tavern's Tales
16047,2730,Quadwrangle
16048,146161,Arche Noah
16049,179320,High Command Rapid Engagement
16050,14117,Soldier Raj
16051,12291,Animal Party
16052,29258,El Último Puente
16053,136246,Feuer & Flamme
16054,7140,Sink the Bismarck!
16055,33723,LeCardo
16056,237082,Verdammt Nochmal
16057,156962,Shazam
16058,40657,Funny Business
16059,164010,Moriarty's Machinations
16060,64426,Zug
16061,99881,Triominos Gold
16062,253861,Black Skull Island
16063,13388,The Moscow Option: Guderian's Gambit
16064,4392,Dragonstar Rising
16065,9845,Verdun 1916
16066,2958,Let's Buy Hollywood
16067,200527,Moogh
16068,204138,Women vs. Men Alias
16069,781,Tabloid Teasers
16070,22299,Marlborough: War of the Spanish Succession
16071,11446,La Ruta del Tesoro
16072,7920,Snowstorm
16073,18788,Take Your Daughter to the Slaughter
16074,36523,Castellers
16075,35256,Caledea: The Epic Strategy Game
16076,3049,Blood on the Tigris
16077,227196,Marauders of the Great Wastelands
16078,25204,UNO: Cars
16079,42066,Hotel Amsterdam
16080,19432,Hexagonal Chess
16081,236479,Alex Colt: Cadete Espacial
16082,145209,404: Law Not Found
16083,9277,Leuthen 1757
16084,90092,Bezzerwizzer Entertainment
16085,159502,Island Dice
16086,275703,Phone Bomb
16087,29352,Lupusburg
16088,2609,Das Störrische Muli
16089,40001,Mars
16090,130520,Kumbu: Dubbelzijdig Kaartspel
16091,876,Tennis Masters
16092,124761,Famous Fairways: The World's Smallest Golf Game
16093,174404,Robot X
16094,13829,Garten-Zwerge e.V.
16095,2195,Globbo!
16096,279996,Sumo Gnomes
16097,5515,Grand Master
16098,234166,Gobblin' Goblins
16099,261449,Sugar Blast
16100,31858,Geominos
16101,26244,Candy
16102,33964,Shokoba
16103,142653,IncrediBrawl
16104,232510,Timberman
16105,275085,Maiko
16106,144417,Der Hobbit: Smaugs Einöde
16107,288062,Kakerlaken Sushi
16108,255,Jena-Auerstadt: The Battle for Prussia
16109,144631,Futterneid
16110,290565,Hasty Baker
16111,20414,RPGQuest: Greek Mythology
16112,168457,HexAgony
16113,216695,Blindes Huhn extrem
16114,4516,Ragnarok: The Twilight of the Gods
16115,119525,Antartik
16116,256915,Dice & Dragons
16117,265286,War of the Three Kingdoms
16118,15139,Rapidcroco
16119,271762,Oh My Gold!
16120,136283,Memento
16121,8892,IGOR: The Mad Scientist's Lament
16122,2260,Blood and Iron
16123,13378,Mukden: Climax of the Russo-Japanese War
16124,247324,Atlandice
16125,260901,Kakerlacula
16126,175418,Aura
16127,257725,Bingolino
16128,6221,Caper
16129,7063,Double Star
16130,32946,Fluffy Bunny Tea Party
16131,1274,Cue Me!
16132,1007,Die Hanse
16133,10471,"The Franco-Prussian War: August 1 to September 2, 1870"
16134,8740,Imperium Romanum: The Clash of Legions
16135,62344,Tomb Raider: Underworld
16136,21861,Three Musketeers
16137,136523,Full Moon
16138,116849,Rimtik
16139,166,Black Death
16140,194094,Verti-Go
16141,215004,The Great Dragon Race
16142,3760,Trinity: Battleground
16143,31335,Jantaris
16144,10171,RisiKo! Master
16145,1581,London Cabbie Game
16146,11888,Bataille de la Marne 1914
16147,25758,Trüffel-Schnüffel
16148,136566,BodgerMania
16149,122069,Land of Enin
16150,188204,De 7 geitjes
16151,3059,Rebound
16152,4246,Checkpoint Omega
16153,233951,Vilar de Mouros
16154,140940,In the City: Origins
16155,257411,This Game Goes to Eleven
16156,19877,Beetlez
16157,6759,Dispatcher
16158,217671,Mag-O-Mag
16159,2131,Wildstorms
16160,252165,Role Quest
16161,10842,Insel der Schmuggler
16162,194974,DAWAK
16163,166443,Sing it!
16164,259554,Spoilers: Popcorn Edition
16165,170608,People-Person!
16166,4799,Dicemaster: Cities of Doom
16167,209649,Aurimentic
16168,7102,City of Sorcerers
16169,159570,SOS: Sheep in Trouble
16170,8262,Mücke mit Tücke
16171,247860,Fleecing Olympus
16172,5221,Quantum
16173,34009,Loopit
16174,31453,"Holy Roman Empire: Wars of the Reformation, 1524-38"
16175,8360,Lost Battles: Operational Combat in Russia
16176,40083,Cluedo Chocolate Edition
16177,173344,Booze Barons
16178,24373,Bumper Car Arena
16179,142043,Stack & Attack
16180,168535,Mops Royal
16181,91394,Ring-A-Ding-Ding
16182,26918,"Flintlock: Black Powder, Cold Steel -  Volume I: Carolina Rebels"
16183,237415,Espinas
16184,72622,Rattenkrieg: Assault on the Tracktor Factory
16185,207719,Hop le j'ton
16186,204410,Kamozza (貨モッツァ)
16187,327549,Sweetlandia
16188,25476,Hooker and Lee: The Battle of Chancellorsville
16189,1343,Mad Monks and Relics
16190,32004,Chaos
16191,179600,Fantasy Fantasy Baseball
16192,7232,Initial D
16193,141679,PicWits!
16194,4843,Give Me Liberty
16195,8652,The Haunted Clock Tower
16196,73251,Leipzig: Napoleon Encircled
16197,209893,"Go, Go Little Penguin"
16198,178933,Compact Bowling
16199,1091,Explosiv
16200,4298,Beachhead: A Game of Island Invasions in the South Pacific
16201,217863,Unauthorized
16202,295687,"Trust Me, I'm a Doctor"
16203,141107,Anno Domini: Avvenimenti bizzarri
16204,2645,Prize Property
16205,37401,Scrabble: Chocolate Edition
16206,233048,Zoomaka
16207,270501,Kawaii
16208,178028,Sort it Out!
16209,236459,Wulong
16210,286001,Dwar7s Duel
16211,4329,Drake & Drake
16212,25991,Manila '45: Stalingrad of the Pacific
16213,17962,Cranium Bumparena
16214,224937,Status Report!
16215,215065,75 Gnom' Street
16216,203170,Unlocked: The Mansion of Mana
16217,2731,Upthrust
16218,137331,Terzetto
16219,35163,Swashbuckled!
16220,59308,Volldampf voraus!
16221,20192,Meikyu Kingdom Card Game: Make You Conquest
16222,131304,Circus Grandioso
16223,199007,Adventure Time Card Wars: Doubles Tournament
16224,16970,Fanhunter Batallitas
16225,27388,Hop to It!
16226,109718,Hunting Party
16227,4445,Delphi
16228,495,Time Pirates
16229,219666,Ciudad de Cartón
16230,69356,Kalua
16231,110160,Old Men of the Forest
16232,170676,Nosocomio
16233,8365,Napoleon at Lutzen
16234,151334,Overlords: The Card Game
16235,29741,Banqi
16236,180340,Sirenen in Sicht
16237,76447,Five Fingered Severance
16238,10820,Master
16239,168055,Roots: A Game of Inventing Words
16240,178487,Bountytown
16241,202303,Western Front
16242,2372,Gazza! The Game
16243,219410,Wild Shots
16244,127947,Eagles & Missiles
16245,298477,Tellstones: King's Gambit
16246,8001,"Tahiti:  Clan Warfare, Polynesia 750 AD"
16247,209667,Golden Snitch: Snitch Snatcher – The Quidditch Game
16248,5134,Peg Poker
16249,245503,Abra Kazam!
16250,109456,Nova Cry
16251,1945,Ultimatum
16252,43295,Distrito 21
16253,277061,Dino Duel
16254,10463,Quick Chess
16255,1336,Eden
16256,32784,Russian Bank
16257,159410,Alpha Bandits
16258,103638,The Bridge to Treasure Cave
16259,251136,GiriGiri Curry
16260,11899,Le Docte Rat
16261,50356,The Bugman's Game
16262,192730,Baba Yaga
16263,12372,Shakespeare: The Bard Game
16264,5338,Ocean
16265,64430,Niche
16266,147673,Squashed
16267,20851,WrestAngel
16268,61902,Disney Apples to Apples
16269,264410,Dinos Not Assembled
16270,40609,Az Ezüst-tó kincse
16271,7143,Crossbows and Cannon
16272,86587,Monster auf der Flucht
16273,129465,Black Stories 8
16274,4851,Civil War Game 1863
16275,23596,WaveLength
16276,142859,The Offensive Band Name Generator
16277,34065,Scrabble Me
16278,1956,Game of Dracula
16279,201458,Band Manager: The Boardgame
16280,55492,MegaCorps
16281,251444,Penny Rails
16282,182736,Swords & Sails
16283,455,Am Fuß des Kilimandscharo
16284,180208,Witkacy
16285,172980,Double Mission: Beyond the Object
16286,6342,Switchboard
16287,192032,Aljubarrota: The Royal Battle
16288,31070,Horse Fair Card Game
16289,24189,Pustekuchen
16290,141087,Agora
16291,3046,"Red Sun/Red Star: The Nomonhan Campaign, 1939"
16292,284111,Drinks & Daggers
16293,21219,Red Hot Silly Dragon
16294,3527,Iliad: The Most Renowned War Legend
16295,1996,Face Off
16296,180147,Clue: Doctor Who
16297,41021,Tangram Master
16298,231,Geronimo
16299,18584,BauSquitMiao
16300,36373,The Truckers
16301,146388,Ender's Game: Battle School
16302,191205,The Ants Go Marching
16303,145765,Cucco 21
16304,3540,Tic Tac Chec
16305,181615,Nitro Glyxerol
16306,30010,Ninja Sen So
16307,8476,Le Saghe di Conquest
16308,104633,Castelli
16309,258752,Bitcoin Hackers
16310,65242,"Shiloh: Bloody April, 1862"
16311,14142,Das Prestel Nasenspiel
16312,10095,Pogo
16313,5185,Field Marshal
16314,11136,End of Empire: The French and Indian War and the American Revolution
16315,189919,Doctor Who: The Card Game – Classic Doctor Edition
16316,149112,Kill Shakespeare
16317,9076,Say When!
16318,67609,Way of the Dragon
16319,9569,The Last Starfighter Combat Game
16320,873,Offline
16321,4410,Barn Buzzin' Goofy
16322,234977,Capo della Mafia
16323,266744,Rick and Morty: Look Who's Purging Now Card Game
16324,35017,Chaos Isle: Zombi Deck
16325,65575,Hide and Eeek!
16326,4623,"The Fast Carriers: Air-Sea Operations, 1941-77"
16327,149035,Old World New World
16328,5174,Lingua
16329,98978,Take-Back-Toe
16330,6406,Hannibal: The Second Punic War
16331,9248,Taxi!
16332,11177,Cardmaster: Adventure Design Deck
16333,118697,Hand aufs Herz
16334,16802,Mastermind Challenge
16335,101766,Slate
16336,26947,Italian Checkers
16337,185393,El Macanudo
16338,5231,Orcwars
16339,147457,The Great Persuader
16340,3801,When Darkness Comes
16341,2364,Black Monday
16342,137841,Tic Stac Toe
16343,249289,Zogen
16344,22344,Fatal Rendez Vous
16345,5201,Trailblazer
16346,272325,Sprint!
16347,19957,Blitz
16348,159003,Raid & Trade
16349,238915,Dragoon: Heads Will Roll
16350,601,Take Two
16351,316594,Break In: Area 51
16352,285623,Firefly Dance
16353,25461,Pai Gow
16354,2942,Admirals
16355,148434,Gormenghast: The Board Game
16356,9070,Blood Race
16357,12856,Shove Ha'penny
16358,6805,Air Empire
16359,3077,The Game of Real Life
16360,11464,Alquerque
16361,131144,The Perfect Heist
16362,11924,Struggle
16363,155994,Movie Plotz
16364,143250,Villainous Vikings
16365,190015,Cthulhu Tales
16366,151215,Cat & Chocolate: Business Is Business
16367,133104,"Wilk, Koza i Kapusta"
16368,856,"New York, New York"
16369,172642,Dynamite: The Game
16370,3376,The Company War
16371,9319,The Train Game
16372,1727,Summit
16373,245203,Stumblewood
16374,283746,Godzilla Card Game
16375,27,Supremacy: The Game of the Superpowers
16376,148215,Sárkánytojás
16377,227318,Deadly Premonition: The Board Game
16378,2014,Thrill
16379,8863,Horus Heresy (2003)
16380,4861,Cookie Fu
16381,301946,Bivouac
16382,288648,Canosa
16383,8788,Grenadier: Tactical Warfare 1680-1850
16384,43927,Trivial Pursuit: Team
16385,140960,Raccoon Rumpus
16386,27939,Schneller als Kurz
16387,116948,Cartoona
16388,34221,Atoll
16389,3677,Ultimatum: A Game of Nuclear Confrontation
16390,244911,Brainwaves: The Wise Whale
16391,156430,Agents Secrets
16392,51067,Monopoly: The Nightmare Before Christmas
16393,25168,Magellan
16394,131450,DrachenSchatten
16395,4772,Simon de Montfort
16396,8406,Operation Solace
16397,6725,Battleship: Star Wars Advanced Mission
16398,255597,Everyone Loves A Parade
16399,42453,Triviathon
16400,4909,Fun City Game
16401,203818,Akua
16402,93577,Rocket Jockey
16403,2210,The Last Spike
16404,252990,Gift Party
16405,20112,Composio
16406,277565,Ashes to Ashes
16407,104029,Node
16408,221643,Strawberry Ninja
16409,189816,Taco Takeover
16410,243707,Fat Fish
16411,3005,Chess for Three
16412,3989,Remote Possibilities
16413,281680,Beam me up
16414,283124,Kids Against Maturity
16415,8962,The Jewish War
16416,17918,The Transformation Game
16417,10966,Battle Rider
16418,73360,Soft Underbelly: The War in Southern Italy 1943
16419,224454,Numeracy Legends and The Rainbow Unicorn
16420,41844,African Park
16421,3558,Quizzard
16422,111841,Top Promoter
16423,84454,Wer war's?: Löst das Rätsel von Schräghausen!
16424,191473,Speed Dice
16425,192237,Specific
16426,4271,Artifact
16427,128419,Dice of Arkham
16428,2317,Mückenstich
16429,37376,Gem Dealer
16430,235616,Valhal
16431,264654,Possession: A Daemonic Card Game
16432,802,Taipei: China Invades
16433,216330,Irány a Kincses Sziget!
16434,17926,Babel
16435,287304,15 Men
16436,277434,Liski: Ojojanie
16437,2349,Inspector Higgins
16438,17158,Dancing Dragons
16439,202025,Pod-X
16440,166764,Würfel Kung Fu
16441,36649,Aquarium
16442,2690,James Clavell's Shogun
16443,75292,Paying the Peiper
16444,145068,Piwne Imperium
16445,241489,Happy Bunny
16446,4625,Millennium: The Era of Invasion
16447,91513,Princess Magic Fairy
16448,15214,The McDonald's Game
16449,22753,Thing-a-ma-Bots
16450,113360,32 Dice
16451,78647,Lexigo
16452,166927,Crash Cup Karambolage
16453,6005,Korea: The Mobile War
16454,78247,Campos
16455,73367,Yamy
16456,173931,Holy Roman Empire: The Thirty-Years War
16457,168895,Corrupted Kingdoms
16458,178442,Alkemia
16459,235699,Würfelblitz
16460,166510,Magi Kitchen
16461,9246,L'Attaque
16462,31527,Formuła 1
16463,172517,Zmiennicy
16464,225481,Lowdown
16465,10809,Immer oben auf!
16466,18891,Raceway 57
16467,22644,La Guerra Civil Española (1936)
16468,41573,Schweinebammel
16469,4092,wordXchange
16470,8471,Trenchfoot
16471,16727,Play on Wordz
16472,42882,"World War IV: One World, One King"
16473,21040,Waterloo: The Fate of France
16474,224010,Medical Frontier
16475,11187,Advanced Dungeons & Dragons Battlesystem
16476,227221,Click Click Boom
16477,1120,Silver Mine
16478,4611,Haithabu
16479,5019,Buggo
16480,171221,Kniffel Kids
16481,2657,Auweier
16482,270635,World Shapers
16483,8246,Race to the Meuse
16484,125028,Colorpop
16485,33962,Match of the Season
16486,19978,Maunz Maunz
16487,274053,Vintage Racers
16488,3112,And They're Off!
16489,4259,The Trojan War: The Game of Gods & Heroes
16490,7006,Management
16491,254145,Seals
16492,298018,Memorinth
16493,6824,Gold und Rum
16494,120000,Shadow Era
16495,268921,The Goblin King is Angry
16496,11552,French Foreign Legion
16497,30000,Stratego: Transformers
16498,274635,Dual Clash Poker
16499,217827,Battle Yahtzee: Deadpool
16500,141102,DuCo
16501,860,Scotland the Brave
16502,9156,Fette Fünfzehn
16503,124387,Rule the Roost
16504,23695,Robot Face Race
16505,194079,ROX
16506,34342,Sorts
16507,5554,Vampire
16508,126159,Mausgetrixt
16509,234874,Fieber
16510,30838,Les 7 Blasons
16511,4607,Omnigon
16512,197066,Time Management: The Time Management Game
16513,38824,Marlborough's Battles: Ramillies and Malplaquet
16514,167468,Kuh Vadis
16515,293739,EL: The Chicago Transit Adventure
16516,209737,The Fairy Game
16517,1291,Input
16518,10797,Hoorah!
16519,113311,Ghost Pirates
16520,3417,Tribulation
16521,15483,Middle East Battles: Suez '56
16522,24820,High Voltage
16523,91197,Baby Boom
16524,6023,Thunder at Luetzen
16525,313817,Hello Neighbor: The Secret Neighbor Party Game
16526,4268,Razzle
16527,2176,Willi
16528,3174,Titan Strike!
16529,163478,Lunte
16530,12584,Cloak & Dagger
16531,32109,Electronic Catch Phrase: Music Edition
16532,123828,Battleship Movie Edition
16533,176859,MasterIslands
16534,3096,Ascension at Firepeak
16535,5854,Azuma
16536,162223,Mood X
16537,3349,Die Safeknacker
16538,332420,NEXUM: Galaxy
16539,180489,Los Aprendices
16540,178229,Adventure Time: Adventures in the Land of Ooo
16541,165999,Peng!
16542,4789,Trivial Pursuit: Genus III
16543,143200,Jungle Speed: Silver
16544,147824,TF22 Mine
16545,37142,There Must Be a Victory
16546,153980,Fate of the Norns: Gulveig
16547,3793,Pig Pong
16548,160488,Faras
16549,297734,Ganesha
16550,230619,Link: un juego de mesa en 8-bits
16551,67144,Frutti di Mare
16552,157586,Linkage: A DNA Card Game
16553,5118,Deduction
16554,19531,Charoodles
16555,83117,Kings of Mithril
16556,35247,Qubix
16557,8945,Stadium Checkers
16558,14024,Piracy
16559,5348,"Khe Sanh, 1968"
16560,6921,Bloodtree Rebellion: Guerilla Warfare on the Planet Somber
16561,129290,YOU are the Maniac!
16562,1192,Nanuuk!
16563,11413,Squint Junior
16564,7536,Battlegame Book 3: Galactic War
16565,43489,Politix
16567,9420,Hear 'N Seek
16568,3958,Songburst: 70's & 80's Edition
16569,151410,Cross Hares: Testing Ground
16570,76541,NBA All Star: Officially Licensed Board Game
16571,40943,bOOLeO
16572,19802,Martian Backgammon
16573,66416,The Crow and the Pitcher
16574,12823,Harry Potter: Adventures Through Hogwarts Electronic 3-D Game
16575,245376,Yu-ca-tan
16576,99707,Artefakt
16577,136563,Stack Up!
16578,16474,"Geißlein, versteck dich!"
16579,194184,Silly Street
16580,3355,Junk Yard
16581,74309,"The South Seas Campaign, 1942-43"
16582,17748,Tic Tac Doh!
16583,6706,Xerxes
16584,217959,Scrabble: Harry Potter Edition
16585,123085,MafiaDollar
16586,9565,James Bond 007 Assault! Game
16587,18780,El Día Más Largo
16588,151078,Kung Fu
16589,13031,ABC Monday Night Football
16590,65556,Sumo Ham Slam
16591,141980,Alarm!
16592,166248,Release!
16593,113517,Quadefy
16594,4237,"El Alamein: Battles in North Africa, 1942"
16595,223329,Blood Royals
16596,15614,Fantasi
16597,188389,Dragon Master: BGG Convention Promo
16598,4360,Attack in the Ardennes: The Battle of the Bulge
16599,10757,Marco Polo: Dragonda
16600,178937,El Capitan
16601,15958,Sphinx
16602,68606,12 Realms
16603,167466,Zum Kuhkuck
16604,220721,Star Plus
16605,12788,Treasure Island
16606,11498,"Centurion: Tactical Warfare, 100B.C.-600A.D."
16607,3039,Swordquest
16608,269913,Cassiopeia
16609,5797,America's Cup
16610,18563,Scavenger Hunt
16611,252580,Monster Maker 30th Anniversary Remake Edition
16612,85123,Joan of Arc's Victory 1429 AD
16613,18875,Alsace 1945
16614,23285,AirWar: Pacific!
16615,349161,Captains' War
16616,209853,Crazier Eights: Camelot
16617,46800,Tensão Total
16618,195214,Monster Lab Card Game
16619,25001,Fleet 1715
16620,140675,Enchanted Cupcake Party Game
16621,3569,Robin Hood
16622,16499,Architekton
16623,18840,Wissens-Spektrum
16624,27949,Sortie
16625,2127,Overpower
16626,239940,Fishing for Words
16627,49435,Penny Arcade: The Card Game
16628,12222,Ancients: Thapsos & Alexandria
16629,291957,Canal King Brugge
16630,451,Beutelschneider
16631,131496,Attack the Darkness
16632,53,Brauerei
16633,2473,Winkeladvokat
16635,66457,House of Spirits
16636,109017,Launchpad 23
16637,112233,FrankenDie
16638,13745,Puluc
16639,28388,Some Poles Apart: The Battle of the Westerplatte
16640,810,Amoeba
16641,12964,Space Station Assault
16642,6915,1942
16643,131163,Ghost Hunt
16644,20888,Assault on Narvik
16645,5054,War in the Falklands
16646,8008,The Construction Game
16647,2674,Coppertwaddle
16648,207063,Donkey Derby
16649,270077,Charmed and Dangerous: The Sisters Grimm – Base Set
16650,2943,Lepanto
16651,27155,J'te Gage Que...
16652,202566,Fly High
16653,21716,La Guerre de Troie
16654,5295,Tactics (25th Anniversary Edition)
16655,184443,BEARanoia
16656,3276,Skittles
16657,286261,Chrono Corsairs
16658,289720,Igen? És...
16659,192233,Karibou Camp
16660,231042,Sakura Hunt
16661,207987,No Regerts: The Game of Art and Poor Life Choices
16662,31477,Polarity
16663,4393,Elevator Eddie
16664,5779,D-Day
16665,242553,Einhorn Glitzerglück: Funkel-Bingo
16666,114405,Astronauts: The Ultimate Space Game
16667,180339,Roadkill Rivals
16668,277671,RisiKo! Edizione Torneo
16669,140386,Assassin's Creed: Arena
16670,110864,Speedway Champion
16671,12539,Amnesia
16672,42227,rioMino
16673,181089,Raben schubsen
16674,173338,Pollen
16675,249825,GrimmoiR
16676,85472,The Art of Science
16677,150978,Gatenkaas
16678,257964,Lifestyle
16679,27061,Mosquito
16680,132616,Deutschland: Finden Sie Minden? Pocket Edition
16681,304,Evergreen
16682,198269,En tu casa o donde sea
16683,111543,Teneriffa
16684,217322,Caramba
16685,2038,Skirrid
16686,262622,Absolutely Aces
16687,17517,Clue Mysteries
16688,19971,Tuppen
16689,116970,Kokoriko
16690,33086,Biafra!
16691,168174,On the Hunt for Dinos
16692,242550,Wobble King
16693,37694,Street Paintball
16694,35661,Pick a Paint
16695,5030,No Respect: Rodney Dangerfield's Game
16696,92879,Clumsy Witch
16697,256875,Sonic the Hedgehog: Dice Rush
16698,153380,Tangrams Competitive Party Game
16699,145911,Desktopia
16700,4948,Play It By Ear
16701,184900,Ophiuchus: The Thirteenth Constellation
16702,320505,Mattock
16703,164838,Flip Hue
16704,39587,Machi
16705,13623,Who's in the Bag
16706,131448,Höchste Eisenbahn
16707,40388,Dictator. Control
16708,6578,Electronic Dream Phone
16709,11292,Blood & Steel
16710,257598,MacGyver: The Escape Room Game
16711,12496,Over the Top! Mons & The Marne
16712,183777,"Wilson's Creek: Opening Round in the West, 10 August 1861"
16713,259704,Wizard Thieves
16714,23831,Ruck Zuck
16715,2495,Boggle Bowl
16716,310076,Roundforest
16717,992,Alcazar
16718,156358,The Black Rose
16719,25004,Valley of the Pharaohs
16720,275061,Rulebenders
16721,14119,Der Prestel Schlossgarten
16722,153807,Room Party: The Game!
16723,217320,Halli Galli Party
16724,6954,InterUrban
16725,209541,Dead Cat: A Quantum Physics Card Game
16726,144865,Sushi Draft
16727,18945,"Downfall: If the U.S. Invaded Japan, 1945"
16728,281429,Mammalath
16729,11476,The Atlanta Campaign: Bald Hill and Ezra Church
16730,8835,Stars and Bars
16731,208360,Venture Party
16732,1142,Sabotage
16733,40964,Unikato
16734,133886,Keep Running!
16735,114228,Little Circuit
16736,225932,Imperial Storm
16737,66245,Party Alias (Travel)
16738,4303,The Fall of South Vietnam: A Game of Combat in South Vietnam
16739,1790,Rollout: The Game of the Risk-Takers
16740,141681,Troll Hunt
16741,11116,Yarmuk
16742,88704,Oudordodo
16743,32471,Mafia
16744,40417,Der Palast von Eschnapur
16745,80296,Geistertreppe: Das Kartenspiel
16746,3946,Pyramid
16747,153484,Hedbanz Act Up!
16748,230915,Batasaurus
16749,154721,Boxes
16750,1735,Evade
16751,186461,Hunt: The Unknown Quarry
16752,3983,Sabotage
16753,251060,Saint Poker
16754,38141,Bitwy II wojny światowej
16755,7977,Balkan Hell
16756,73252,"Marengo: Morning Defeat, Afternoon Victory"
16757,277892,The Great Escape
16758,11972,Monte Rolla
16759,37680,The Heavens of Olympus
16760,184843,Cultists & Cthulhu
16761,6526,Dragon Lords
16762,6404,Seven Days Battles
16763,15712,Egyptian Ratscrew
16764,173875,Superfight: The Loot Crate Deck
16765,139177,Terrene Odyssey
16766,33782,Bonanza
16767,171430,Do Not Forsake Me (Oh My Darling)
16768,16500,Highland Clans
16769,58861,Pajaggle Boards
16770,9791,¿Pasáran? The Spanish Civil War
16771,1983,Frontier-6
16772,16760,Richthofen
16773,11126,Moscow 1941: The Enemy at the Gates
16774,11235,Golf the Perfect Game
16775,7060,NORAD
16776,34310,Hannibal's War
16777,8388,Napoleon's Later Battles I
16778,216629,Slap It!
16779,128910,Pyramid Raiders
16780,235940,Chill & Chili
16781,131126,Pescado
16782,157364,Feed the Shoggoth!
16783,27408,Dragon Ball Z CCG
16784,3338,Nimm's Leich!
16785,305587,Gierki Małżeńskie: Znamy się
16786,271942,Bathroom Rush
16787,281245,Conflicting Legends (Second Edition)
16788,60872,Rio Grande
16789,7131,Napoleon's First Battles
16790,3198,Hecht im Karpfenteich
16791,2558,Comeback
16792,29317,War: Império Romano
16793,192635,Life Is Life
16794,60210,Korruptivity
16795,8745,"Leyte: Return to the Philippines, October 1944"
16796,10214,The Hundred Years War
16797,6687,Lords Of The Middle Sea
16798,149078,Light Line
16799,16184,Gracias
16800,19498,Kille
16801,900,City
16802,9418,"Eastwall: Battles for the Dnepr, September 1943 - February 1944"
16803,165796,Assel Schlamassel
16804,337932,Taco Bell Party Pack Card Game
16805,137931,Nada!
16806,153509,Out of Mine!
16807,22674,Mława 1939
16808,174057,Kajko i Kokosz: Przygody Wojów
16809,169984,Stowaway 52
16810,244704,Rock the Bock
16811,11456,Zilch
16812,219359,Solaris
16813,1665,Airport
16814,227981,Black Stories Investigation
16815,5002,Pro Golf
16816,3091,The Great Game of Britain
16817,238912,Dragon Ball Z: Perfect Cell
16818,231040,Nitro
16819,154180,Bania
16820,18908,Cactus Throne: The Mexican War of 1862-1867
16821,145793,Dungeon Attack!
16822,264282,Red Light: A Star is Porn
16823,88088,Cranium: Disney Family Edition
16824,260815,kNOW!
16825,6129,Jena
16826,3374,Scrabble Crossword Cubes Game
16827,282483,Escape from Iron Gate
16828,10885,Royalists & Roundheads II
16829,975,The Keep
16830,7048,Big Top
16831,22123,Enkounter
16832,211693,Thug Life the Game
16833,151947,Trivial Pursuit: Doctor Who
16834,165044,EverZone: Strategic Battles in the Universe
16835,36603,Huuue!
16836,8409,Red Baron
16837,290462,Banana Bandido
16838,77548,Arkham Express
16839,99166,Monza: Das Kartenspiel
16840,94683,Coronation
16841,29118,Exalted: War for the Throne
16842,17792,ZigZag
16843,40804,Huntik: Secrets and Seekers Trading Card Game
16844,13010,Interpol
16845,230885,"Guardians of the Galaxy, Vol. 2: Gear Up and Rock Out! An Awesome Mix Card Game"
16846,198574,Verticality
16847,65488,Make 'n' Break Junior
16848,118342,Skittykitts
16849,2586,Trivial Pursuit: Game Show
16850,113780,Titty Grab
16851,21990,Lightning Reaction Extreme
16852,100470,Killer Party
16853,27546,Champions of Faith
16854,8522,Ninja Burger
16855,176898,Icarus
16856,324,Ponte Vecchio
16857,223762,Atari's Missile Command
16858,226757,Vault Assault
16859,104809,Kleiner Obstgarten
16860,9474,Flying Pirates
16861,235471,Utter Nonsense: Family Edition
16862,877,Troia
16863,15509,Scene It? Movie Deluxe
16864,199825,Danger! Danger! Dinosaur
16865,7178,Schützenfest
16866,5377,Dragon Hunt
16867,2442,Tiles
16868,211175,Undermine
16869,13863,Junta
16870,165888,Wongamania
16871,18857,Cluedo: Magnetic Pocket Edition
16872,11351,Demyansk Pocket
16873,154327,City
16874,229243,ShutterBug
16875,120924,Hug Me
16876,9681,Nosey Neighbor Card Game
16877,48867,Bourré
16878,18805,Pacifist
16879,140961,Leelawadee
16880,131182,Swintus Junior
16881,66044,Scary Tales: Prince Charming vs. Hansel
16882,27876,The Dragon's Wrath
16883,12568,Obsession
16884,207203,War Titans: Invaders Must Die!
16885,147445,We Didn't Playtest This Pasted-On Theme at All!
16886,129287,War: Batalhas Mitológicas
16887,227837,Atlas: Enchanted Lands
16888,193628,J'Accuse!
16889,224656,Quest for the Antidote
16890,231674,Who's the Dude?
16891,201243,Baby Blues
16893,255310,Shit Happens: 50 Shades of Shit
16894,2527,Attack Force
16895,13371,"Ia Drang, Vietnam 1965"
16896,113995,Jask
16897,20409,History of War: Pacific Edition
16898,25479,"Battle of the Wilderness: Gaining the Initiative, May 5-6, 1864"
16899,5905,Energi
16900,4585,Seaside Frolics
16901,234473,Coral Reef
16902,5216,Space Master: Star Strike
16903,153077,Kakerlakentanz
16904,3384,Kerrunch
16905,3844,Pez
16906,288583,Selfish: Zombie Edition
16907,1550,Chebache
16908,4997,HellRail
16909,145275,Neptune
16910,118294,Distraction
16911,232412,Ogre Cheerleaders
16912,13495,High Finance
16913,90968,Knock Your Blocks Off
16914,56197,Bezzerwizzer +
16915,194688,Island Hopper
16916,192245,Shadow Master
16917,5837,Steam Tunnel
16918,19028,Secret Tijuana Deathmatch
16919,312289,Your Friend Is Sad
16920,1512,Hexagony
16921,5619,The Fastest Gun
16922,88549,Bible Taboo
16923,279967,SPACE INVADERS: THE BOARD GAME
16924,8188,Die wilden Fußballkerle
16925,170447,Kard és Korona
16926,1682,The Challenge
16927,87829,Quest: Edição Família
16928,4147,Spellbinder
16929,25223,¿Resiste Stalingrado?
16930,117908,The Big Fat Tomato Game
16931,36225,Playbook Football
16932,11112,Rommel at Gazala
16933,301366,Caves of Rwenzori
16934,22169,Chez Guevara
16935,165552,Shark Mania
16936,184337,Risk: Marvel Cinematic Universe
16937,13026,Strato Chess
16938,7267,"Warlords: China in Disarray, 1916-1950"
16939,29433,Buen Viaje
16940,169459,The Princess Bride: A Battle of Wits
16941,113513,Pathagon
16942,56843,Fish! Fish!! Fish!
16943,19534,Blitzkrieg 1940: Hannut et Stonne
16944,161869,Castle Blast
16945,169328,Falling (Revised Edition)
16946,177002,Buy The Rights
16947,221263,Space Invaders Dice!
16948,94484,Stone Soup
16949,13912,"The Sedan Campaign, 1870"
16950,117891,Das Ligretto Fußballspiel
16951,16368,Wie Waldi
16952,135431,Geek Battle: The Game Of Extreme Geekdom
16953,118258,Zebra-Schwein
16954,10353,Playoff One-On-One Hockey Challenge
16955,93867,A Dash of Peiper
16956,156015,Turbulence
16957,14746,Twilight's Last Gleaming 2
16958,5322,LEGO Soccer
16959,13226,Maask
16960,236556,Artifact Stack
16961,243343,Dino Battle
16962,218236,Metal Mania
16963,14253,Desperados
16964,9385,Yoté
16965,163119,Pocket Dungeon Quest
16966,37423,Het Groot Van Dale Spel der Nederlandse Taal
16967,20153,Klumpeduns
16968,2753,Demon's Run
16969,177411,Galaxy Command
16970,11974,"Kipp, Kipp, Ahoi!"
16971,319,Top It
16972,69819,Mercury/Market Garden
16973,6466,Pirates' Gold
16974,137910,Triple³
16975,90919,PRRRT...
16976,260329,Jurassic World: The Boardgame
16977,192275,Olympians War
16978,7256,Digit
16979,5043,The Forever War
16980,11473,Twilight's Last Gleaming
16981,25920,Do You Worship Cthulhu?
16982,36687,Revenge of the B-Movie
16983,36639,Battle for Olympus
16984,229736,¡Ruiz!
16985,3156,The Warriors of Batak
16986,216631,Tower of London
16987,111327,Black Stories: Christmas Edition
16988,230910,Mistigri
16989,28296,Gruble
16990,126728,Dice's Zoo
16991,21343,Graverobbers
16992,196220,Battle Gnomes
16993,10543,The Drive on Metz
16994,290822,Peaky Blinders: Under New Management
16995,32409,Wiochmen 2
16996,5382,Oil War: American Intervention in the Persian Gulf
16997,117823,FitzIt
16998,42980,Myth: Pantheons
16999,524,Desperados
17000,56406,Activity Club-Edition
17001,3669,Moon Base Clavius
17002,207965,GrowerZ
17003,21294,NoNo
17004,104813,Number Dinosaur
17005,9263,The Forgotten War: Korea
17006,10258,Strike North
17007,8459,Schwarzarbeit
17008,161528,The Great Debate
17009,239116,Passaportas
17010,10008,Rifle & Saber: Tactical Combat 1850-1900
17011,10215,The Fire Next Time
17012,190104,Activity Family Classic
17013,247730,Poc!
17014,13614,Chancellorsville
17015,8252,Lods 1914: Blitzkrieg in the East
17016,8903,Zama: Hannibal versus Scipio
17017,167723,Bin'Fa: The Tao of War
17018,185331,Fruit Salad
17019,179956,The Arabian Pots
17020,11494,The Battles of Bull Run: Manassas – June 1861 and August 1862
17021,99038,Monkeyland
17022,31764,Tobynstein
17023,194496,Risk: Captain America – Civil War Edition
17024,10631,Age of Heroes
17025,319792,Fly-A-Way
17026,127317,Thousand Islands Railway
17027,172940,Suspend Junior
17028,1913,Transsib
17029,6665,Legend of Camelot
17030,179433,Creature College
17031,1240,"Right Turn, Left Turn"
17032,192717,Pickpockets
17033,19725,Scene It? Harry Potter Deluxe
17034,29018,Take It!
17035,3918,Raiders of the Lost Ark Game
17036,285048,Pirate Map
17037,39447,Silent But Deadly Night
17038,1954,Kalahen
17039,86033,Mobbing: Reine Chefsache
17040,178930,Walls:  Race Through a Changing Maze
17041,3360,Lexicon
17042,159507,Urban Panic
17043,66218,Who Wants To Be A Millionaire? (2nd Edition)
17044,143780,Texas Zombies
17045,5922,Birth of a Nation
17046,114689,BITS Mitbringspiel
17047,27678,Quest for the Auburn Pelt: A PageQuest Game
17048,50995,The Toast of the Town
17049,177572,猿道 (Monkey Road)
17050,10154,Treasure of the Pharaohs
17051,19796,Cranium: The Family Fun Game
17052,214486,Mise: Kolonizace
17053,130682,Air King
17054,138201,They Who Were 8
17055,197073,Bureaunauts
17056,62979,Alchemicus
17057,18885,Syllabus
17058,5757,Bakerstreet
17059,9989,Mare Polare
17060,19392,Fruit Bandits
17061,42644,Activity Junior
17062,2972,Fantasy Business
17063,38328,The Looney Bin
17064,2198,Ergo
17065,1325,Wild Pirates
17066,23485,"Dice 10,000"
17067,73232,DMZ: The Next Korean War
17068,141042,Kenya
17069,1785,King's Bounty
17070,57767,Unter Geiern
17071,25567,Mozaika
17072,727,Chinese Civil War
17073,16273,Race For Tunis
17074,119639,Heap
17075,77454,Trivial Pursuit: Tim Burton's The Nightmare Before Christmas Quick Play Collector's Edition
17076,1451,Dimenticato
17077,259972,Roll & Wall
17078,203997,Locos Crononautas
17079,172064,Rally Up!
17080,2337,Droids
17081,97339,Compañeros
17082,8899,Rimini
17083,219374,Chicken out!
17084,16253,Montanara
17085,254585,Bad Doctor
17086,2856,BrewMaster: The Craft Beer Game
17087,7248,Zenix
17088,125585,W Zakładzie: Lubelski Lipiec '80
17089,11726,Knucklebones
17090,135851,Connect the Thoughts
17091,613,Overboard
17092,124954,Color Addict
17093,59226,Beugró
17094,5934,Wahoo!
17095,2320,Worldbeater
17096,65087,Beyblade
17097,32324,Szczury Pustyni
17098,31138,Amazing Space Venture
17099,101660,Witty Chronos
17100,52626,Family Alias
17101,313875,Rambo: The Board Game – First Blood
17102,3144,High Hand
17103,166972,Bubble Bath Bunny
17104,6902,Tetris
17105,14236,Stretch Run
17106,2927,Slasher: The Final Cut
17107,1559,Wabbit's Wevenge
17108,206588,Grimslingers: Duels
17109,313695,Lost In Straya
17110,4000,Scan
17111,165651,Merry Yard
17112,14424,Emperor's First Battles
17113,40651,Too Many Monkeys
17114,11253,Okinawa: The Bloodiest Battle In The Pacific
17115,130185,Speedy Recall
17116,145400,Strajk! Skok do wolności
17117,229537,Mind the Gap
17118,179574,Scuba
17119,1211,Race Through Space
17120,270133,Sumo Slam!
17121,24884,Funny Fishing
17122,38897,Illusio
17123,69292,Guardians of Graxia
17124,76684,Launch Pad
17125,2203,Suppenkasper
17126,288019,Mirror Garden
17127,239523,Misantropia Express
17128,1087,Matschig
17129,21366,RPGQuest: The Knights Templar
17130,3001,The Godfather Game
17131,175868,Metro 2033: Breakthrough
17132,34296,Cobra
17133,24784,Piraci: Córka Gubernatora
17134,286535,#MyLife
17135,36238,Timestreams: Deck 2 – Medieval vs. Modern Day
17136,1127,Encounters
17137,258775,The Cats of Ulthar Card Game
17138,10052,Bongo Kongo
17139,26292,Bzura 1939
17140,140100,Hero Brigade
17141,194819,Make a Mess: Holy Cat Edition
17142,147915,Mobscenity
17143,257324,The Lord of the Rings: Quest to Mount Doom
17144,148814,Boom Boom
17145,39435,Iron Man Battling Card Game
17146,193271,Stadt-Land-anders
17147,29080,Twelve Men's Morris
17148,8644,Masquerade
17149,57183,Jurassic Wars
17150,13786,Monogamy
17151,116972,Mini-Taurus
17152,652,X-Net
17153,286829,Uxmal
17154,6367,Make 7
17155,129295,Quartex
17156,209168,Get Reelz
17157,301102,Battleship: Card Game
17158,2563,Hot Dog
17159,3045,Pentantastar
17160,2616,Janus
17161,66551,Odin's Table
17162,124378,Die kleinen Drachenritter
17163,22815,Situação Limite
17164,8446,Campaigns in the Valley
17165,2760,Knights of the Dinner Table: Orcs at the Gates
17166,163242,CHEW: Cases of the FDA
17167,4450,The Road to Vicksburg: The Battle of Champion Hill
17168,164300,Pixel Guardians
17169,194034,Fire! Fire! Fire Fighters!
17170,3062,Pyramis
17171,37854,Cluedo Party: Tudor Mansion Edition
17172,8526,Claymania
17173,327797,Monopoly Bid
17174,2104,Speculate
17175,27336,PowerShot Soccer
17176,6567,007 James Bond: Goldfinger
17177,202664,Lucha Jefe
17178,83278,Captain Cool
17179,40629,Bakong
17180,12600,G.I. Joe TCG
17181,206082,Eye Sea
17182,127505,Buffalo
17183,121324,Operation Cerberus: The Channel Dash
17184,6705,Batman: Gotham City Mystery
17185,9560,Indus
17186,8032,4 CYTE (Foresight)
17187,176872,"Sun, Moon, & Stars"
17188,173093,WarQuest
17189,215796,Spank the Yeti
17190,148940,Kings Under Mountains
17191,228370,TerroriXico
17192,12920,Tension: The Crazy Naming Game
17193,40092,Hobiti
17194,3335,Ganoven Jagd
17195,10742,Foxy
17196,180389,Insektenhotel
17197,326804,Rorschach
17198,212288,Rainbow 35
17199,12429,Struggle for Stalingrad
17200,34096,Hotel
17201,266747,Challenge of the Superfriends Card Game
17202,91995,Pass the Bomb Card Game
17203,17693,Piranha
17204,9776,The Incredible Hulk Smash
17205,5463,Mind Maze
17206,12519,Fontenoy 1745
17207,1031,TV Wars
17208,32154,Down Under
17209,223763,Atari's Centipede
17210,4646,Bommerz over da Sulphur River
17211,3373,San Gimignano
17212,15431,Trivial Pursuit: Globetrotter
17213,1354,Zaubercocktail
17214,38050,TPOC: The Politics of Cannibals
17215,25988,Asalto
17216,7808,Solar Trader
17217,165208,Aruba: Battle Race
17218,9610,Travspelet med V65
17219,6680,Murphy's Magic Island
17220,13091,Megaman NT Warrior Trading Card Game
17221,12943,Go Mental
17223,2401,Globetrotters
17224,141569,CrossWays
17225,96608,LEGO Champion
17226,266259,Caffeine Hit
17227,5957,"Tito and his Partisan Army: Yugoslavia, 1941-45"
17228,21435,Shoot The Moon
17229,1318,Blackrock Castle
17230,18288,Psychologizer
17231,4093,Exit
17232,7851,Counting Zzzzs
17233,15527,Jorden runt på 80 dagar
17234,123930,Pint Craft
17235,3065,Monopoly: Stock Exchange
17236,250718,Pick Your Poison: NSFW Edition
17237,5966,Sequence Dice
17238,2097,Middle Sea: Empires of the Feudal Age
17239,6453,Doktor Igel
17240,8233,Lords & Wizards
17241,22257,Joakim von Ankas fantastiska affärer
17242,8220,Civil War
17243,3512,Doorways to Adventure
17244,170511,Slap .45 Mini
17245,197075,Devils & Black Sheep
17246,218577,Bubble Jungle
17247,5039,"The Battle for North Africa: War in the Desert, 1940-42"
17248,2380,Gridiron Fantasy Football
17249,3999,Diabolo
17250,90125,Acuity
17251,17136,DaVinci's Challenge
17252,6087,Sicily '43: The Beginning of the End
17253,136265,Aliens vs. Zombies
17254,216907,The Dutch East Indies
17255,26157,Top oder Flop
17256,11760,Knuckling Knights
17257,18613,"Khan: The Rise of the Mongol Empire, A.D. 1206-1295"
17258,3127,Age of Empires: Expandable Card Game
17259,18564,Children of Fire
17260,194033,Magic Feathers
17261,151603,Scrabble Twists & Turns
17262,182090,The Game of Nasty Things...
17263,108554,Super Showdown
17264,61996,Deluges
17265,39087,The Chronicles of Narnia: Prince Caspian – The Shield of Courage Card Game
17266,1729,Wide World
17267,236893,Fish & Ships
17268,215609,Monopoly: Pokémon Johto Edition
17269,10651,Deflection
17270,93578,Ugh!
17271,154728,Kosmiczna misja
17272,67041,Monstermania
17273,156557,Zombie Island
17274,33779,Go 500 Racing Dice Game
17275,6350,Zomax
17276,32245,Fortuna
17277,11441,The Last Panzer Victory: The Battle of Debrecen
17278,22790,Cephalopod
17279,140271,Maximum Throwdown
17280,156461,Animal Suspect
17281,22991,Mona Lisa Mysteries
17282,169393,The Lord of the P.I.G.S.
17283,101239,Ponder
17284,171087,Jenga Quake
17285,287676,Gravity Falls
17286,265583,Dino Dump
17287,246740,Meteors
17288,10845,Napoleon
17289,280281,Sinister Six
17290,15265,Hopp Galopp
17291,9110,Superpowers at War
17292,164600,Monkeys Need Love Too
17293,153501,Mit Mist und Tücke
17294,160658,Postcard Cthulhu
17295,172510,Asterix & Obelix: Mission Zaubertrank!
17296,2630,Die Bombe
17297,12226,Minestrone
17298,104234,Sour Apples to Apples
17299,13921,"Cemetery Hill: The Battle of Gettysburg, 1-3 July, 1863"
17300,156927,The Walking Dead: The Prison – Board Game
17301,159536,Hungry as a Bear
17302,2151,Stomp!
17303,105550,Rolling Bones
17304,140859,Maccabees
17305,152621,Black Stories: Medizin Edition
17306,121813,StelCon: Infinity
17307,243101,Monopoly: Stranger Things
17308,225828,Hot Seat
17309,3425,Skunk
17310,287474,The Isle of Pan
17311,261168,Wannabe Football
17312,255171,Pirates: The Great Chase
17313,126749,Bim Bamm!
17314,36250,Spanish Checkers
17315,14897,Space Blast
17316,150276,Squillo: Bordello d'Oriente
17317,202945,Zona Mágica
17318,30852,Transformers Battling Card Game
17319,307,Candidate
17320,7185,Weapons & Warriors: Power Catapult Set
17321,7040,Asia Crossroads: The Great Game
17322,4969,Manhunt
17323,119474,Act Too
17324,5137,Ellery Queen's Mystery Magazine Game
17325,101628,The Bagged Peiper
17326,56889,Kajko i Kokosz: Wielki Wyścig
17327,23334,Doodle Dice
17328,7539,Galactic Starfire
17329,9506,Ooga!
17330,174146,Batman: Road Trip
17331,312726,Kopi King
17332,93463,Picnic Blitz
17333,13295,Sorry! Card Revenge
17334,20057,Phantom Rummy
17335,54745,Scene It? The Simpsons Deluxe Edition
17336,120618,1000 Bornes Express
17337,17181,Stad - Land - Rivier
17338,202975,Galatune
17339,3354,Tide of Fortune
17340,15163,Disney Magic Kingdom Game
17341,22259,Kroko Loko
17342,181376,G.Nome
17343,245528,Grimslingers: Advanced Duels
17344,226013,Geisteruhr
17345,147149,A Game For Good Christians
17346,8366,Wellington Vs Massena
17347,146841,ConeZILLA
17348,130626,The Hobbit: An Unexpected Journey – Das Kartenspiel
17349,33907,Have You Herd?
17350,281417,Hoarders
17351,21986,Ramba Samba
17352,76416,NCIS: The Board Game
17353,166026,Munchkin Treasure Hunt
17354,67977,Politico: The Fall of Caesar
17355,193681,ButaBabel
17356,90735,Chaos
17357,272364,Bears in Barrels
17358,8930,Buffy the Vampire Slayer CCG
17359,153710,Dodge Dice
17360,106929,Top-A-Top
17361,11394,Shopping List
17362,15112,Subbuteo Rugby
17363,7679,Busine$$ GO
17364,175924,Trash War
17365,283521,Are You A Robot?
17366,116124,Lokus
17367,146707,Space Junk
17368,138748,Flash!
17369,179537,Titus Tentacle
17370,62374,Lorrein
17371,3181,Farkle
17372,23613,La vallée de la mort
17373,4247,Boarding Party
17374,32968,Shark Alarm!!!
17375,157593,Krash Karts
17376,90460,OlymPeak
17377,201971,Super Hack Override
17378,311192,Farts & Fairies
17379,41532,Million Dollar Password
17380,2361,U.F.O.s
17381,67477,Sequence Num6ers
17382,212042,Gnomes and Associates
17383,8267,Bunker Hill
17384,18858,UNO: Nintendo
17385,269487,Clue: Rick and Morty Back In Blackout
17386,132717,Words with Friends
17387,2030,"Twinkle, Twinkle, Little Star"
17388,145587,Alley Thieves
17389,1027,Konzern
17390,159087,"I Say, Holmes! (Second Edition)"
17391,9847,Plutôt mort que Perse !
17392,6806,Nautic Miles
17393,3649,Power Play
17394,138064,Line Dice
17395,10354,All-Pro Football
17396,7088,Warangel Card Game
17397,4171,Sailor Moon CCG
17398,8253,Moscow Burning: The Next Russian Civil War
17399,33288,T.E.G. II
17400,7269,Monopoly: The Heirloom Edition
17401,15559,Quak
17402,286263,La Muse
17403,11402,Antietam Campaign
17404,160545,Crazier Eights
17405,126464,Array
17406,40938,Race for the Summit
17407,6938,"Global War: The War Against Germany and Japan, 1939-45"
17408,95800,Eckolo
17409,1560,Hero: A Game of Adventure in the Catacombs
17410,202517,Wordstacker
17411,3639,Strange New Worlds
17412,42702,Jackal
17413,185769,Remember When ...
17414,27291,AtmosFear: Khufu – The Mummy
17415,149322,"Cthulhu!!!: Hastur La Vista, Baby!"
17416,118713,Peek-a-Boo!
17417,73574,Rainbow
17418,12317,Brouhaha
17419,58192,Nelly
17420,2776,Heavy Gear Fighter
17421,28246,Zanzibar
17422,1981,Schwarzmarkt
17423,157696,What the Fake?!
17424,172555,Loaded Questions Party
17425,181080,Pitch Fleet
17426,91759,Pamplona: Viva San Fermín!
17427,3575,The Plot to Assassinate Hitler
17428,148442,nullern
17429,9488,Mancala 4
17430,257199,TOKYO WASHI GAME CATS
17431,236332,Animator vs Animation
17432,190064,Explorers of the Lost Valley
17433,7189,Pitch Six
17434,165584,Crowns
17435,38702,Sink the Bismarck
17436,24245,Laser Battle
17437,264154,Thrown
17438,69904,Quack in the Box
17439,17773,CrackeD ICE
17440,181466,Asterix & Obelix Mau Mau
17441,6809,007 James Bond: The Man with the Golden Gun
17442,11071,Austin Poker
17443,9013,Battle of the Five Armies
17444,170609,Treatment: A Psychiatry Card Game
17445,13072,Airways
17446,36237,Timestreams: Deck 1 – Stone Age vs. Future Tech
17447,51367,Mad Arena
17448,151985,Evolution: Random Mutations
17449,34014,Ruin
17450,8503,Arkansas Bluff
17451,8700,Empire (Third Edition)
17452,3047,Rails Through the Rockies
17453,7443,Electronic Scattergories Platinum Edition
17454,22048,Trivial Pursuit: DVD – Disney Edition
17455,5790,Chutes Away!!!!!
17456,7418,The Winning Ticket
17457,258377,Polar Smash
17458,77344,Atlantis Treasure
17459,182634,Qwordie
17460,14021,Geister & Gespenster
17461,5876,Grav-Ball
17462,7344,Challenge Golf at Pebble Beach
17463,80942,Ranking
17464,17021,Dinosaur Dice
17465,80719,Monopoly: Franklin Mint Collector's Edition
17466,81561,Monkey See Monkey Do
17467,26052,Canossa
17468,22080,Brain Trainer
17469,1984,Material World
17470,11508,Katego
17471,18117,Schoko-Hexe
17472,189615,Pingwiny z Madagaskaru
17473,18262,Hide & Seek Safari
17474,176502,Awesome Kingdom: The Tower of Hateskull
17475,2637,Rome At War I: Hannibal at Bay
17476,29491,Dipole
17477,15624,Gangster
17478,32682,Scene It? Disney Second Edition
17479,8620,Scattergories: Bible Edition
17480,3814,Desert War: Tactical Warfare in North Africa
17481,25992,War of the Triple Alliance: Paraguay – 1865-1870
17482,2806,U-Boat
17483,13475,Schätzbold
17484,259897,Ghostbusters: The Card Game
17485,235807,Reanimator
17486,11121,"Operation Shock Troop: The Israeli Counterstroke Against Syria, 1973"
17487,4606,Sucking Vacuum
17488,173100,Monsters' Tower
17489,7553,Babylon
17490,4680,"Baton Rouge: Street Fighting in the Louisiana Capital, August 5, 1862"
17491,111830,DiceAFARI
17492,159858,Speakeasy
17493,165743,In Love and War
17494,14163,Foto-Electric Football
17495,189735,Monsters Party: Voodoo Madness
17496,30896,Fackel+Keule
17497,183508,Monopoly: Fallout Collector's Edition
17498,192728,Ranglin' Rabbits
17499,2172,Stealth Chess
17500,204671,Dear Leader
17501,15412,Tunebaya
17502,17830,Miskatonic Madness
17503,1320,The Dog's Meow
17504,133337,Bezzerwizzer Mini
17505,106836,Ostfriesisches Schafe-Schubsen
17506,2385,Sold! The Antique Dealer Game
17507,27730,Eollis: Pirates des Vents
17508,179227,3 Seeds: Reap Where You Sow
17509,148660,Clumsy Thief
17510,1227,Stonewall
17511,8519,How to Host a Mystery: Star Trek – The Next Generation
17512,1947,Robin Hood
17513,12633,Mall World
17514,5077,Chaos
17515,17195,Gettysburg: Three Days in July
17516,100758,Abtei der Rätsel
17517,207814,Shadow Games
17518,93594,Keezbord
17519,21677,Scene It? Music
17520,183479,Happy Party
17521,1247,Gangland!
17522,182796,Bardagi: The Claim for Gold
17523,201028,Farmers Finances
17524,240698,Apokalypsis
17525,287580,Space Bowl
17526,3492,Dragon Storm
17527,19044,Holidays
17528,237712,Floppy Ears
17529,22578,Transport
17530,13440,Horrific
17531,2765,Too Many Cooks
17532,4621,Cloak & Dagger
17533,42636,Gemischtes Doppel
17534,30952,The Witcher: The Adventure Card Game
17535,93164,Spline
17536,238884,13 Chefs
17537,146384,The Amberden Affair
17538,142517,Grabolo
17539,260233,Peppers of the Caribbean
17540,129609,Foreclosed!
17541,32330,Arnhem 1944
17542,905,Vagabondo
17543,33625,Indicios
17544,3239,Nessie Hunt
17545,775,Die Tafelrunde
17546,185028,Giraffometer
17547,113544,Monopoly: Klingon Edition
17548,220406,Oh Sh*t!
17549,3023,VCR 221B Baker Street
17550,14354,2ème D.B. 'I' Normandie
17551,4695,Weapons & Warriors: Lashout Launcher Set
17552,35371,El Juego de la Liga
17553,5863,Canadian Civil War: La Guerre de la Sécession du Canada
17554,5165,Code Breaker
17555,267884,Silicon Valley Startups
17556,1351,Legend of Heroes
17557,220624,Dino Party
17558,16632,GOPS
17559,112844,Swintus 2.0
17560,31216,Whack a Catgirl
17561,153319,Query
17562,103806,Existenz: On the Ruins of Chaos
17563,30582,Good Question!
17564,37379,Netzwerk
17565,2373,Vendetta
17566,1162,Burp
17567,128290,SET Junior
17568,1500,Zocken
17569,6689,Alien
17570,150539,Big Picture Apples to Apples
17571,199026,Neko-in
17572,3294,Dumm gelaufen!
17573,5057,Never Call Retreat
17574,247008,Pun Intended
17575,3693,Empires at War
17576,177437,YAK
17577,7711,Hats Off
17578,166156,Hoshi Battle
17579,3564,Programmer's Nightmare
17580,223971,Hànzì
17581,5539,Swoggle
17582,6047,Port Arthur: The Russo-Japanese War
17583,194534,Awesome Kingdom: Mines & Labyrinths
17584,22616,Crystal Faire
17585,12675,The Simpsons Group Photo
17586,31767,Outburst II
17587,9284,Treasure Falls
17588,234974,Picture Party
17589,75445,Grunwald: Walka 600-lecia
17590,5640,Bombay Bazar
17591,25871,Central Pacific
17592,54604,High School Drama: Varsity Edition
17593,24998,Tiki Mountain!
17594,5000,Tuf-abet
17595,6936,Robotanks
17596,10459,Tilt'n Tumble
17597,5215,Australian Menagerie
17598,6913,The Battle of Agincourt
17599,139690,ApocalypZe Card Game
17600,20138,Rotundo
17601,88521,Pharaoh
17602,9094,"MacArthur: The Road to Bataan, Dec 1941 - Jan 1942"
17603,65592,Dragon's Ordeal
17604,175497,Dinosaur Escape
17605,29226,El Zorro del Desierto: Norte de Africa 1941-1942
17606,19030,Frankenstein
17607,18902,Sputnik
17608,12737,Goofy Golf Machine
17609,154602,Night of the Grand Octopus
17610,16314,Party Scrabble
17611,3805,Domino Dice
17612,25677,Formidable Foes
17613,21276,Grand Tribunal
17614,195073,Das verdrehte Labyrinth
17615,240423,Marvel Contest of Champions: Battlerealm
17616,124224,Making Profit: The Boardgame
17617,24168,Pirates: Quest for Davy Jones' Gold
17618,7918,Eagle Eye Agency
17619,27372,Bonaparte
17620,347,Fishy
17621,173057,Go Fish Yourself
17622,27853,Aunt Millie's Millions
17623,3295,Athos
17624,93041,Guilty Gods
17625,6701,Battlecards: World Conflict – Pacific Theatre: Starter Set
17626,80028,The Game of LIFE: The Haunted Mansion – The Disney Theme Park Edition
17627,208736,Lawless Empire
17628,1777,Dark World: Village of Fear
17629,43775,Monopoly: Onyx Edition
17630,176663,Wordariffic
17631,17738,Ostfriesenlauf
17632,138746,Teenage Mutant Ninja Turtles: Clash Alley Strategy Boardgame
17633,242076,Mythic Arcana
17634,118699,Streifen Toni
17635,19036,Villainy: The Supervillainous Card Game
17636,9901,Electric Jeopardy Game
17637,148918,Scriba
17638,234383,Mucho Macho
17639,8753,Grand Army of the Republic
17640,254341,I Would Fight The Dragon...
17641,3598,Tracks to Telluride
17642,7917,Granny's House
17643,126206,Dragon Whisperer
17644,17313,Auf Zack!!
17645,27460,Power Yahtzee
17646,157675,Wash Dash
17647,159774,Rycerze i Zamki
17648,40853,Trivial Pursuit: Genus VI
17649,80972,Meteor Strike
17650,275391,Skulk
17651,5308,Sahara
17652,330806,Silverwood Grove
17653,64219,Scattergories To Go
17654,147472,Shooting Star
17655,2996,Dodge City
17656,3628,Freche Frösche
17657,98426,Super Tock 6
17658,58139,Donna Leon: Gefährliches Spiel
17659,169462,The Princess Bride: As You Wish
17660,27950,Paukenschlag
17661,166390,Moscow to Paris
17662,302238,Crazy Farmers and the Clôtures Électriques
17663,4814,Rubout
17664,291236,Arschlochkind
17665,90972,Mermaid Beach
17666,191512,Kuhno
17667,8997,Scattergories Junior
17668,190162,Putin Strikes: The Coming War for Eastern Europe
17669,216072,Top Gun: Plot Twist Party Game
17670,209220,Lady Richmond: Ein erzocktes Erbe
17671,14567,Pro Foto-Football
17672,177080,Lord of the Dead
17673,542,Animocrazy 豬事議會
17674,208170,Stellar Armada
17675,1138,Army of Darkness
17676,2701,Schuss und Tor
17677,201139,Haiku Warrior
17678,17284,Kazink
17679,179629,Panda Head
17680,227070,Scrooge: The Board Game
17681,15654,Blizzard of '77 Travel Game
17682,270958,Sovereign's Chain
17683,8178,Constellation
17684,821,La Trel
17685,1619,The Roaring 20's
17686,203401,Luther: Das Spiel
17687,2897,In Pursuit
17688,141544,Cluedo: Die drei ???
17689,76567,Maailmatrivia
17690,20146,Der Weg nach Drakonia
17691,123491,Si j'étais Président...
17692,152822,Xoom Cubes
17693,10392,Campaigns of Napoleon
17694,231362,"Sweet Honey, Bee Mine!"
17695,18907,War in the Aegean
17696,33383,WobBally
17697,85429,"Česko, otázky a odpovědi"
17698,19379,Banzai!
17699,307830,Circus
17700,7493,Caves & Claws
17701,198991,Dragons
17702,5517,Mine!
17703,274906,Scram
17704,18128,Solferino: 24 Juin 1859
17705,248899,Tex: Fino all'ultima pallottola
17706,2116,Cartino
17707,9969,Speculation
17708,103077,Copié Collé
17709,16914,Shrieks & Creaks
17710,107549,Crocodile
17711,266308,100% Beef Showdown
17712,233673,Exploration
17713,171126,Clue: Supernatural
17714,123495,Dreaming Dragon
17715,56244,Honfoglaló
17716,26025,Tumba
17717,143839,Chantilly: Jackson's Missed Opportunity
17718,218460,Giant UNO
17719,4738,Dead Stop!
17720,296517,Contact: Signals from Outer Space
17721,18983,La Segunda Guerra Mundial
17722,8670,Der Herr der Ringe: Die Rückkehr des Königs
17723,155494,Game Developerz
17724,4123,Gambler
17725,10196,Farlander
17726,230881,Rollers Deluxe
17727,269624,Barnyard Bunch
17728,105866,Seven!
17729,168204,"Sesam, puzzle dich!"
17730,182199,Superfight: The Walking Dead Deck
17731,3357,Wie Hund und Katz!
17732,35466,With Sword and Shield
17733,239504,Spy Code: Break Free
17734,213268,That Snow Moon
17735,1427,GRO: Battle for the Petri Dish
17736,11215,Numeri
17737,23304,"""Oh My God! There's An Axe In My Head."" The Game of International Diplomacy "
17738,32280,Hættuspil
17739,11970,Dracula's Revenge
17740,1226,Babuschka
17741,152359,Machiavelli
17742,187550,Irresponsibility: The Mr Toast Card Game
17743,42360,Space Pirates
17744,824,Hijara
17745,2974,Scoop
17746,234465,Potato Pirates
17747,208316,3UP 3DOWN
17748,148179,Oss
17749,8502,Big League Baseball
17750,11600,Table Soccer
17751,129272,Prime Wars
17752,21382,In10sity
17753,5836,Wordrop
17754,172035,Thumbs Up!
17755,172118,Cave Pilot 55
17756,5266,Scorpion
17757,9471,Crazy Bugs
17758,40617,Würfel Express
17759,211168,I Can't Even With These Monsters
17760,153038,Gone Viking!
17761,7270,GOLO
17762,93271,Convocados
17763,42006,Glücks-Piraten
17764,17699,Polarity
17765,1433,Der grosse Gallier
17766,156746,Kombat Kittens
17767,19916,Cups
17768,297345,Family Feud: Platinum Edition
17769,266651,Tangled Timelines
17770,169713,Monopoly: The Big Bang Theory
17771,1109,Last Minute
17772,185228,Rolf
17773,113332,Bookmaker
17774,98472,Strain
17775,165711,Pizzeria Italia
17776,232250,Pictopia: Harry Potter Edition
17777,3894,Brilliant Lances
17778,147396,Dr. Hrubec
17779,40808,J'te Gage Que... 2
17780,227010,Game of Trolls
17781,36560,Click Clack
17782,8324,The China War: Sino-Soviet Conflict in the 1980s
17783,235251,Forest
17784,14343,Zeepkistenrace
17785,101629,Just a Peiper Dream?
17786,4219,Goal
17787,59602,Upwords Deluxe
17788,148211,"Sexy, el juego del arte del flirteo"
17789,239189,Chronicle X
17790,102750,Math Dice Jr.
17791,3037,Escape from Altassar
17792,8456,Fight on the Beaches
17793,15520,Kids On Stage
17794,29939,Animal Express
17795,4568,Racko Plus
17796,15880,The Hollywood! Card Game
17797,246754,Zoinx!
17798,1453,Pain Doctors: The Game of Recreational Surgery
17799,204681,Sovereign Of The Seas
17800,11551,Casbah
17801,194040,Star Wars: Rule the Galaxy
17802,482,Sky Runner
17803,77148,Globalization
17804,266078,Hochspannung
17805,14233,Caramba!
17806,191714,Lil' Cthulhu
17807,157452,Cultists of Cthulhu
17808,3465,Black Hole
17809,36234,Michelangelo
17810,293586,Dungeon Party
17811,111418,ARC
17812,62811,Two Bridges
17813,15877,Abbeville 1940
17814,40072,Domo Caption This! Game
17815,9083,Grunwald 1410
17816,16699,Such & Such
17817,24969,Pit Fighter: Fantasy Arena
17818,157061,Superbohaterowie
17819,107680,Broomsticks and Backflips
17820,3571,Spitfire: Tactical Aerial Combat in Europe 1939-42
17821,62533,Rolit Travel
17822,10203,ASAP
17823,67429,Shapes & Colors
17824,6573,Husch Husch kleine Hexe
17825,21613,Diabolo
17826,198855,GearSeed
17827,160537,Code Monkey Island
17828,3951,Octrix
17829,27982,Operation Rescue Kit
17830,66047,Fast Lane
17831,1611,Bullwinkle and Rocky Role Playing Party Game
17832,4614,The Touch
17833,8221,The 90's Game
17834,582,Kampf um Rom
17835,24325,Toppling the Reich: The Battles for the Westwall
17836,8675,Tops
17837,7862,"Birds, Bugs and Beans"
17838,2697,Spice Navigator
17839,776,Remmi Demmi
17840,286141,City Blox
17841,1207,Big Deal
17842,166929,Monster Laundry
17843,4972,Lost Gold
17844,4022,Diceball!
17845,6272,Junior Stratego
17846,151396,Bigfoot
17847,4426,Adeptus Titanicus II
17848,172063,Ring it!
17849,154585,Groovy Pips
17850,7651,Europe at War
17851,4232,SS Panzer: Bloodbath at Kursk
17852,1522,Get Out
17853,2390,Race to Riches
17854,41834,Lunar Command
17855,180311,Squillo: Marchettari Sprovveduti
17856,134547,卑怯なコウモリ (Cowardly Bat)
17857,188601,Spoilers: The Game
17858,240842,Curio: The Lost Temple
17859,131282,Professor Pugnacious
17860,131530,The Hobbit: An Unexpected Journey
17861,11873,AMC Reel Clues
17862,119792,Edition Wars
17863,7802,Tank Commander: The Eastern Front
17864,31715,IQube
17865,201048,Monkey Butt
17866,6109,Mafia
17867,6574,Mad Dash!
17868,14591,Bushi
17869,9571,Baha
17870,7762,Transfer
17871,153168,Karten Kniffel
17872,26976,Kingdom Hearts TCG
17873,14662,NE-spelet
17874,3996,Sudden Death!
17875,336,Jumpin
17876,117815,Mapominoes: United Kingdom
17877,183883,Port of Piraeus
17878,182238,Joe Connaissant
17879,1008,Die Schlangen von Delhi
17880,13464,Alfapet
17881,3914,Splat!
17882,167764,Life & Legend
17883,177750,Wild Cats
17884,11703,War of the States: Chickamauga & Chattanooga
17885,25229,Rommel y Montgomery
17886,40801,Docker
17887,184473,Mystery! Motive for Murder
17888,165828,Truths Too Terrible
17889,125326,Sedition Wars: Battle for Alabaster
17890,16746,Evolution
17891,183881,Goblin Dice
17892,177048,Barking Up The Wrong Tree
17893,34958,Six
17894,2940,A Dog's Life
17895,1400,Columbus
17896,1267,Polar Dare!
17897,63900,Pirate Plank
17898,4968,Big Foot
17899,268582,Smash City
17900,5926,Glory Road: The First Battle of Bull Run
17901,11347,Seega
17902,137354,Trifecta
17903,31820,Festival
17904,122820,Mistrz Słowa
17905,67066,Zingo! 1-2-3
17906,5435,North Sea Oil
17907,9087,KRASH!
17908,208888,Il Trono di Mortadella
17909,17420,"Rette sich, wer kann!"
17910,2169,Arcadia: The Wyld Hunt
17911,1567,Stockers!
17912,7183,Weapons & Warriors: Lashout Launcher
17913,228740,Kitten Klash
17914,4555,Das Blaue Amulett
17915,11258,Abagio
17916,8419,Operation Apocalypse
17917,177680,Ninja Dojo Fight!
17918,2103,Project KGB: The Double Agent
17919,5011,Monsters of the Midway
17920,10525,Football Champions
17921,2867,The Baton Races of Yaz
17922,202624,80's 90's Trivia Game
17923,152245,Cards vs Dice: Strategically Lucky
17924,29694,Die kleine Hexe
17925,244951,Round the World
17926,20429,"Supercharge: Battle of El Alamein, October 1942"
17927,163685,Captain's Wager
17928,19697,Taverne de la Crypte
17929,28068,Four Twenty-one
17930,311918,Lost Explorers
17931,206753,Blank White Dice
17932,234316,Super Kitty Bug Slap
17933,206083,Ragers: Champions of the Arena
17934,59310,Mucks Mäuschen Still
17935,139780,Merlin Zinzin
17936,4118,Slide 5
17937,254546,Lost Galaxy: The Intergalactic Card Game
17938,123506,Wonderland
17939,20833,Code Sudoku
17940,12281,Versailles
17941,29626,Robotics
17942,160413,Shadow of the Elder Gods
17943,113518,Eternas
17944,9816,LEGO Time Cruisers Game
17945,6553,Pussy Cat
17946,1215,Monkey Memory
17947,9022,Im Reich des weißen Bären
17948,231837,Action Cats!
17949,6153,Crisis: 2000
17950,2933,Ringside
17951,13070,Revolución
17952,7541,Killer Angels
17953,17348,InuYasha TCG
17954,7421,Rhumb Line
17955,11208,Hopple-Popple
17956,7963,Clash of Steel
17957,284839,St. Noire
17958,2315,Saratoga: 1777 – Burgoyne vs Gates
17959,135581,Pointless: The Travel Game
17960,201453,Hip Hops: Brews of the World
17961,220597,INTERACTION: No more boredom!
17962,761,The Great Brain Robbery
17963,4372,Froop!
17964,137685,Muses
17965,5999,The Italian Campaign: Salerno
17966,11414,Politics as Usual
17967,103714,The Lord of the Rings: Nazgul
17968,38340,Scene It? Seinfeld
17969,247473,Drawing Without Dignity: An Adult Party Game of Uncensored Sketches
17970,130624,Feed the Woozle
17971,22799,Legie
17972,4473,Pompeii: The Last Days
17973,118567,Gladiatori
17974,105434,Dingbats
17975,13024,James Bond 007
17976,204600,The Crow: Fire It Up!
17977,9868,Tobrouk 1941-1942
17978,210901,Eyes on the Prize
17979,205873,Freaky
17980,173005,Gondola
17981,6355,Cirondo
17982,31274,Zacrobates
17983,6766,Top Gun: The Game of Modern Fighter Combat
17984,25967,Scene It? Marvel Deluxe
17985,143459,The Hobbit: An Unexpected Journey – Journey to the Lonely Mountain Strategy Game
17986,154841,Knuckle Sammich: A Kobolds Ate My Baby! Card Game
17987,72560,Cranium Junior
17988,2923,Listen Up!
17989,22682,"Panda, Gorilla & Co"
17990,237153,Fruit Ninja: Combo Party
17991,32415,Srebrna flota
17992,136244,Miau!
17993,127590,Movie Trailer
17994,122873,Cartes sur Table
17995,8950,Bid It
17996,120254,The Presidential
17997,9049,Teenage Mutant Ninja Turtles Game
17998,21563,Avista
17999,3682,Go For The Green
18000,2545,Contigo
18001,200083,UNO: Frozen
18002,159227,Teddy's Colors & Shapes
18003,99286,Raiding Parties: Golden Age of Piracy
18004,32365,Bailen
18005,212902,Do Eat!
18006,201047,Youtopia: The world of imagination
18007,6187,Avalon
18008,183665,Squish'Em!: Fantasy
18009,5605,I Think You Think I Think
18010,205604,Tricksters
18011,137358,Mau Mau Extreme
18012,1686,Spy vs Spy
18013,153516,Zombeasts
18014,35674,Arktia
18015,212310,Pick Your Poison
18016,23373,HeroCard Galaxy
18017,19696,Taverne de la Licorne
18018,17635,Mob City
18019,1908,G.O.O.T.M.U.
18020,125832,Pittsburgh 68
18021,365,Tricks
18022,150615,Fanhunter: Las Montañas de la Locura – Electric Boogaloo
18023,165557,Quizduell: Das Spiel
18024,10590,The Big One
18025,4903,Columbo Detective Game
18026,276817,Tetris Speed
18027,21,Gateway to the Stars
18028,3351,Wer ist der Täter?
18029,237585,Cock Block
18030,8624,Outburst Bible Edition
18031,7186,Weapons & Warriors: Cavalry Attack Set
18033,10805,A Dark and Bloody Ground
18034,94346,Galapa Go
18035,146597,Discount Salmon
18036,86040,Koekie Loeren
18037,15121,Exago
18038,197571,Pie Rats of the Carob Bean Farm
18039,3209,Pennant Race
18040,182284,Motto
18041,4069,Don't You Forget It
18042,175848,Unpub: The Unpublished Card Game
18043,10917,Don't  Quote Me
18044,144346,Mess Machine
18045,4097,Raise the Roof
18046,130724,Mimikri
18047,180066,Espada Negra: Juego de Mesa – Edición Dormenia
18048,258544,Marble Bobsleigh
18049,156567,Would I Lie to You?
18050,1624,Quest of the Magic Ring
18051,167892,Gang Up!
18052,22469,Avatar: The Last Airbender Trading Card Game
18053,232950,Dare to Dream
18054,6395,Combat
18055,2264,Isaac Asimov's Super Quiz
18056,128282,Party & Co Disney
18057,86270,Discover India
18058,19763,Taboo Quick Draw
18059,6449,"Murder à la carte: Pasta, Passion & Pistols"
18060,8497,Torches & Pitchforks
18061,20525,Knock Out Whist
18062,220642,This Belongs in a Museum
18063,234062,Highlander: The Duel
18064,132145,Two Crowns
18065,34383,Kalle Kanalratte
18066,35896,Succesvol slecht zijn
18067,1397,Crash Pilot
18068,8332,Red Beach One: Tarawa
18069,12956,FutuRisiKo
18070,136385,Influence
18071,33950,Solo Tower Hack
18072,7031,"Flying Circus: Tactical Aerial Combat, 1915-1918"
18073,10718,The Garden Game
18074,8475,Tempus Draconis
18075,41310,Wiggling Cow
18076,159525,Apocalypse Universe: Galactic Arena
18077,171385,Shuffle My Little Pony
18078,603,Putsch
18079,11955,Waz Baraz
18080,141725,Justice League: Axis of Villains Strategy Game
18081,5067,Lifetime
18082,462,Esels-Rennen
18083,171540,Mount Pingo
18084,114284,Monopoly: Futurama Collector's Edition
18085,3896,Struggle For The Throne: Star Trek III
18086,30098,Caterpillar Dice
18087,241490,Pool Party
18088,27674,Nacho Loco
18089,32164,Borneo
18090,7944,Tortuga
18091,16067,Star Wars: Electronic Galactic Battle
18092,2854,Exploration
18093,27073,Pipolo
18094,23389,Les Cabanes de M'sieur Robinson
18095,172410,Flea Market
18096,1537,C&O/B&O
18097,2911,Point-Blank
18098,5156,Crime Solvers
18099,26349,Wojny Napoleonskie
18100,8585,Home Improvement
18101,5799,Mattix
18102,109732,Three Little Pigs
18103,30741,"Surf's Up, Dude!"
18104,74098,Trivial Pursuit: The 90s
18105,63788,Freecell
18106,332317,Blaze
18107,24779,UNO House Rules
18108,172480,Roar! Catch the Monster
18109,8600,up N dn
18110,1935,Puls
18111,4129,Snapshot
18112,145632,NFL Game Day
18113,341427,Télos
18114,8725,Red Star/White Star: Tactical Combat in Europe in the 1970's
18115,5012,Snit Smashing
18116,244691,UNO: Minecraft
18117,152286,Demigods Evolution
18118,20832,Halli Galli Junior
18119,129955,Dragi Drache
18120,26687,The Really Nasty Motor Racing Game
18121,1857,Time War: A Game of Time Travel and Conflict
18122,49454,Chicago Gangsters
18123,3356,Musketeers
18124,34374,Hang Four
18125,31585,Piekło na Pacyfiku
18126,85992,Kaiten Sushi
18127,2143,UNO Hearts
18128,108156,Tante Trudels Trödel
18129,6869,Bethump'd with Words
18130,9201,Spy
18131,2625,Das Pferd von Troja
18132,3516,Option
18133,52276,Captain Pirate
18134,183481,Rackare!
18135,58374,Chelsea
18136,10813,Aya
18137,132785,Monopoly: CityVille
18138,7667,History's Mysteries Card Game
18139,69703,Phase
18140,135077,Clockwork Kingdom
18141,7586,An Enchanting Evening
18142,54743,Scene It? 80s
18143,146309,Kronen für den König
18144,313457,The Dark Village
18145,82037,Chicken Chase
18146,18050,Argue
18147,27863,Lützen
18148,171211,Muertoons
18149,28511,Scene it? Disney Deluxe Edition
18150,41894,Activity professional!
18151,306142,Amigos de Mierda
18152,1407,Alcatraz
18153,10915,Simply Suspects
18154,232162,Kitten Casualty
18155,59060,PsychoPet: The Nutty Pet Clinic
18156,40908,Trivial Pursuit: Genus Edition – Bite Size
18157,58672,Hit the Hat
18158,4402,Bayon
18159,4649,Tower Siege
18160,179975,Secret Santa
18161,9368,Ave Tenebrae
18162,180292,Stingy
18163,6708,Eureka!
18164,22035,Travel Sequence
18165,214276,Bounce-Off Rock 'N' Rollz!
18166,23656,Chuck-It Chicken!
18167,38981,Bobby Sitter
18168,203019,Million Dollars But... The Game: Expansion Pack 1
18169,168390,Set Schnupperspiel
18170,406,Meteo
18171,5349,Kesselschlacht: Ukraine Spring 1944
18172,119472,Konito?
18173,196953,Battle Yahtzee: Alien vs. Predator
18174,152247,Quizmysteriet
18175,154477,Canopy Walk
18176,62637,Viewpoint
18177,11483,Vittoria
18178,220226,Sapphiro
18179,90471,Hippo Hopp
18180,137017,Ovo
18181,2417,Charge it!
18182,794,Foil
18183,15109,Tegn og gæt
18184,1322,Chip-Chip Hurra
18185,14032,Finders keepers!
18186,41955,Eurooppa Tietopeli
18187,177807,King Arthur
18188,21746,Pionjär
18189,202742,OrgasMe!: Sex turned into a card game
18190,65889,Seven Card Samurai
18191,11751,No Peeking!
18192,237704,Grande y Peludo
18193,218349,Fortresses & Clans
18194,88005,Aguila Roja
18195,210044,Monopoly: Rick and Morty
18196,16649,Prickly Pile-Up
18197,160406,Khrysos Hunters
18198,285540,Wurf & Weg
18199,218574,Quizoo
18200,180939,Chimère
18201,93275,Conquian
18202,3473,RisiKard!
18203,4025,Lankhmar
18204,14040,¡New Amici!
18205,3107,Mömmen
18206,24795,Cleopatra's Caboose
18207,122711,"""La Garde recule!"""
18208,18163,Balancing Moon
18209,211047,Steal This Game
18210,5089,Harry Potter Halls of Hogwarts
18211,18199,What's GNU?
18212,6678,Cube Checkers
18213,154878,Little Dungeon: Turtle Rock
18214,223811,Archmage Origins
18215,176011,Wacky Challenge
18216,153470,Japanese: The Game
18217,37497,Bilekuosi
18218,41783,Hochstapler
18219,5265,Commando
18220,2178,Römer
18221,81263,My First Triominos
18222,4248,City States of Arklyrell
18223,3150,Taktvoll
18224,7960,Flags of the World
18225,5851,Quest
18226,48154,Take a Chance
18227,154022,Clairvoyance
18228,61475,Trivial Pursuit: The Beatles Collector's Edition
18229,6233,Trivial Pursuit: Know-It-All Edition
18230,4431,Chess Race
18231,604,Verrat!
18232,24487,Pirates of the Caribbean Buccaneer
18233,32742,Bookchase
18234,18968,Barbacan
18235,174,T-Rex
18236,124958,1984: Animal Farm
18237,27387,Bungee
18238,271040,Tricky Druids
18239,12057,Mini Funny Bunny
18240,1862,Avalon
18241,208,Ex & Hopp
18242,4655,Battle of the Halji
18243,17849,Xochintlan
18244,161743,TacDex: Pirates
18245,131684,Chop Chop
18246,161206,"Pequenas Igrejas, Grandes Negócios"
18247,28444,Chaotic
18248,1654,Double Crossing
18249,256250,The Waylanders
18250,84173,Van Helsing
18251,10962,Smugglers of the Galaxy
18252,14625,Stare! Junior Edition
18253,191478,Ice Cult
18254,13576,Math Dice
18255,13460,Obscura Tempora
18256,119500,Wanna Bet?
18257,148115,Dubious Alliance Fantasy Card Trading Game
18258,28717,Monster Mayhem
18259,34091,Trivial Pursuit: Genus (2) Edition (German)
18260,45437,Trivial Pursuit: Best of Genus
18261,43167,The Livestock Market
18262,19114,Captain Treasure Boots
18263,41152,Out of Sight
18264,1975,Stamp
18265,24387,Dilbert: The Board Game
18266,192696,Orphans & Ashes
18267,10811,"Piraten, Planken & Peseten"
18268,7187,Finding Nemo
18269,136,Robin Hood
18270,9272,Jade König
18271,254149,Señor Pepper
18272,16145,Mango Tango
18273,157942,Teratozoic
18274,65559,Take the Cake
18275,179124,Air Alliance
18276,1617,Icebergs
18277,126443,The Lord of the Rings: The Battle for Middle-Earth
18278,107811,For Fame & Fortune
18279,20781,Café Race
18280,31909,Die Jagd nach dem Gral
18281,7296,Goth: The Game of Horror Trivia
18282,166371,El Luchador Fantastico Grande
18283,39389,Turtle Shells
18284,190737,Star Wars: Star Battle
18285,23456,Trivial Pursuit: Star Wars – Bite Size
18286,197788,Final Boss: The card game
18287,31361,Battleship Torpedo Attack
18288,103811,X Marks the Spot
18289,7259,Management Material: Information Technology Edition
18290,15991,Jenga Casino
18291,28699,Kryptonim: Lew Morski
18292,7604,Final Fantasy IX Tetra Master Card Game
18293,153496,Azteka
18294,148534,Sauschwer
18295,57276,Crazy Dancing
18296,157294,Cat 10
18297,4849,The Charade Game
18298,173637,Monopoly:  80th Anniversary Edition
18299,37267,I Drank What?
18300,14935,Slow Freight
18301,2089,Das Letzte Kamel
18302,1909,Nomadi
18303,18913,Tabu Body Talk
18304,6333,Mighty Warriors
18305,40376,Crazy Chefs
18306,15828,"Schnapp, Land, Fluss!"
18307,2991,Mandala
18308,6945,Carrier Strike
18309,139401,Realm of Heroes
18310,131477,Burg Klettermax
18311,5998,The Italian Campaign: Sicily
18312,183478,Ciao!
18313,130388,Hungry Hungry Hipsters
18314,229165,The Open Road
18315,221633,Mascletà
18316,4654,Rigamarole
18317,259310,Sheep Boom Bah
18318,15613,Scruples: Millennium Edition
18319,6582,Let's Do Lunch!
18320,5282,Raise the Titanic
18321,10075,Claim to Fame
18322,212348,Mined Out!
18323,185497,Dwarves in Trouble
18324,22724,Zombie Rally
18325,312951,Alien Puppies
18326,1715,Od
18327,7194,Centipede
18328,9646,Where in the World?
18329,66256,Triplica
18330,1297,Trivial Pursuit: Star Wars Classic Trilogy Collector's Edition
18331,6219,Ice Lake
18332,87681,Za Dan
18333,10175,The Wonderful World of Disney Trivia 2: The Sequel
18334,575,Das Kollier
18335,76065,Pictionary Card Game
18336,165559,Sau-Bande!
18337,11965,Topminos
18338,23374,HeroCard Champion of New Olympia
18339,166509,Pinocchio: True or False
18340,1232,Saludos Amigos!
18341,282347,Wormlord
18342,4586,Bärenspiel
18343,39549,Destination Hogwarts
18344,2935,Tashkent Domino
18345,8335,Say What!?!
18346,34866,Crossword
18347,7811,Stranded
18348,133633,RARRR!!
18349,15738,MidEvil
18350,165551,Moustache Smash
18351,86174,Arlecchino
18352,203410,Ascended
18353,131499,Counting Fun
18354,241083,City Explorer: Kyoto
18355,21809,Apples to Apples: Bible Edition
18356,36230,Dogfight
18357,191110,Sugi
18358,40654,This Big!
18359,129944,Hey Froggy!
18360,224664,La Famiglia
18361,11701,America Triumphant: The Battle of the Bulge
18362,169988,Pancake Pile-Up
18363,14758,Slammer
18364,4299,Battle: The Game of Strategy
18365,3915,Won Over
18366,4340,Combots
18367,13513,Skåål
18368,158053,Henchling
18369,3290,Maskenball Venezia
18370,10574,Rock Jocks
18371,12296,Senator
18372,246729,450 Things to Do in Your Life
18373,133246,Bop-It Extreme
18374,2383,Blue Line Hockey
18375,314026,Break In: Alcatraz
18376,114316,Ace of Spies
18377,209506,Terra Formars
18378,6230,Snafooey
18379,41995,Monopoly: Star Trek Continuum Edition
18380,2175,Willi Wacker
18381,25642,Kasl
18382,633,Elixir
18383,21051,Tooor!
18384,217275,Kakerlaken-Duell
18385,2101,Orbit War
18386,69785,Good Help
18387,168278,Firefly: Tall Card
18388,163263,Sea Kings
18389,191657,Dr. Gomb
18390,185375,Stormweavers
18391,12316,Sky My Husband
18392,93094,Gotcha!
18393,5429,Blurt! Card Game
18394,90930,Witty Pong
18395,187787,Nerdy Inventions
18396,106935,Ichigorilla
18397,5679,Mario Party-e
18398,192729,Jump Ship!
18399,6892,Tarawa: Bloody Betio
18400,19307,Barricade
18401,4297,Dallas: A Game of the Ewing Family
18402,175855,Epic Roll
18403,5819,Star Reporter
18404,193272,Bücherwurm
18405,133557,Red Code
18406,256540,The Brady Bunch Party Game
18407,23293,Räuber
18408,10341,Disney Charades Game
18409,248695,Samurai Jack: Back to the Past
18410,36381,Taxi
18411,19475,Spingo
18412,1941,Sjörövarön
18413,237572,Butts in Space: The Card Game
18414,5890,1863
18415,7231,Sahara
18416,4152,Scooby-Doo! Expandable Card Game
18417,136856,Simsala Hopp
18418,4999,Jet World
18419,8193,Chainmail
18420,10544,Master Quiz
18421,4221,Quest for the Dragonlords
18422,14001,Speed
18423,6235,The Perilous Parlor Game
18424,248430,Zener
18425,159044,The Hobbit: Enchanted Gold
18426,7982,DeltaVee
18427,5798,United Nations: A Game of World Domination in Our Time
18428,3554,Rich Uncle
18429,2577,Face-it
18430,140988,ElfQuest Adventure Game
18431,13333,Dead Hand Chaos Poker
18432,8452,Unconditional Surrender
18433,153624,Oink!
18434,17005,Bonaparte: the Napoleonic Campaigns
18435,3701,Smear
18436,3863,007 James Bond: Live and Let Die
18437,6718,Anathema
18438,169782,Noppa-Alias
18439,13367,Charades for Kids
18440,233565,King Ozo
18441,3089,Bounty Hunter: Shootout at the Saloon
18442,32751,Ghosts
18443,20131,Texas Roll'Em
18444,1242,Cut and Run
18445,5936,Sorry!  Card Game
18446,166567,Sequence Letters
18447,209284,Hamster Clan
18448,35312,Repeat Pete!
18449,2440,The Way
18450,151981,Geared: Build Your Bike
18451,2499,Equate
18452,21729,Snake Lake
18453,1093,Jolly Roger
18454,131856,Boom
18455,296291,Escape from the Starline Express
18456,3848,Ultimate Combat!
18457,27667,RisiKo! Pocket
18458,2746,Asteroid Pirates: A Game of Ship to Ship Combat in the Asteroid Belts
18459,254417,Clickbait
18460,3631,Flinke Flitzer
18461,4257,Crafty Badger
18462,217340,Raffzahn
18463,33836,Le Cercle
18464,23292,Gold Thief
18465,21577,M is for Mouse
18466,88167,Apples to Apples: Family
18467,219511,Worm Party
18468,146226,Witch Hunt
18469,13392,"Perfidious Albion: Napoleon's (Hypothetical) Invasion of England, 1814"
18470,10291,Ready! Set! Spaghetti!
18471,21374,Napoleon Dynamite: It's Pretty Much My Favorite Animal Game
18472,147039,Larceny
18473,120264,Turista Mundial
18474,10593,Hepta
18475,2147,Vegas
18476,2489,Chaos Tiles
18477,8470,"Pearl Harbor: The War Against Japan, 1941-1945"
18478,2718,War! Age of Imperialism
18479,188493,Sequence Cats
18480,204541,Demon Espionage
18481,23576,CooCoo the Rocking Clown!
18482,3698,Clontarf
18483,66852,Neuron
18484,109105,Sparta
18485,24388,Paparazzi
18486,111426,Terra Evolution: Tree of Life
18487,260268,DIG IT UP
18488,12133,"Last Battles: East Prussia, 1945"
18489,32450,Money Lisa
18490,163957,Alien Entity
18491,191043,The Cohort
18492,3626,Demons
18493,25526,Monopoly: Batman
18494,6543,WorldKiller: The Game of Planetary Assault
18495,279646,Your Worst Nightmare
18496,85389,Vampire Werewolf Fairies
18497,13917,"Hurtgen Forest: Approach to the Roer, November 1944"
18498,5735,Dragonriders of Pern: The Book Game
18499,128001,Rally Fally
18500,263426,Officinalis
18501,37988,Trivial Pursuit: 25th Anniversary Edition
18502,29517,Konkurencja
18503,21465,Crazy Diamond & Karatino
18504,39193,Voll Verladen!
18505,150925,Hold Your Breath!
18506,15236,M.I.G. (Mobile Intelligence Games)
18507,312762,The Joker
18508,142194,Стартап
18509,198513,Cosmic Pioneers
18510,167827,Butim
18511,42969,Hagoth: Builder of Ships
18512,3689,Think Alike
18513,131484,Hoppa Galoppa
18514,14174,Monopoly: Chicago
18515,81486,Split Decision
18516,11496,Bastogne
18517,38665,Don't Say It
18518,22045,Ditto
18519,266079,Galactiquest
18520,40656,Catch the Mice
18521,121790,Mines of the Sacred Dragon
18522,28755,Die Sprache des Manitu
18523,33418,"Therapy, The Second Session"
18524,182049,Taste of Poland
18525,1640,Blockbusters
18526,3585,Sorcerer: The Game of Magical Conflict
18527,13716,Hasami Shogi
18528,6004,The Indian Mutiny
18529,9016,Treasure Hunt
18530,176631,Stratos
18531,9710,Take Off
18532,16809,Suds
18533,30760,Penguin Soccer
18534,14116,Bad Hollywood
18535,251328,Joust
18536,19876,Palatinus
18537,97287,Great Western
18538,117987,Einfach Genial: Das Würfelspiel
18539,2026,Um Kopf und Kragen
18540,1480,Imperator
18541,25271,Das Jagdspiel
18542,1977,Tor
18543,930,Böse Buben
18544,187719,The Banner Saga: Warbands
18545,127048,Penny Arcade: Paint The Line ECG – Red Tide
18546,8517,Master and Commander: The Far Side of the World
18547,8249,China Incident
18548,53279,Wo war's?
18549,9507,Dynamite
18550,8514,Forgotten Axis: The Romanian Campaign
18551,39180,Wordquest
18552,151847,That's What She Said Game
18553,65557,Order's Up!
18554,246986,Star Wars Fluxx
18555,20018,Aloha
18556,132357,Sloop
18557,19120,High Stakes Drifter
18558,3633,Sid Meier's Civilization: The Boardgame
18559,64064,Life's a Pitch
18560,2110,No Bluff!
18561,4810,BattleBoard
18562,17869,Heroes of Might & Magic IV Collectible Card & Tile Game
18563,22338,Spin & Trap
18564,202994,Amasser Dragons
18565,11511,Savage Station
18566,107029,Simon Flash
18567,8966,Raid on Richmond
18568,81445,Hyves Ranking Game
18569,183364,Mad Libs: The Game
18570,76546,Expedition: Congo River 1884
18571,2589,Winhard
18572,220440,1500: The New World
18573,9250,UNO Madness
18574,15563,Double Sens
18575,240511,Rick and Morty: Tráfico de Megasemillas
18576,12829,Ice Cream
18577,2196,Out of Context
18578,34590,Skoki Narciarskie
18579,6475,3 SPOT game
18580,158747,Knee Jerk
18581,23616,Kakuro Challenge
18582,3233,Ballast
18583,6789,Die grosse Auktion
18584,21622,Monopoly: Simpsons Treehouse of Horror
18585,40115,Scattergories: The Card Game
18586,238825,Cards Against Downtime
18587,8491,Dino Dice
18588,128885,Blockers! The Card Game
18589,1859,Doomtrooper
18590,5304,Basketball Strategy
18591,282341,House Flippers
18592,41958,Mäuse Würfeln
18593,9211,Screwball Scramble
18594,2832,Great Western Railway Game
18595,25986,Scene It? Nick
18596,14034,Autobridge
18597,198549,Give or Take
18598,238883,The Great Tour: European Cities
18599,2066,"Teufel, Teufel!"
18600,27712,Tintenherz
18601,15009,Humm Bug
18602,33959,Het Huis Anubis
18603,47258,Soul Hunters
18604,238721,Stumped
18605,41898,Epäillyt
18606,104617,Little Dead Riding Hood
18607,191910,Chicken Wings
18608,194075,Vroom Vroom
18609,14953,Backpacker
18610,219278,Dread Draw
18611,10765,Geist
18612,2669,Frog Juice
18613,150659,Warage Card Game
18614,283229,I Dissent
18615,31360,Laborigines
18616,4438,This Hallowed Ground
18617,9249,När & Fjärran
18618,5272,Hilarium
18619,6132,Kangaroo: The Jumping Game
18620,209366,Gobbit Angry Birds
18621,285699,Mine Deeper
18622,731,Escape from New York
18623,235943,Doppel X
18624,181245,OMG
18625,214427,Hex Casters
18626,6000,The Italian Campaign: Anzio
18627,148099,Worker Placement
18628,28292,Deluxe Weed!
18629,2819,Trivial Pursuit: Genus 5
18630,21555,Rumble in the Jungle
18631,16088,Calaboose
18632,40966,In Love
18633,71899,Gremlins: Gizmo's Great Escape
18634,193329,Limite limite
18635,37127,Uno: 30 Year Anniversary Edition
18636,225653,Castellers!
18637,27663,Junior Cluedo
18638,24977,Es geht seinen Gang
18639,37498,Monopoly: The Beatles Collector's Edition
18640,257851,Picnic
18641,13488,Redneck Life
18642,5561,Monkey Mission
18643,36690,Bump in the Night
18644,137152,Mucca Pazza
18645,19512,Tintin et le Piège du Totem Dhor
18646,13648,Ligretto 2
18647,74310,Falklands Showdown: The 1982 Anglo-Argentine War
18648,4096,Nodwick: The Card Game
18649,240004,Find the Pickle
18650,22866,UNO: Family Guy
18651,11800,Fantasyland
18652,2190,Star Trek: The Card Game
18653,12289,Rooster Booster
18654,136585,Bejeweled
18655,7868,Quadtria
18656,7318,Bob the Builder: Scoop's Construction Site Game
18657,10949,La Maldición del Templo Cristal
18658,119856,Button Up!
18659,234623,Penguin Brawl: Heroes of Pentarctica
18660,103640,Carré
18661,7097,Go: The International Travel Game
18662,22571,Spit!
18663,653,Shit!
18664,187186,Movies Trivia Game
18665,5789,Bombs Away
18666,121122,The Lost Dutchman
18667,15284,Scavengers Gold
18668,10368,Numbers Up
18669,6426,Kage
18670,33646,Flippin' Frogs
18671,10960,Swärje
18672,13827,UFOs! Fritten aus dem All
18673,175923,Hoagie
18674,24142,Monopoly: Rudolph the Red-Nosed Reindeer
18675,124393,Cavemen Playing With Fire
18676,43799,Coral Sea Solitaire
18677,33125,Blasphemy
18678,176286,A.D.A.P.T.
18679,245325,Athens
18680,5465,Space Fleet
18681,90974,Splish Splash!
18682,6675,Madeline
18683,5638,Monopoly Playmaster
18684,32444,Bello
18685,255027,Quinque
18686,153780,Black Sheep and White Sheep
18687,13284,Cowpoker
18688,19552,Universal Fighting System: Penny Arcade
18689,2581,Kismet
18690,4260,Odyssey: The Gods Clash
18691,22268,Asterix & Obelix
18692,2450,Deuce
18693,8024,Up Scope! Tactical Submarine Warfare in the 20th Century
18694,13154,Monopoly: Popular Edition
18695,9808,Solotaire
18696,198836,3 Wishes
18697,138091,Guile
18698,36299,Indiana Jones Akator Temple Race Game
18699,8477,"10-Four, Good Buddy"
18700,934,Die Kette von Saba
18701,184383,Disney Eye Found It!
18702,329713,Dune: House Secrets
18703,942,Snail's Pace
18704,6702,Battlecards: World Conflict – The Russian Front – Starter Set
18705,126463,Spectrix
18706,16440,The Alley Cats Game
18707,4185,B.S.: The Game of Being Sneaky
18708,6383,Life Style
18709,564,Die Seidenstraße
18710,137244,Monopoly Hotels
18711,32194,Saba: Palast der Königin
18712,108100,Total Mania
18713,2102,Project CIA: The Secret Formula
18714,1136,Domain: The Warlock's Challenge
18715,5678,Thieves Guild
18716,3668,Tribbles Customizable Card Game
18717,163724,My Monopoly
18718,113312,Grill Party
18719,15396,Linkity
18720,168236,My Little Pony Rainbow Magic Game
18721,192311,Fast & Fhtagn
18722,32495,Murder City
18723,24443,Idol Quest
18724,35414,The Chain Game
18725,195195,Monster Rejects
18726,95115,Sopio
18727,1368,Tuf
18728,200792,All Hands On Deck
18729,19040,ChiZo RISING
18730,226356,Gimme Gimme Guinea Pigs
18731,28861,Kingdom Quest
18732,169256,Hoverkraft
18733,28053,Tunnelz
18734,22122,Fleeced!
18735,183888,Star Wars Death Star Boom Boom Balloon
18736,11083,Moby Pick
18737,150061,Celestial Rainbows
18738,252374,FReNeTiC
18739,721,Oregon Trail
18740,137016,Fish Fish
18741,21807,Papa Bear
18742,91664,Auf die Birne
18743,223034,Dungeon Hustle
18744,11138,Tank Command
18745,169077,Medicine Whoops
18746,56409,Activity Travel
18747,4634,Warhammer Warriors: Kal Jerico
18748,34575,Sea Monsters
18749,617,Alles Futsch
18750,2845,Star Fist
18751,169714,The Game of Life: My Little Pony
18752,13350,Jeu du Nain Jaune
18753,10033,Monopoly: Las Vegas
18754,857,Titanic: Der Mythos
18755,171626,Lotti Karotti: Das Hasenrennen
18756,10104,Take 5
18757,38464,Crash by Crash
18758,19530,Toot and Otto
18759,2186,Dino
18760,2784,Plague!
18761,147721,Karnickel
18762,165578,Astro Jam
18763,124758,Famous Forehand: The World's Smallest Tennis Game
18764,19349,Zahlemann und Söhne
18765,1330,Savannah Café
18766,36777,Showtime Hanoi
18767,21209,Thin Ice
18768,16367,Pick A Dilly
18769,136117,The Walking Dead Card Game
18770,2749,The American Civil War
18771,181263,Falling Coin
18772,9968,Custer's Luck
18773,4383,Oskar
18774,207713,The Lords of Rock: Mosh Pit
18775,103687,Lamborghini: The Official Race Game
18776,3319,Neutreeko
18777,10565,Fits
18778,7051,"Kampfpanzer: Armored Combat, 1937-40"
18779,6883,Cthulhu Mash
18780,12043,Stadt - Land - Fluss
18781,6840,Teams of Enemies
18782,188968,Bacon Wars
18783,57702,Monopoly: Family Game Night Championship Edition
18784,5449,Planet Hollywood: The Game
18785,2148,Huzzah!
18786,9415,Microdot
18787,7827,Fast Figure
18788,16130,Trivial Pursuit Junior: Fourth Edition
18789,204142,Cheers
18790,277779,I should have known that!
18791,26516,Boxers or Briefs?
18792,5882,Europe Aflame
18793,180940,Top Face!
18794,90467,Monsta
18795,189806,Rocket Squad
18796,2140,Eldorado
18797,285165,Tatort Tonne
18798,19647,Wir sind schwanger
18799,235018,Jungle Joust
18800,288920,Hội Phố
18801,47462,Killer Bunnies and the Quest for the Magic Carrot: Remix
18802,471,Totem
18803,36905,Eesti mälumäng
18804,124589,Flame War
18805,2871,Kookaburra Game
18806,91448,Scene It? Comedy Movies
18807,35023,The Origin of Expressions
18808,246704,Mixtape
18809,215154,Jungli-La
18810,4560,Fast 111's
18811,141594,Fleet Admiral
18812,2513,Colony
18813,30723,Die freche Sprech-Hexe
18814,4441,PornStar
18815,2650,Infection
18816,89620,Monopoly: Canada (Electronic Banking)
18817,110525,Sagaland Mitbringspiel
18818,63897,Shave a Sheep
18819,87871,Bra$ilis
18820,179228,Grim
18821,169463,The Princess Bride: Miracle Pill
18822,8400,Travel Buff
18823,18164,Black Cannon
18824,155327,Stand & Deliver
18825,216647,DiceBot MegaFun
18826,180746,Los Viajes del Capitán Foucault
18827,7465,Chekov
18828,7334,Knockout
18829,2404,Sorcerer King
18830,192801,Among Us
18831,1672,Open Fire: Solitaire Tank Combat in WWII
18832,162071,Vaults
18833,42368,Inquisitio
18834,83658,Медвед
18835,11047,Barbarossa: Game of the Russo-German War 1941-45
18836,21513,Hercules: The Legendary Journeys Trading Card Game
18837,33406,Who Am I?
18838,94958,Drôles de petites bêtes Domino
18839,5688,Trolls in the Pantry
18840,3434,Golden Deuce
18841,8560,Make 5
18842,32996,Yucatán
18843,4508,Warchon
18844,12304,Deluxe Pass the Pigs
18845,6630,Intercept: The Electronic Search and Destroy Game
18846,5715,Petropolis
18847,3566,Thinking Man's Football
18848,22379,aBRIDGEd
18849,24002,Pirate King
18850,41190,At Full Throttle
18851,4175,Diskwars: Legend of the Five Rings
18852,7912,Sand Castles
18853,17785,Seti
18854,1122,Dry Gulch
18855,8904,Cropredy Bridge: A Fleeting Victory
18856,65197,Le Marché de Samarkand
18857,195,NASCAR Champions
18858,7488,Squeeky
18859,4735,Where There's A Will
18860,18498,Zimbbos!
18861,3203,Contack
18862,1812,Night of the Ill-Tempered Squirrel
18863,2537,Draco & Co
18864,146146,Galapagos
18865,37490,"Lumps, the Game of Big Rolls and Smart Holds"
18866,191133,Monopoly: Here & Now World Edition
18867,107583,Ding!
18868,181153,Butts away! Heroes
18869,11115,Saipan
18870,2858,Mathable
18871,7329,Neopets: Adventures in Neopia
18872,266092,MonsterSlap
18873,136286,Star Wars: Bounty Hunter – Das Würfelspiel
18874,8847,Jargon
18875,22595,Axis of Evil: A Strategic Wargame
18876,32464,Sorry! The Simpsons Edition
18877,3501,Fantasy
18878,189833,Monopoly: Cthulhu
18879,5616,James Bond Secret Agent 007 Game
18880,4897,Shake Up
18881,34785,Murder Mystery Mansion
18882,4119,Challenge Yahtzee
18883,144066,Family Feud Strikeout Card Game
18884,161720,Rumplestiltskin!
18885,150216,QuickWits
18886,9594,Double-Play Baseball
18887,42380,Linwood
18888,206508,Disney Tsum Tsum Bubble Fever
18889,6710,Luck Plus
18890,3909,Pirate's Treasure
18891,4319,Zeppelin
18892,227847,"Brezhnev's War: NATO vs. the Warsaw Pact in Germany, 1980"
18893,6977,Mission Command Land
18894,158256,Last One Lost
18895,72957,Nino Delfino
18896,200188,Monster Misfits
18897,10578,Super 3
18898,1193,The Bottom Line
18899,103844,Castle Dash
18900,288361,Clash of Vikings
18901,3016,"Stand & Die: The Battle of Borodino, 1941"
18902,2550,Snarf Quest
18903,205865,Naova
18904,2626,Das Phantom
18905,3371,September
18906,5530,Burger Battle
18907,155912,Monopoly: Marvel Comics Collectors Edition
18908,107938,Dicecapades! Kerfuffle!
18909,17166,Clout Fantasy
18910,147685,Hook!
18911,9251,Whot
18912,13164,Mastermind for Kids
18913,41890,Food Chain
18914,203083,"Zombies, Run! The Board Game"
18915,252555,Bad Maps
18916,145963,Wetland
18917,30239,Der Goldene Kompass
18918,2643,Target: Libya
18919,1006,Die Erbraffer
18920,58396,20000 Mijlen onder zee
18921,6949,Garfield
18922,151367,Heads Up! Party Game
18923,103828,The Jam
18924,87280,Danse Macabre
18925,11826,Cyberpunk: The Collectible Card Game
18926,169755,Woof Meow Biscuits
18927,29268,Party & Co: Junior
18928,136588,Bejeweled Frenzy
18929,35676,Time After Time
18930,149323,Yahtzee Steal the Deal
18931,240135,Catch the Fox
18932,1994,Distant Seas: The Merchant Marine Game
18933,34974,Pasapalabra
18934,12274,Bloody Legacy
18935,13106,Dad's Army
18936,1657,Space Pigs
18937,165470,100!
18938,38991,Hot Potato
18939,124395,Chipleader
18940,72766,SmileyFace
18941,10306,King Kong
18942,4325,Conflict
18943,119622,Massilia
18944,206516,Mine All Mines
18945,19115,Dead Money
18946,8319,Sixth Fleet: US/Soviet Naval Operations in the Mediterranean in the 1970's
18947,148973,Jetpack Unicorn
18948,88996,Bag-O-Loot
18949,2336,S.P.I.V.'s
18950,174927,Masterline
18951,2771,Maginor
18952,170927,Kortslutning
18953,24522,Suspect
18954,197451,Rail Raiders Infinite
18955,10769,Herzlos
18956,1473,Barbarians: 70 BC - 260 AD
18957,124833,Tentacle Bento
18958,41095,Clue: Secrets & Spies
18959,33845,Nibble Nibble
18960,32685,Warriors of the Promised Land
18961,4598,Word Rummikub
18962,283544,25 Outlaws
18963,128180,Farkle Flip
18964,165414,Dudab
18965,28298,Bendomino
18966,94002,Nitro Dice
18967,144337,Doodle Jump
18968,2139,The X-Files Collectible Card Game
18969,26578,Tumbling Tower: Rainbow!
18970,7837,Drago Mago
18971,9621,Battle for the Galaxy: Zylatron
18972,218722,5 Second Rule: Uncensored
18973,151220,Monopolino
18974,40480,Fantasía S.A.
18975,3525,Act One
18976,21788,Panicozoo
18977,408,Zoon
18978,9959,WCW Nitro Trading Card Game
18979,207167,Monopoly: Ultimate Banking
18980,39431,Name Chase: Historical Figures Edition
18981,30335,Murdero
18982,31066,Aapep
18983,4790,Trivial Pursuit: Volume II
18984,4502,König der Maulwürfel
18985,23228,Evo
18986,243606,Clouds
18987,186185,Aladdin's Flying Carpet
18988,12420,Throw 'n Go Jenga
18989,8455,Anvil-Dragoon: Southwall 1944
18990,12988,Collide-O!
18991,12162,UNO Blitzo
18992,8998,Taboo Junior
18993,20311,Horse-opoly
18994,3273,Cat Attack
18995,10570,To the Far Shore
18996,1414,Decathlon
18997,192225,Pickle Letter
18998,174468,Guess Who? Shuffle
18999,958,Orcz
19000,18499,Fuldrigger
19001,63217,Scabs `N` Guts
19002,3884,Mana Burn
19003,25270,Stop & Go
19004,572,Battle Cattle
19005,104770,Monopoly: Crazy Cash
19006,24627,Star Wars Miniatures: Starship Battles
19007,8247,Hoppla Lama
19008,12683,Cookin' Cookies
19009,6874,Müller & Sohn
19010,3080,RSVP
19011,10688,Advanced Dungeons & Dragons Battlesystem Skirmishes
19012,4405,The Big Deal
19013,13490,Ballons
19014,34745,Battleship Express
19015,5527,Memo Street
19016,684,Monopoly: The Card Game
19017,3314,Lügenbeutel
19018,15372,Guesstimation
19019,130470,Marauders
19020,146151,Käse Würfeln
19021,947,Trivia for Dummies
19022,147523,Risk: Battlefield Rogue
19023,15195,Monopoly: X-Men
19024,33569,Wildcraft!
19025,10537,Kit & Caboodle
19026,110434,Farkle Frenzy
19027,30334,Fort Boyard
19028,136092,Blitzed!
19029,89404,Diary of a Wimpy Kid: Zoo-Wee Mama Card Game
19030,7552,Whad'Ya Know?
19031,42062,Pants on Fire!
19032,24706,Where is Moldova?
19033,180257,Molecular: The Strategic Chemistry Tile Game
19034,43042,Black Stories Junior: Blue Stories
19035,42542,Monopoly: Seinfeld Collector's Edition
19036,136285,Ubongo: Das Würfelspiel
19037,271042,UNDO: Curse from the Past
19038,7156,UNO: Hello Kitty
19039,18399,Fan Tan
19040,169045,Star Wars Galactic Dice Game
19041,9633,Barbie Queen of the Prom Game
19042,13262,Spider & Fly
19043,12976,The Mutiny on Little Blue
19044,13115,Taki
19045,3514,Game of Knowledge
19046,1607,Blurt!
19047,140153,T.E.G. Cartas
19048,95810,Herding Cats
19049,242024,Outpost: Amazon
19050,246317,Isidore
19051,4676,Rush for Glory
19052,21150,Stack Market
19053,207975,Siege
19054,33421,Collateral Damage
19055,254178,Gnomeland
19056,10345,Safari Round Up
19057,5621,Bleeding Sherwood
19058,190409,Star Wars: Duels Card Game
19059,10257,Battle of Buena Vista
19060,6534,Maya Madness
19061,17580,Koffer packen
19062,72482,Heroes of Graxia
19063,762,Formula C Minus
19064,157352,Doom and Bloom SURVIVAL!
19065,22802,Pandabo
19066,40871,Crunch: The Game for Utter Bankers
19067,15830,Scene It? Disney
19068,16153,Labyrinth Treasure Hunt
19069,11408,Monopoly: United States Navy
19070,181246,Crazy Bullets
19071,5709,Touché
19072,177633,Ciak! Il gioco di carte
19073,72376,Forever Young: A Vampire Game
19074,595,Escape from Elba
19075,1306,Krakatoa
19076,144374,Once Upon a Time... Life
19077,1998,Tutankhamen's Revenge
19078,22254,Narnia Risk Junior
19079,192904,Destroy BCN!
19080,149324,Escape from Sunset Island:  Zombie Apocalypse Simulator
19081,154889,Toasted or Roasted
19082,3298,Schleck und weg!!
19083,5886,Die Dracheninsel
19084,9508,Golden Trivia Game: M*A*S*H Edition
19085,13916,Mr & Mrs
19086,131006,Evil Intent
19087,2946,Pipeline
19088,10869,Heart of Africa
19089,24743,Machina
19090,15806,Knowing Me Knowing You
19091,133423,Rocket Game
19092,92094,Pointless: The Board Game
19093,6620,Den of Thieves
19094,4866,Park and Shop
19095,161553,Drecksause
19096,116596,Fruit Ninja Card Game
19097,1303,The Squirrel Game
19098,9929,Touch and Go
19099,83453,Best of British
19100,63067,Zombie Ninja Pirates
19101,126999,Coco Capitano
19102,4073,Malarky Card Game
19103,5689,Squelch!
19104,6647,Ökolopoly
19105,25155,PerplexCity: The Boardgame
19106,24379,Celebrity Head
19107,54395,Difference
19108,15031,Jochen der Rochen
19109,98189,Casse-toi Pov'con!
19110,2572,Quicksand
19111,67486,Bubble Talk
19112,175458,Bad Beets
19113,198147,Awful Fantasy: The Card Game
19114,999,Panda Monium
19115,1961,5 Alive
19116,8057,1944: Second Front
19117,10152,Super Simon
19118,182062,Movie Buff
19119,15090,Scrabble Dice
19120,5026,Don't Wake the Dragon!
19121,13879,Scene it? Jr.
19122,192353,Spooky Castle
19123,51505,Seinfeld Trivia Game
19124,9589,Dog Dice
19125,28834,Heli Hopper
19126,6681,Back Off! Buzzard
19127,167589,Cut the Rope: The Card Game
19128,254494,Dodoresque
19129,10511,Gute Freunde
19130,181616,8-28
19131,1450,Jagd der Vampire
19132,34825,4-mation
19133,171547,Tornado Ellie
19134,7549,Stone Soup
19135,4885,Chicken Out
19136,4081,Nick at Nite Classic TV Trivia Game
19137,15455,Värsta Språket
19138,535,Power Barons
19139,38504,Hurry'Cup!
19140,20499,Gangster II: Le Pro
19141,23200,Dylan Dog
19142,38359,The 3 Commandments
19143,193049,Mau Mau!!
19144,50912,NichtLustig: Labor Chaos
19145,34277,Gisborne: Die ersten Kartographen
19146,89222,Bloodsuckers
19147,252892,Here Comes the Dog
19148,6006,Iron Cross
19149,71837,The Hunger Games: Training Days
19150,189969,Orange Quest
19151,261307,5 Second Rule Jr.
19152,235695,Frontier: The Card Game
19153,38476,Igor: The Life of the Party
19154,3189,BAS-KET
19155,146259,Sangoku
19156,7631,The Game of Sniglets
19157,11528,White Eagle Eastward
19158,267030,The Singaporean Dream
19159,40559,Trivial Pursuit: Family
19160,3271,Battlesuit
19161,210181,Doctor Who: Time Clash – Starter Set
19162,40386,Disney Club Penguin Trading Card Game
19163,2314,Off to the Tower
19164,12544,Dungeons & Dragons Adventure Game: Diablo II Edition
19165,101519,Rise or Fall
19166,14696,The Horse Race Game
19167,333,Waterworks
19168,6499,Two Player Brick by Brick
19169,135492,Minderheiten-Quartett
19170,26986,Retro
19171,154298,Alchemy!
19172,4952,"Trivial Pursuit: TV Edition – 4,800 Questions and Answers"
19173,4951,PAC-MAN Card Game
19174,24754,Sneaks
19175,11585,Sum Swamp
19176,8593,Wreckage
19177,9388,Knock!  Knock!
19178,8637,Tears of the Dragon
19179,139975,Twisted Farkel
19180,858,Blindes Huhn
19181,1542,Calamity!
19182,43231,Balance of Power
19183,8177,UNO: Spider-Man
19184,36615,The Game of Life: Indiana Jones
19185,4353,Vector 3
19186,171447,Bad Bunnies
19187,78436,Apples to Apples Mod
19188,3762,Mister Diamond
19189,2492,Doctor Faust
19190,3673,Hot Spot
19191,13972,Party & Co
19192,214343,Fantastic Gymnastics
19193,2430,Phlounder
19194,2681,Countdown
19195,28063,Het goud van de Farao
19196,166661,Paititi
19197,2664,Push Over
19198,19062,CardChess
19199,5666,Strolling Bowling
19200,183532,Star Wars: Galaxy Rebellion
19201,7009,Khyber Rifles
19202,240130,Rubik's Battle
19203,168168,Prima Ballerina
19204,129851,Czech Pub
19205,33497,Celtyckie Miecze
19206,12912,Monopoly: Golf
19207,164542,Expeditie Robinson
19208,7069,Summer Camp
19209,125013,Next!
19210,22801,Rapido
19211,15819,Snifty Snakes
19212,9174,Leonardo
19213,89915,Top & Down
19214,19447,WWE DVD Board Game
19215,1937,Lao Pengh
19216,22380,CSI: Senses
19217,27552,Élve fogd el
19218,119165,Serpent Stones
19219,206681,Space Base Mutiny
19220,188129,Heroes and Tricks
19221,185195,Urbis
19222,1221,Crossed Wires
19223,254419,Weird Things Humans Search For
19224,3483,Pinocchio
19225,14374,Monster Match
19226,2391,Risky Strategy
19227,4310,Sting
19228,40433,Crazy Old Fish War
19229,190685,We Detectives
19230,997,Canaletto
19231,9578,Goosebumps: One Day at Horrorland Game
19232,7471,Breaking Point
19233,191880,Skibe
19234,1063,Schraumen
19235,14617,Mikado Magnetico
19236,3232,Fraggle Rock
19237,31069,Medievalia
19238,34655,Serendipity
19239,160067,The Worst Game Ever
19240,954,Pony Express
19241,26563,Upturn
19242,1099,Downspin
19243,129053,Meins!
19244,2193,Food Fight
19245,13052,Missionary: Impossible
19246,256375,Star Wars: I've Got a Bad Feeling About This!
19247,3842,Wing Commander
19248,1641,Bounty
19249,154642,Cinelinx: A Card Game For People Who Love Movies
19250,31057,Easy School
19251,181492,Operation: Kindergarten
19252,325413,ONE
19253,242289,Cat Chaos Card Game: Celebrity Edition
19254,29019,Gildia
19255,21631,Bohnkick
19256,269573,Dracarys Dice
19257,29119,Party Pooper
19258,92497,Pass the Pigs: Pig Party Edition
19259,272350,Beagle or Bagel?
19260,6873,Letra-Mix
19261,14347,UNO: Disney Princess
19262,14422,Pride and Prejudice: The Game
19263,4519,Yum
19264,5302,SPI Baseball
19265,4486,Dragonslayer
19266,98857,White Elephant
19267,32684,Scene It? Pirates of the Caribbean
19268,11052,BRIDG-IT
19269,167850,Zombie Mania!
19270,23723,Dinosaurs Extinct?
19271,3398,Eye of Horus
19272,28301,Trivial Pursuit: Music Edition 1990-Now – Bite-size
19273,32702,Foodie Fight
19274,11616,Monopoly: Spider-Man
19275,63899,Magma Monster
19276,28371,Monopoly: My Marvel Heroes
19277,89976,Bugs & Co
19278,5433,The Crocodile Hunter Game
19279,12491,UNO: Disney
19280,1398,Chicago
19281,5347,Edge City
19282,58375,Eine gegen Eine
19283,38860,Switch: Secrets of the Temple
19284,122868,Blackrock City
19285,75762,ego: love
19286,28176,Crazy Creatures
19287,148628,Age of Soccer
19288,102965,Agent Doppelnull
19289,141250,Pirackie Skarby
19290,208533,Batman: The Animated Series – Almost Got 'Im Card Game
19291,4577,Hollywood Squares
19292,62478,Mâamut
19293,6886,Capital Adventure
19294,24484,Disorder
19295,158771,Hogger Logger
19296,9639,Aladdin: The Magic Carpet Game
19297,17579,Scrambled States of America 2
19298,5209,Rondo
19299,200610,Million Dollars But... The Game
19300,2326,Pirate and Traveler
19301,26778,Machina II: Przeładowanie
19302,40236,A Conclave of Wyrms
19303,2792,Coco Crazy
19304,5204,Dimension Demons
19305,4797,Guinness Game of World Records
19306,146496,Bam!: Das unanständig gute Wortspiel
19307,137404,Banana Party
19308,80935,L'Aventure c'est dur
19309,252544,Dice Summoners
19310,8484,Xena Warrior Princess: The Board Game
19311,26122,Monopoly: Spanish
19312,4023,Frag Deadlands
19313,135648,Tales & Games: Baba Yaga
19314,6531,Dwarven Dig!
19315,76443,Legitimacy
19316,35262,Monopoly: Here & Now Electronic Banking
19317,179628,Flipping Flags
19318,33599,Der schwarze Pirat: Das Duell
19319,217177,Space Poo: The Card Game
19320,89931,Frog Rush
19321,158343,Hand Made Wonders
19322,18063,Goldrush
19323,4788,Quad-Ominos
19324,808,Pipeline: The Oil Game
19325,4042,Dweebs Geeks & Weirdos
19326,264714,The Game of Life: Quarter-Life Crisis
19327,32683,Scene It? Harry Potter Second Edition
19328,23812,Drachenjäger von Xorlosch
19329,12130,Barons' War
19330,162915,8 the Liar
19331,299249,Mint Control
19332,33614,Adventurer: Card Game
19333,139894,Alchemist Academy
19334,147112,Monopoly: My Little Pony
19335,109252,Creature Clash! Card Game
19336,36650,Quick
19337,225313,Spoilers: The Beginning
19338,16873,Dividends
19339,37168,El Palé
19340,36236,Living Labyrinth
19341,17700,Cluedo Card Game
19342,107435,Campbell's Alphabet Dice Game
19343,740,Rio Grande:  The Battle of Valverde
19344,40507,Skip-Bo Junior
19345,32431,Altamira
19346,188576,GG
19347,1200,Sagarian
19348,42691,RÖK
19349,11563,Forgotten Axis: The Finnish Campaign
19350,257880,The Golden Girls: Any Way you Slice it
19351,9583,UNO: SpongeBob SquarePants
19352,9188,SPI Football
19353,162571,PBL Robots
19354,87748,Frenetic Village
19355,180975,Crimson Creek
19356,16141,Fredericus
19357,206851,Kivi
19358,9357,East Wind Rain: The War in the Pacific 1941-1945
19359,1524,Fight City
19360,2406,Whosit?
19361,7869,Balancing Aliens
19362,154009,Mondo: Der rasante Legespaß
19363,246,Politika
19364,2649,Spider Wars
19365,4561,Carrera de Mente
19366,5244,Star Wars: Destroy Death Star Game
19367,86443,Color-A-Do
19368,33701,Wahoo
19369,298,Lang lebe der König!
19370,43233,Nmbrs!
19371,30248,Mini Chuck-it Chicken!
19372,10999,Abracadabra
19373,200783,HOP!
19374,2068,Der Herr der Wichtel
19375,5496,Riddles & Riches
19376,20139,Elementals
19377,676,Ninja Wars
19378,6839,The Bionic Woman
19379,15791,Alerta Roja
19380,3324,Railroader
19381,32107,Cro-Magnon
19382,8429,Combat Command: Tactical Armored Warfare
19383,148040,Monopoly: The Walking Dead – Survival Edition
19384,239074,Color Smash
19385,35468,On Top
19386,663,Siege
19387,137201,Epic Death!
19388,18464,White Rabbit
19389,64438,Uno Tippo
19390,55820,Santa Timea
19391,3253,Perpetual Notion
19392,163170,Firefly: Shiny Dice
19393,8038,Eagles of the Empire: Napoleon in the Desert
19394,265026,The Floor is Lava
19395,42892,The Isle of Doctor Necreaux
19396,12030,WWF Wrestling Challenge
19397,9785,Twelve Caesars
19398,287741,The Furglars
19399,13477,Space Shuffle
19400,8806,Trivial Pursuit: All American Edition
19401,21967,Trivial Pursuit for Kids
19402,5121,Knock Out
19403,5810,Trivial Pursuit: Warner Bros. All Family Edition
19404,67712,Susume!! Kaizoku-san
19405,297,Stadens Nyckel
19406,15542,Orangino
19407,256479,TomaTomato
19408,25469,SchreckLicht
19409,675,4th Dimension
19410,13169,My First Rummikub
19411,215532,Misantropia
19412,235247,Jim Henson's The Dark Crystal: Board Game
19413,95589,Bad Grandmas
19414,119872,Joomba!
19415,19425,Daemonibus
19416,4365,Dark Victory: The Battle of the Alamo
19417,4443,Am Rande des Gletschers
19418,10090,Turmbau zu Babel
19419,273933,Techlandia
19420,35658,Malta Convoy: Operation Pedestal
19421,19991,London 1888
19422,39,Darkover
19423,11883,Trivial Pursuit: Volume 6
19424,6386,Nibelungen
19425,253048,Legends of Signum: Battle for Vallor
19426,22501,See Sek
19427,3919,Chute-5
19428,10283,Monkey Madness
19429,182380,Robogem
19430,134615,Zogar's Gaze
19431,10599,Tempest of the Gods
19432,133687,MimiQ
19433,29010,Walk the Plank
19434,203661,Bad People
19435,2370,Cows Can't Dance (But They Like to Be Asked!)
19436,27374,Europareise
19437,325628,Страдающее средневековье (Medieval Suffering)
19438,2074,Murphy
19439,328,Damn the Torpedoes!
19440,13384,Election USA
19441,26017,Space Checkers
19442,154553,Last Letter
19443,210098,Circus Puppy
19444,172257,ZomBee
19445,10612,Schampus
19446,157083,Dragon Valley
19447,3342,Soccerama
19448,139769,Robotech RPG Tactics
19449,147423,Jumping Jack
19450,14360,Trivial Pursuit: Star Wars – Episode I
19451,128635,Saqqara
19452,137014,Professor Tempus
19453,8100,Frik
19454,2724,Apache: A Game of the Old West
19455,4976,Derby Days
19456,266031,Meme: The Game – Disney Edition
19457,66590,Just4Fun Colours
19458,2925,The Dukes of Hazzard Game
19459,9348,Der Alchimist
19460,8088,Scrabble Rebus
19461,88554,MythBusters: The Game
19462,11573,Celebrity Taboo
19463,18812,"Ship, Captain, and Crew"
19464,19381,Quest Cards
19465,1259,Pivot
19466,10432,Hercules: The Legendary Journeys
19467,174065,Pan tu nie stał! Demoludy
19468,85562,LineUp
19469,1973,Outburst Junior
19470,170190,Time Jockeys
19471,3941,Dragonriders of Pern
19472,74936,War Cards
19473,8448,Bible Challenge
19474,25455,Mercante in Fiera
19475,5312,Family Feud
19476,97824,Sanitarium
19477,4745,Battlecards: World Conflict – Western European Campaign – Starter Set
19478,39276,Casino Hot Dog
19479,16262,Race
19480,229954,Junggle
19481,6661,Corda
19482,914,Battle Platform Antilles
19483,286547,Wizard Würfelspiel
19484,195696,Magicka Mayhem: The Card Game
19485,3533,Arena of Death: Heroic Combat in the Fantasy World of DragonQuest
19486,31421,Skräll
19487,118315,Ruse
19488,199590,Valiant Universe: The Deckbuilding Game
19489,13714,Qubic
19490,5108,The Disneyland Game
19491,9426,Long Cours
19492,12453,Atmosfear: The DVD Board Game
19493,26540,Napoleonic Battles: Austerlitz 1805
19494,57239,Locale
19495,38678,Novem
19496,99254,Monopoly: The Lord of the Rings Collectors Edition
19497,2517,Ulcers
19498,5841,Quick Wit
19499,40247,BrainBox: World
19500,263189,Harry Potter: A Year at Hogwarts
19501,3030,Baggage Claim
19502,1636,The Quest of the Philosopher's Stone
19503,9293,Turbulent Top
19504,23598,Mother Sheep
19505,31235,The Witcher
19506,113070,Zoneplex
19507,4326,Virus & Co
19508,5609,Oxford Dilemma
19509,155465,Peasant Buffet
19510,19914,Hexxagon
19511,237213,Rhino Hero: Active Kids
19512,6524,VH1 Pop Up Video Game
19513,1752,Haps
19514,24009,Battleship Command: Pirates of the Caribbean
19515,6963,Monopoly: Scooby-Doo! Fright Fest
19516,12624,Trivial Pursuit: 10th Anniversary
19517,8349,Farm Families
19518,152615,Zombie-opoly
19519,19000,Marvel Trivia Game
19520,16160,Junior Alias
19521,65134,Sorry! Revenge Card Game
19522,172707,Z First Impact: Opus 1 Chapter 1
19523,5564,Oh What a Mountain!
19524,67364,3D Tic Tac Toe
19525,156118,The Red Dragon's Lair
19526,206410,Nothing To Declare
19527,152724,Are You Normal?
19528,20217,Splash Attack
19529,121471,Banditos
19530,220741,Yummy Yummy Pancake
19531,89927,Ramses Return
19532,201842,Cup of Bluff
19533,4912,G.I. Joe Adventure Board Game
19534,87929,Ninjago
19535,149069,The Great Snowball Battle
19536,4893,The Real Ghostbusters Game
19537,11784,Instant Recall
19538,172580,"The Vampire, the Elf & the Cthulhu"
19539,4181,Tri-Trac
19540,8210,Monopoly: The Wizard of Oz – Collector's Edition
19541,230995,Deadland
19542,4267,Jaunty Jalopies
19543,8618,This Vs That
19544,28508,Loaded Questions: Adult Version
19545,9706,Tis The Season: Christmas Trivia
19546,6513,Don't Panic!
19547,22289,Geni!
19548,31315,Brin de Jasette
19549,209551,Zombergeek
19550,31848,Wall Street
19551,600,Die Weinhändler
19552,58339,Amos Daragon
19553,1084,Das Gold der Maya
19554,24447,Twisted Fish
19555,126703,Monopoly: World of Warcraft Collector's Edition
19556,61470,Phase 10 Master
19557,197538,POOP: Party Pooper Edition
19558,58713,Lübeck
19559,3745,Bioviva
19560,11393,Tummy Ache
19561,139471,Civility
19562,23025,Shoot Out
19563,4034,Triazzle
19564,21705,Scene It? Friends
19565,5084,Berzerk
19566,5361,Doubletrack
19567,2311,Wild Life
19568,17576,Chameleon
19569,15182,Destination London
19570,7864,Wildside
19571,2357,Nizza
19572,8996,Pictionary Junior
19573,246345,Ninja Rush
19574,64706,Monopoly Free Parking Mini Game
19575,196379,Shit Happens
19576,110598,Isegrim
19577,14342,Scene It? TV
19578,15354,Race Around Britain!
19579,11641,Lemony Snicket's A Series of Unfortunate Events: The Catastrophic Card Game
19580,1391,Aura Poku
19581,23257,Antarctica
19582,8447,Objective: Tunis
19583,2821,UNO Stacko
19584,24318,UNO Spin
19585,19842,Alpen Roulette
19586,156930,Pizza XXL
19587,6965,Monopoly: Muppets
19588,32922,Camper Tour
19589,6958,Monopoly: Justice League of America
19590,8619,Pictionary: Bible
19591,180654,Zombie Road Trip
19592,268948,Monopoly: Friends The TV Series
19593,13126,Tetris Tower 3D
19594,11642,Harry Potter Hogwarts Dueling Club Game
19595,275,Extinction
19596,38227,Wolsung: The Boardgame
19597,163576,Monopoly: The Legend of Zelda
19598,55279,Ergo
19599,94073,Hit the Deck
19600,157979,Tau Ceti: Planetary Crisis
19601,169502,Firefly: Fistful of Credits
19602,94486,Mermaid Island
19603,207670,Nectar
19604,4558,Take Off!
19605,14134,My Dwarves Fly
19606,144735,Seas of Iron
19607,4904,Wicket The Ewok
19608,1056,Piratenpoker
19609,1802,Zwickern
19610,13412,What's in Ned's Head?
19611,316927,Sweet Existence: A Strange Planet Card Game
19612,168005,Alien Invasion
19613,10303,F*ck This!
19614,3255,Cash Flow
19615,10270,Media Mogul
19616,13478,StrataGem
19617,19616,Monopoly: Vintage Game Collection
19618,304021,Lost in Valhalla
19619,605,Banana Republic
19620,146299,Bowling for Zombies!!!
19621,8691,The Top 10 Game
19622,131982,We Are Dead: Zombie Mall Massacre
19623,207917,Scandinavia and the World: A Heap of Trouble
19624,27584,Schafe Schnappen
19625,4433,Acrobats
19626,295394,Juduku
19627,246015,Hearing Things
19628,178569,CatTube Famous
19629,3302,Machu Picchu
19630,3020,Monopoly: Looney Tunes
19631,10582,Who Wants to Be a Millionaire Junior
19632,243093,5 Second Rule Mini Game
19633,3268,Bunker Poker
19634,674,J.U.M.P. Into the Unknown
19635,2962,Inner Circle
19636,11001,Mister Bill
19637,10282,Masters of the Universe 3-D Action Game
19638,11262,Monopoly: NFL Official
19639,22342,Amazones
19640,146104,UnNatural Selection
19641,6232,Market Day
19642,2306,Bewitched
19643,149328,Trivial Pursuit: Party
19644,282080,Posing Pandas
19645,16191,War II
19646,4374,Crosstrack
19647,141059,Shelby's Snack Shack Game
19648,3650,The Twilight War
19649,73288,Dumb Ass
19650,172506,Speed Snacks
19651,3622,eBay: The Card Game
19652,2348,Lotus
19653,2493,The Grand Alchemist
19654,32863,Quelf Jr.
19655,9912,Stacrobats
19656,20836,Sneeze
19657,4736,Armor Supremacy
19658,5794,Landyland
19659,852,Pop Belly
19660,89926,Sunblock
19661,43043,Black Stories Junior: Green Stories
19662,7611,Differix
19663,26134,Die Drachenbändiger von Zavandor
19664,75,Falling
19665,197068,Trick-Taking: The Trick-Taking Game
19666,32224,4th Corner
19667,51512,Super WHY ABC Letter Game
19668,331666,Zola
19669,246398,Exploding Kittens: Newbie Edition
19670,175730,Surviving: One month in
19671,6339,Dying Lights
19672,14423,Husker Du?
19673,289020,Incohearent
19674,137669,Gearworld: The Borderlands
19675,2840,Heuchel und Meuchel
19676,156648,Blood of the Werewolf
19677,11673,Spanish Civil War Battles: Vol. 2 – Guadalajara & Penarroya
19678,27870,Toss Your Cookies
19679,286309,UNO Dice Game
19680,1156,Bram Stoker's Dracula: The Board Game
19681,62854,Humpty Dumpty's Wall Game
19682,5646,Stap op
19683,130227,Big Badaboom
19684,4280,Starleader: Assault! – A Futuristic Man-To-Man Combat Game
19685,773,Beim Zeus!
19686,400,Shanghai
19687,10626,Pacific War Classics Vol 1: Tarawa & Saipan
19688,209378,Totem
19689,98371,Jolly Octopus
19690,7235,Interstellar Wars
19691,3205,Da geht was ab im Morgenland
19692,6712,Monopoly: Coca-Cola Collector's Edition
19693,170054,Accentuate
19694,65581,Hamunaptra: Aventures dans la Grande Pyramide
19695,9234,My Word
19696,131164,Barbeque Party
19697,3451,Coffee!
19698,26522,High School Drama!
19699,2463,Scavenger Hunt
19700,1105,Titus
19701,126234,Carmarace
19702,5617,Bionic Crisis
19703,7999,Airlines: United States Set 2
19704,5585,UNO: Harry Potter
19705,189520,Politisk ukorrekt
19706,25248,Dragon
19707,6563,Sweet Valley High
19708,26729,Blanko
19709,5742,Escape from Colditz Castle
19710,50458,Billy Biber
19711,149611,Greedy Wizards
19712,172310,Kakerlaloop
19713,95128,Startup Fever
19714,2750,Imaginiff
19715,218639,Eye 'N Seek
19716,11822,The All Canadian Trivia Board Game
19717,22923,Dragon Stripes
19718,232944,Where in the World is Carmen Sandiego? Card Game
19719,4381,Back to Iraq
19720,202726,Suicidium
19721,145621,Mad QUAO
19722,92646,The Million Pound Drop
19723,161928,Utter Nonsense
19724,125395,Zombies!!! The Card Game
19725,197435,Santa VS Jesus
19726,188930,Tue Fourre Marie... et pire encore!
19727,30820,Wind & Wetter
19728,140829,Hunter's Guild: The Vampire Forest
19729,5427,TriBond Card Game
19730,103191,Pergamemnon
19731,94684,Spontuneous
19732,139779,Migrato
19733,72566,Monopoly: The Simpsons Electronic Banking Edition
19734,22445,Guru
19735,8256,LEGO Constructionary Game
19736,9406,The Simpsons: Don't Have A Cow Dice Game
19737,1184,Zug nach Westen
19738,3090,Doctor Who: The Game of Time & Space
19739,20771,Bad Babiez
19740,62633,Undercover in Europa
19741,109932,Miskatonic School for Girls
19742,224751,ROBiTs
19743,7331,Rum Rebellion
19744,6959,Monopoly: Elvis Presley 25th Anniversary
19745,17071,Caravans of Ahldarahd
19746,152867,Unita
19747,26089,Dschingis Khan: Bewegung an der Großen Mauer
19748,31294,Dead End
19749,41646,Sushi Roll!
19750,3629,Start Your Own Riot!
19751,290506,Finity
19752,123991,Taggle
19753,5540,Höhlengrölen
19754,124960,3012
19755,89569,Uskoci: A Card Game of Croatian Pirates
19756,32794,Disney Pictionary DVD Game
19757,12819,The Dinosaur Game: Survival or Extinction
19758,1819,Proton
19759,1534,Jump!
19760,287810,"New Phone, Who Dis?"
19761,3329,Hans Dampf
19762,2429,Barnabas Collins Dark Shadows Game
19763,5208,Six Cubes
19764,134477,Temple Run: Speed Sprint Card Game
19765,1299,Trivial Pursuit: Genus IV
19766,5961,Battle for Basra
19767,26700,Monopoly: Dutch Edition
19768,175879,Ruddy Vikings
19769,249816,Taco vs. Burrito
19770,5804,Marvel Trivia Game
19771,154085,How to Human
19772,136554,Rock Me Archimedes
19773,39898,Word Pirates!
19774,36415,90°
19775,151005,Wands
19776,556,7 Safari
19777,14314,Deus Vult!
19778,1946,Ali Baba
19779,39252,Hexus
19780,5996,"The Battle for Cassino: Assaulting the Gustav Line, 1944"
19781,203967,Arkham Ritual
19782,2418,Rainbows
19783,12637,X-Men: Crisis in the Danger Room
19784,11561,Forgotten Axis: Murmansk 1941
19785,3214,Avalon Hill Game Company's Game of Trivia
19786,184044,Cul-De-Sac Conquest
19787,72535,Exile Sun
19788,127,Princess Ryan's Star Marines
19789,155157,Baby Blues
19790,24125,Gangster
19791,21249,Recess!
19792,107056,Ninjutsu: Battle of the Ninjas
19793,2075,Restaurant
19794,172007,The Voting Game
19795,167669,The Best of TV and Movies
19796,46147,Свинтус
19797,8964,Funny Bunny
19798,38337,Fishing for Terrorists Version 2.0
19799,9227,Weed!
19800,7610,Fowl Play
19801,1714,Moonstar
19802,2788,First to Reverse
19803,2497,Goldrush-City
19804,3846,Ghostly Galleon
19805,42920,UNO Moo!
19806,22354,Dagon contra el Hechicero de los Reinos Negros
19807,797,Flucht aus Mangrovia
19808,183868,Awkward Turtle
19809,138195,City Blocks
19810,101718,Terra Evolution
19811,24151,Skullduggery
19812,20096,Toru
19813,5430,Best of TriBond
19814,174988,4 en Letras
19815,98203,Redakai
19816,13951,Guess Where?
19817,11635,Harry Potter and the Chamber of Secrets Trivia Game
19818,3486,Bataclan
19819,26617,Hatch: The Dragonology Card Game
19820,167465,Laser Cat Attack!
19821,3524,Geeks: The Convention
19822,38950,Halma
19823,9115,Questo Gioco del Calcio
19824,14992,Sword & Skull
19825,8254,Balance
19826,11714,Bunte Vögel
19827,171411,Bubble Bomb
19828,265832,WTF?
19829,1199,Hocus Focus
19830,10419,Adversity
19831,191077,Gierki Małżeńskie
19832,160273,Virus the Card Game
19833,18562,World Championship Dodge Ball
19834,97888,Monopoly: Doctor Who
19835,9541,The Addams Family Family Reunion Game
19836,164449,Karate Fight
19837,8970,Herd Your Horses!
19838,27800,The Market of Alturien
19839,66499,Roope-Setä Liikemiespeli
19840,120579,Spuzzle
19841,16158,Wangaratta
19842,4922,Clever Endeavor
19843,11556,Money Bags
19844,33623,Larry
19845,38154,Electronic Pictionary Man
19846,15380,The Game of CHIPS
19847,120268,Monsters & Maidens
19848,24110,Teraforming
19849,205101,A Dog's Life
19850,2549,Top Hats
19851,84514,Monty Python's Really Silly Board Game
19852,41186,Monopoly City
19853,4404,Gold!
19854,34173,"Si, Oscuro Padrino!"
19855,4371,Last Man Standing
19856,28860,Totem Land
19857,5512,Fighting Fantasy Battle Cards
19858,177502,Monopoly: Marvel Avengers
19859,195545,Oppai Go!
19860,3687,Picture Pursuit
19861,12424,Daring Eagle
19862,11938,The Dukes of Hazzard Card Game
19863,10575,Lightning Reaction
19864,7713,Dingo
19865,13239,Dragon Master
19866,69275,Yakari Wettlaufspiel
19867,2295,Astérix et les Romains
19868,1625,Pokémon Jr. Adventure Game: Pokémon Emergency!
19869,27468,Book of Mormon Battles
19870,20224,Geld & Börse
19871,8654,Grand Prix
19872,11530,Don't Be A Dork: The Ultimate Party Adventure Game!
19873,179876,Jailbreakers: Plan Your Escape
19874,13165,Owzthat
19875,1610,The Worlds of Boris Vallejo
19876,32601,Rubik's Revolution
19877,120515,Chupacabra: Survive the Night
19878,165294,"Zobmondo!! Would You Rather...? twisted, sick and wrong"
19879,230976,Bard Saga
19880,18064,"Run for Your Life, Candyman!"
19881,14812,Camelot
19882,39552,GoLong Football Dice Game
19883,25754,Wildlife DVD Boardgame
19884,35877,Piston Cup
19885,1638,Archimedes
19886,6412,Humm...ble
19887,18828,Monopoly: Singapore
19888,8191,Snail Race
19889,181471,Catan: Chocolate Edition
19890,32369,Mind Twist
19891,496,Dilemma
19892,1626,Krull
19893,66251,Galapagos
19894,230768,Out of the Woods
19895,69175,Wobble
19896,35499,Fight Klub
19897,9547,Are You Afraid of the Dark?
19898,13989,Mad About Movies!
19899,39778,Big Brain Academy Cardgame
19900,5885,Meschugge
19901,66276,Awans: Zostań Marszałkiem Polski
19902,57422,Climate-Poker
19903,24323,Yahtzee Turbo
19904,13817,Monopoly: 1935 Commemorative Edition
19905,8321,Beirut ‘82: Arab Stalingrad
19906,7715,Porca Miseria
19907,3427,Blockhead!
19908,311659,What Do you Meme?: Family Edition
19909,186212,Win/Lose Revolution
19910,29924,Monopoly: Transformers
19911,85394,The Last Banquet
19912,2001,Trivial Pursuit: Family Edition
19913,7249,The Legend of Zelda
19914,4509,Funny Bones
19915,9573,The Dick Tracy Game
19916,9947,The Smurf Game
19917,5649,Rock Trivia
19918,20231,Die Pyramide des Krimsutep
19919,10275,The X-Files Trivia Game
19920,15462,Get Nifty
19921,58253,Appletters
19922,4157,Hail to the Chief
19923,18695,Lightning: War on Terror
19924,27981,Candy Land Castle
19925,24254,Simulations Canada's Battleship
19926,7964,West Wall
19927,37847,The Dangerous Book for Boys Game
19928,85995,Dinomeal
19929,1653,Coup
19930,63443,Dilbert: Escape from Cubeville
19931,20989,Krusade
19932,246037,Misdirection
19933,198305,Bandits on Mars
19934,13935,7 Deadly Sins
19935,220546,Speak Out: Kids vs Parents
19936,2258,The Stock Market Game
19937,6486,Save the President
19938,23308,Pirates of the Caribbean: Trading Card Game
19939,1126,Car Wars: The Card Game
19940,26768,Stixx
19941,40514,Scrabble Apple
19942,144036,Diamonsters
19943,4442,Oraklos
19944,257074,Pechvogel
19945,57129,Pop N' Drop Penguins
19946,1939,Kismet
19947,2002,Magical Maze
19948,1178,Sphinx
19949,24901,Bunny Hop
19950,145842,Monopoly Empire
19951,3175,The ElfQuest Boardgame
19952,88608,Cranium Cards
19953,30363,1001 Karawane
19954,150162,Pirates vs. Ninjas
19955,141991,Yorsh
19956,169558,Noches de Sangre
19957,171369,Schlafmütze
19958,240133,Soggy Doggy
19959,4596,Ein Nilpferd kommt selten allein
19960,19621,Mental Floss Game
19961,17521,Golf
19962,36380,FATAL
19963,17323,Kitty Chaos
19964,101954,Rollin' Bones: Pirates of the Caribbean (On Stranger Tides) Dice Game
19965,8204,Star Wars: Death Star Assault Game
19966,3753,Estanciero
19967,88881,Zoo Yatzy
19968,14991,Elementalis
19969,375,6 Billion
19970,194032,Dragon Rapid Fire
19971,12601,NFL Showdown
19972,9805,Habana Taxi
19973,2283,Flip
19974,6228,Rolling Thunder
19975,31508,ReFraze
19976,217007,La Criatura
19977,182865,Engineering Ants
19978,100670,Défis Nature
19979,228501,60 Seconds to Save the World
19980,228687,Champion of Earth
19981,17159,Survivor: The Game
19982,105123,Bananas
19983,2225,Bamboozle
19984,391,Ocean
19985,251642,CIA: Collect It All
19986,22090,Destruct 3
19987,1191,Card Caper
19988,194575,Loża Szyderców
19989,11037,El Capitán Alatriste
19990,5899,Fantasy Adventures
19991,6990,Ultra Ducks
19992,24053,Section X
19993,116975,Diam's
19994,14361,Trivial Pursuit: Disney – The Animated Picture Edition
19995,13128,Yundao
19996,53373,Kazaam Dice
19997,24137,Monopoly: Pirates of the Caribbean
19998,5532,Where in the USA is Carmen Sandiego?
19999,2378,Drachenfels
20000,254686,Last Heroes
20001,10094,Weakest Link
20002,55597,Chaos Marauders (Second Edition)
20003,32743,Black Stories: Mystery Edition
20004,6994,Scrabble Card Game
20005,21124,Monopoly: Disney Theme Park
20006,21529,Poker Tiles Game
20007,32740,Zakgeldspel
20008,103922,Star Wars: Angriff der Rebellen
20009,2403,Go Wild!
20010,5717,Girl Talk
20011,13309,Sicilianos
20012,296420,Bids
20013,24932,Cranium Zooreka!
20014,39145,GemBlo Pyramid
20015,235534,Pummeleinhorn: Der Kekfe Marathon
20016,24473,Megastar
20017,122598,Beer & Vikings
20018,100374,Atlantida
20019,166537,RuneCast
20020,136116,Primo
20021,15497,Millionær
20022,61,Fossil
20023,158947,Fantasy Dice Battles
20024,199247,Hypnose
20025,280149,Mastabas
20026,148517,S-Evolution
20027,134255,Angry Birds: Star Wars – Jenga Death Star Game
20028,11854,Kameltreiber AG
20029,19484,Wiochmen Rejser
20030,20924,The Guinness Game of Records
20031,236639,Flaming Pyramids
20032,2990,Balanx
20033,4037,"Raid! Commando Operations, in the 20th Century"
20034,154476,Gold Ahoy!
20035,38418,Inwigilacja Luksusowa
20036,18919,Duel Masters: Battle of the Creatures Board Game
20037,206540,Banana Bandits
20038,33169,The Wrong Game
20039,31271,French Military Game
20040,3867,The Hammer of Thor: The Game of Norse Mythology
20041,17755,Schnipp Schnapp
20042,99949,Eragra: The Game of Eras and the First Step
20043,183778,Star Patrol: Carrier Commander
20044,154008,The 7th Dwarf
20045,6152,Stop it!
20046,13918,"Remagen: Bridgehead on the Rhine, March 1945"
20047,4460,Green Ghost
20048,928,Gerüchteküche
20049,187033,Irrational Game
20050,244216,Shark Bite
20051,170395,BoardGameGeek: The Card Game
20052,33292,Operation
20053,82216,Trivial Pursuit: Steal card game
20054,24786,SuDoku: The Card Game
20055,85504,Don't Let the Pigeon Drive the Bus Game!
20056,13886,The Princess and the Pea
20057,259708,Diced Tomatoes
20058,2738,The Gnumies
20059,189203,Le Dernier Peuple
20060,40767,Feste Druff
20061,3719,British Square
20062,10625,Håtunaleken
20063,2547,Emperor's Challenge
20064,131389,Castle: The Detective Card Game
20065,2012,Titanic
20066,37224,Huída del Imperio Cobra II
20067,29625,59 Seconds
20068,145401,Crisis: Tokyo
20069,3114,Poleconomy
20070,33906,Komandosi
20071,3297,Grabsch
20072,10744,Corx
20073,622,Change!
20074,13114,8 1/2
20075,2941,Romance of the Three Kingdoms Card Game
20076,4477,Station Manager
20077,111299,I Will Survive
20078,8454,Rise of the House of Sa'ud
20079,21257,Eat It!
20080,76551,Hirelings: The Ascent
20081,34938,Beware of the Dog
20082,1871,Dark Side
20083,66603,Killer Bunnies and the Ultimate Odyssey
20084,18696,Racer Knights of Falconus
20085,95893,The Impossible Machine
20086,15490,Geni
20087,89956,Ninjago: The Board Game
20088,110511,Fall of the Roman Empire
20089,94142,Number Please!
20090,4038,Skip-Bo Dice
20091,21566,Scene It? Sports powered by ESPN
20092,146596,Logo Party
20093,386,Pirateer
20094,95705,Urknall: The Big Bang
20095,28650,The Transformers Game
20096,12494,Goodnight Moon
20097,6693,Scooby-Doo! Thrills and Spills
20098,180920,Flock
20099,315058,Disney Shadowed Kingdom
20100,108176,Over Under Game
20101,2656,Inferno
20102,186295,Pick the Lock
20103,353,Inkognito: The Card Game
20104,20028,"The Chronicles of Narnia The Lion, The Witch and The Wardrobe Game"
20105,32992,Tàin
20106,24988,Lie Detector: The Crime Solving Card Game
20107,1435,4000 A.D.
20108,5181,Operation Cannibal
20109,130823,Titten Ärsche Sonnenschein
20110,10424,Crazy Crocodiles
20111,14990,Troja
20112,29117,Sherpa
20113,6398,Close Encounters of the Third Kind
20114,25167,Project Skyline
20115,168840,Bonje in de stal
20116,12599,Marriage Material
20117,2408,Digimon Digital Monsters
20118,11628,Trivial Pursuit: Young Players Edition Master Game
20119,276801,Valhallamas
20120,14000,Dog-opoly
20121,1409,Spawn: The Game
20122,197909,Shark Island
20123,2426,Hit the Beach
20124,1723,Alpha Omega
20125,295484,Risk Junior
20126,40350,XLR8
20127,40886,Heist
20128,3830,Doctor Who: Battle for the Universe
20129,202375,Race
20130,1703,Kula Kula
20131,82449,King's Vineyard
20132,9017,Rummikub Rummy Dice Game
20133,2866,The London Game
20134,232351,Master of Orion: Conquest
20135,6731,Donkey Kong
20136,10808,BSZZZZ!
20137,195161,Rooster Rush
20138,3160,Holy War
20139,144790,Angry Dice
20140,23970,Pokémon Master Trainer III
20141,3021,Origins
20142,23870,"Strange Defeat:  The Fall of France, 1940"
20143,356,Ab die Post!
20144,38577,Monopoly: Clone Wars
20145,207311,Card Rogue
20146,11968,Harry Potter Gnome Toss Card Game
20147,5661,Trivial Pursuit: 1960's Edition
20148,3883,4th Reich: Puremen vs. the Mutants for Control of the World
20149,14379,Harry Potter and the Sorcerer's Stone Mystery at Hogwarts Game
20150,35482,Mini Cat & Mouse
20151,67630,U-Build Sorry!
20152,9153,Monopoly: NASCAR
20153,140317,Monopoly: Adventure Time Collector's Edition
20154,265297,Monopoly for Millennials
20155,6792,Star Wars: Hoth Ice Planet Adventure Game
20156,32679,Hero: Immortal King – The Den of Dementia
20157,14275,Black Molly
20158,88872,Rising Kings
20159,3476,Shadowrun: DMZ Downtown Militarized Zone
20160,205876,Azuchi Castle
20161,16860,Kaboodl
20162,29419,Chicken or Egg?
20163,103573,Scurvy Dogs: Pirates and Privateers
20164,42686,Pictureka! Flipper
20165,2352,Treasure Quest
20166,2916,File 13
20167,30364,Those Pesky Garden Gnomes
20168,9559,The Hamburger Game
20169,9581,Into the Forest
20170,4058,Chaos Progenitus
20171,4150,Bakari
20172,16987,Diggity Dog
20173,262381,Amazed: the Game
20174,22085,Baron
20175,9454,Double Trouble
20176,5759,Monopoly: Star Trek Limited Edition
20177,16052,Merlin
20178,32828,The Really Nasty Golf Game
20179,13944,Escape The Mad Mummy
20180,7388,Trivia Adventure
20181,6971,Jeopardy! Simpsons Edition
20182,37349,Cthulhu Rising
20183,150018,Alternatywy 4
20184,5952,Xena: Warrior Princess CCG
20185,141896,Give It to the King!
20186,360,Quests of the Round Table
20187,167505,Star Wars Force Grab
20188,112692,Goblins: Epic Death
20189,98350,Kamakura
20190,1517,Ani-Mayhem
20191,2037,Triology
20192,9320,Bottles and Bins
20193,6363,Monopoly: World Cup France '98 Edition
20194,33876,Killer Bunnies and the Journey to Jupiter
20195,12243,Ziff Zoff
20196,39636,Aku Ankka
20197,3849,Red Zone
20198,2635,Finance
20199,3378,The Inventors
20200,7547,Go Bananas!
20201,6245,Quest for the Dungeonmaster
20202,216906,Across the Iron Curtain
20203,140840,Personally Incorrect
20204,95765,Joe Name It
20205,19456,Frog Game
20206,1488,Trailer Park Gods
20207,71402,CUPONK
20208,14132,Project Pornstar
20209,286126,Monopoly: Socialism
20210,165189,Altaria: Clash of Dimensions
20211,4279,Flux
20212,2331,Spill and Spell
20213,9607,Enigma
20214,256861,"Yeti, Set, Go!"
20215,26093,Koala
20216,33799,Fruttirelli
20217,8638,Monopoly Junior: Travel Edition
20218,240224,The Emoji Game
20219,9160,Neopets TCG
20220,159437,iGranie z Gruzem
20221,5675,The Rolling Moon
20222,6052,Yorktown: The Siege Which Determined the Birth of the United States
20223,5690,Oi! Dat's My Leg!
20224,175846,Deck Building: The Deck Building Game
20225,1249,Safari Jack
20226,153116,Bravest Warriors Co-operative Dice Game
20227,21652,Silence in Class!
20228,3850,Galactic Empires
20229,124160,The Strategy Game
20230,8972,Beat the Experts
20231,28308,Martinis & Men
20232,12924,Dark Crusade:  The War in the East 1941-45
20233,16620,Domination
20234,29142,I Spy Eagle Eye
20235,20624,Captain Bones Gold
20236,3686,Yu-Gi-Oh Millennium Game
20237,6364,Monopoly: Hong Kong
20238,5366,Batman Returns 3-D Board Game
20239,305984,GPS
20240,147581,The Rats in the Walls
20241,39312,Hunter: Deadly Prey
20242,85286,Skyscrapers
20243,199401,Kingz
20244,67948,Mahjong Solitaire
20245,11683,Chicken of the Sea
20246,40974,Superpoly
20247,119316,United Square
20248,10518,I Spy Memory Game
20249,9082,Go Tell the Spartans
20250,21331,Quip It!
20251,8943,Superfection
20252,8842,Eselspiel
20253,2823,Finish Lines
20254,168687,Pete the Cat Groovy Buttons Game
20255,158198,MiFuChi
20256,24116,The Game of Life: Pirates of the Caribbean – Dead Man's Chest
20257,7605,The Suicide Bomber Card Game
20258,237329,Stranger Things: Eggo Card Game
20259,16003,Fraud Squad
20260,294969,Dog Man: Attack of The Fleas
20261,32849,Cat in The Hat:  I Can do that!
20262,3944,The Honeymooners Game
20263,136494,Jake and the Never Land Pirates: Who Shook Hook?
20264,25950,Masters of the Universe
20265,133334,Where's My Water?
20266,31561,Bankruptcy: The Card Game
20267,176918,Rotten Apples
20268,2106,Imperium: 3rd Millennium
20269,10414,Poppa's Pizza Topple
20270,6953,Lara Croft: Tomb Raider – The Angel of Darkness
20271,145764,Zero Hour: Survival Horror Card Game
20272,4076,Management Material (General Office Edition)
20273,13039,Digimon Digi-Battle Card Game
20274,2566,Die Erbtante
20275,16226,Gone Fishing!
20276,231087,Ducklings: A Game About Parenting!
20277,7860,Simpsons Trading Card Game
20278,15743,Agentenjagd
20279,610,Knights of the Rainbow
20280,32993,Mustang
20281,6194,Home Alone
20282,62861,Drakar och Demoner: Brädspelet
20283,3636,SongBurst 50's & 60's Edition
20284,264660,Can't Catch Harry
20285,13982,Sorry!: Pokémon
20286,4864,Scene It?: The DVD Movie Game
20287,7575,Snowball Fight
20288,30009,Solo Dungeon Bash
20289,14459,Monopoly: New Zealand
20290,158918,FLY
20291,11167,Brain Quest
20292,148273,Kto z Kim?
20293,4384,Im Schatten des Sonnenkönigs
20294,11954,Paladin
20295,6851,The Simpsons Mystery of Life
20296,18097,Monopoly: Moscow
20297,36232,Top Ten: The Bill of Rights
20298,185104,Monopoly: Game of Thrones Collector's Edition
20299,67629,U-Build Connect 4
20300,121601,Zombie Fried
20301,240223,5 sekund bez cenzury
20302,38197,Relic Raiders: Haunted Ruins
20303,5663,WFF 'N PROOF
20304,22265,Don Peperoni
20305,1417,Alibi
20306,23243,Pirate's Cove: Search for the Treasure Game
20307,129469,Card of the Dead
20308,140729,Say What You Meme
20309,32680,Hero: Immortal King – The Infernal Forge
20310,5856,The Wonderful World of Disney Trivia Game
20311,4070,Tri-Virsity
20312,117910,Schotten Rennen
20313,19466,Trivial Pursuit: 1980s
20314,264989,Flushin' Frenzy
20315,20005,Sushi Express
20316,31512,Habitat
20317,2515,Pirate Island
20318,31068,Bulp!
20319,183831,DEER LORD!
20320,9705,More Dirty Minds
20321,1656,Smokers Wild
20322,28674,Akkon: Machtkampf der Tempelritter
20323,2799,Arabian Nightmare: The Kuwait War
20324,10293,En Busca Del Imperio Cobra
20325,4559,Ginny-O
20326,5644,Anera's Arena
20327,409,Dschungel
20328,39192,Schwarzer Kater
20329,18657,Test Match
20330,18679,Morgan's Revenge
20331,1464,Duo
20332,7463,"'CA' Tactical Naval Warfare in the Pacific, 1941-45"
20333,2782,Vantage
20334,13682,Travel Clue
20335,2783,Thieves in the Wood
20336,36228,Roman Taxi
20337,17520,The Game of Crown and Anchor
20338,128028,CLASH: Jihad vs. McWorld
20339,21866,"Zobmondo!! Would you rather...? Twisted, sick and wrong. Late night."
20340,27675,Monster Maker
20341,214224,Clue: Star Wars
20342,41017,Tuk-Tuk Taxi
20343,76668,Diary of a Wimpy Kid: Cheese Touch
20344,23049,Hedbanz for Kids
20345,8211,Great States!
20346,2156,Arch Rival
20347,1648,Kan-U-Go
20348,8852,Gem Quest
20349,164339,3 to 4 Headed Monster
20350,179718,Black-Handed Henry's Potion Party
20351,3502,Star of the Guardians
20352,20203,Breakout
20353,165283,Battleship
20354,6713,Monopoly: Batman & Robin
20355,86768,Abetto
20356,16380,Mighty Morphin Power Rangers Game
20357,4627,Ultra-Warrior
20358,14951,Danmark-spillet
20359,210179,Yo Fui a EGB: El Juego Oficial
20360,25188,Vorsicht Lehrer!
20361,38353,Monopol: Sverige
20362,3503,Star Quest
20363,119194,The Witches of Blackmore
20364,5354,Colorama
20365,1925,Krystal
20366,76362,Celtic Challenge
20367,2793,The Hamsters
20368,4105,The Wheel of Time Collectible Card Game
20369,6436,Echelons of Fury
20370,29599,Scandaroon
20371,56246,Goblins
20372,204069,Cranium Dark
20373,26204,Spion & Spion
20374,7746,Mountaineering
20375,4162,Horse Show
20376,89423,Garbage
20377,3574,Tank! Armored Combat in the 20th Century
20378,172237,UNO Dare!
20379,4117,Ruffhouse
20380,10807,Fishing for Terrorists
20381,212873,Level 8: Das Kartenspiel
20382,26841,Table-MotoGP: The Moto GP Licensed Board Game
20383,194960,Brain Games
20384,28472,Scooby-Doo! Haunted House 3D Board Game
20385,26861,"You Gotta Be Kidding! The Crazy Game of ""Would You Rather...?"""
20386,13260,Clown
20387,1934,Up & Down
20388,121751,Colossal Cave: The Board Game
20389,34377,King Toad
20390,4456,1862
20391,198450,First to Find
20392,3610,Word Power
20393,1096,Four Real
20394,132320,Monopoly: Doctor Who 50th Anniversary Collectors Edition
20395,367,Overthrone
20396,171424,Kakerlakak
20397,14511,SharkPark
20398,130597,Like: The Social Game
20399,69796,The Price Is Right Game: DVD Edition
20400,53557,Colorio
20401,47170,The Tower of Mystery
20402,92776,Guards! Guards! A Discworld Boardgame
20403,14539,Drakskatten
20404,12238,Switch 16
20405,5662,Word Mastermind
20406,27296,The Game of Life: Fame Edition
20407,3723,Peanut Butter & Jelly Card Game
20408,154753,Ice Cold Ice Hockey
20409,9603,The Emergency! Game
20410,948,Dao
20411,1255,Vegas
20412,32789,Bogoss
20413,11739,Madeline's House
20414,6981,Monopoly Junior: Toy Story
20415,8621,Bible TriBond
20416,69205,High Five!
20417,4933,The Tick: Hip Deep in Evil!
20418,2100,Myth Fortunes
20419,34933,Monopoly Town
20420,46743,Pirate Code
20421,32361,Lis Pustyni
20422,3068,Komme Gleich
20423,11200,Cashflow for Kids
20424,25158,Pingo Balance
20425,2598,Tank Battle
20426,25144,Dart Wars
20427,316581,Biyi
20428,849,Golf Masters
20429,12876,Cranium Balloon Lagoon
20430,3910,Harry Potter: Diagon Alley Board Game
20431,32157,The T-Shirt Game
20432,23671,Monopoly: Spongebob Squarepants
20433,8530,Stampede!
20434,6798,Concentration
20435,8308,3D Labyrinth
20436,785,Dog Eat Dog
20437,50444,Pop to the Shops
20438,8915,Jenga Xtreme
20439,15635,Busungar
20440,5051,"La Grande Armee: Campaigns of Napoleon, 1805-1815"
20441,89071,Saturday Night Live: The Game
20442,136058,Dice Devils
20443,32678,Hero: Immortal King – The Lair of the Lich
20444,4064,Scrabble Up
20445,8097,Ten Commandments Bible Game
20446,26163,The Christmas Game
20447,21095,Mage Master
20448,16973,Genial daneben: Das Spiel
20449,55706,Ren Faire
20450,169987,Maximum Throwdown: Overload
20451,15863,Impact
20452,43890,Jenga Max
20453,186208,Project Mars
20454,17457,He & She
20455,251252,Battle of the Sexes
20456,275802,Carnival Zombie: 2nd Edition
20457,22516,Snout! The Pass The Pigs Card Game
20458,22931,Brillance
20459,9416,Westminster: The Election Game
20460,2435,Reminiscing: The Game For People Over Thirty
20461,240096,Moonshiners of the Apocalypse
20462,67627,U-Build Mouse Trap
20463,36634,Rice Wars
20464,795,Dragonlance
20465,88957,Avatar: The Board Game
20466,3447,The Game of Maze
20467,6010,Phantom Rallye
20468,18618,Capitaly
20469,3889,Ali Baba
20470,41334,Scary Tales: Snow White vs. The Giant
20471,1853,Hägar ruft zum Beutefest
20472,1290,Shifti
20473,7519,The Lord of the Rings: The Fellowship of the Ring Board Game
20474,23684,Crystal Code
20475,3538,Gnome Tribes
20476,249414,Backyard Builders Treehouse
20477,260942,Monopoly: Fortnite
20478,38694,Godzilla: Kaiju World Wars
20479,25412,Vampire: Dark Influences
20480,244268,Sweet Mess
20481,41518,Horrible Histories: Rotten Romans
20482,18104,Banana Express
20483,221644,Pyramid of the Sun
20484,14131,Casanova
20485,103327,Água: The Water Cycle
20486,159452,"Wake up, Cthulhu!"
20487,159084,Black Market Warehouse
20488,13132,Monopoly Junior: Dig 'n Dinos
20489,232831,Super Mario Bros. Power Up Card Game
20490,6684,Transformers Adventure Game
20491,1443,Alpha Blitz
20492,8450,Hector and Achilles
20493,145943,A Duel Betwixt Us
20494,8599,Monopoly: Star Wars Episode II
20495,179701,Game of Phones
20496,10673,Monopoly: America Special Edition
20497,1603,Cortez
20498,1011,Dream Team
20499,20306,Brew-opoly
20500,20790,You've Been Sentenced!
20501,14705,Totally Gross
20502,1707,Spices of the World
20503,1503,Mid-East Peace
20504,177751,Random Encounter: Plains of the Troll King
20505,67026,Diamoniak
20506,137168,Klugscheisser 2: Edition Krasses Wissen
20507,7958,The 80's Game
20508,156599,Caffeine Rush
20509,3840,RIFTS Collectible Card Game
20510,42259,"Admiral Ackbar ""It's a TRAP!"" GAME"
20511,1514,Yali
20512,46746,Monster 4
20513,11484,Dindons & Dragons
20514,3266,Alien Autopsy
20515,38795,Rhino Rampage
20516,154901,The Fittest
20517,125059,Cowtown
20518,12634,Hispaniola
20519,2811,Blind Justice
20520,4373,Operation Felix
20521,80836,The Target
20522,12436,Ogre Bash
20523,41857,Zoo Panic
20524,8567,Cargo
20525,8963,Robot Wars: The Game
20526,235942,Arena: Gladiator League
20527,927,Lift Off
20528,5203,Annihilator / OneWorld
20529,37849,Star Wars Galactic Heroes Game
20530,3194,Dots
20531,3306,Hack Attack
20532,8295,Secrets of the Pyramids
20533,29408,Inwigilacja
20534,192409,Clown Standoff
20535,131199,Soluna
20536,9475,Backwords
20537,131735,Castles
20538,24141,Monopoly: Family Guy
20539,117784,Army vs. Aliens
20540,5553,Parity
20541,6368,King Arthur
20542,866,"Lie, Cheat & Steal"
20543,16723,Crystal Maze
20544,251208,Game Box: Family Feud – Disney Edition
20545,33020,Bata-Waf
20546,37698,The Laughing Pig
20547,20634,MiniMonFa (MiniMonsterFantasy)
20548,6375,Made for Trade
20549,305980,A Fistful of Gold
20550,238102,Jokes de Papa
20551,2777,Safari
20552,813,Goosebumps: Terror in the Graveyard Game
20553,2280,Marco Polo
20554,14130,Sharur: Evolutions
20555,23346,10
20556,8393,Monopoly: NHL
20557,6868,Hear Me Out
20558,39320,Potions
20559,60311,Pairs in Pears
20560,26106,Gezanke auf der Planke!
20561,3835,Turbo
20562,326408,Una Questione di Voto
20563,39789,Zombie Mosh!
20564,28905,Dostihy a sázky
20565,308532,イラストリー (Illustori)
20566,9410,Aus die Maus!
20567,155464,"The Walking Dead ""Don't Look Back"" Dice Game"
20568,8542,Turbo
20569,6605,Track
20570,14146,Blow Football
20571,213787,The Terminator: The Official Board Game
20572,151467,Il était une forêt
20573,16562,Pie Face
20574,7848,Snakes and Ladders 3D
20575,22839,Trivial Pursuit: DVD
20576,39415,Trivial Pursuit: Digital Choice
20577,4282,Greed
20578,33967,Take the Train
20579,60697,Atlantic Triangle
20580,5031,Dare!
20581,8337,Wapi
20582,5028,The Game of Life in Monstropolis
20583,899,Movie Mania
20584,18574,Dark Force
20585,11862,Gay Monopoly
20586,228503,Mad Science Expo
20587,3140,Sixmix
20588,146864,NFL Rush Zone
20589,17687,Bernini Mysterie
20590,194228,Rick and Morty: Mr. Meeseeks' Box o' Fun Dice and Dares Game
20591,183472,Across Africa
20592,1437,Trust Me
20593,195455,BOX
20594,58698,Pickles to Penguins
20595,24857,Deal or No Deal Card Game
20596,1090,YoYo
20597,15175,Spinning Wishes
20598,15855,Reisen
20599,246744,Harry Potter Miniatures Adventure Game
20600,104527,The Game of Life Adventure Edition
20601,2099,Online: Internet Card Game
20602,76319,Unusual Suspects
20603,21749,Scene It? Squabble
20604,281457,Manchukuo
20605,3640,Spy Ring
20606,132203,What Do You Meme?
20607,107733,The Big Bang Theory: The Party Game
20608,2144,Ebola Monkey Hunt
20609,1216,Mystery Garden
20610,189201,Dark Agent
20611,2128,Warlords
20612,84825,FaceEater
20613,76444,Sturgeon
20614,9878,Cheers
20615,8676,The Merry Game of Floundering
20616,19888,Master of Movies
20617,152902,Fish or Cut Bait
20618,19378,Doctor Who: The Interactive Electronic Board Game
20619,33112,War
20620,6397,Egyptians
20621,15020,Draw Out
20622,70653,Monopoly: Nintendo Collector's Edition
20623,3430,The Three Stooges Card Game
20624,9514,Happy Days
20625,121414,Countdown: Special Ops
20626,30379,Change Horses
20627,92960,S'mores Card Game
20628,6659,Harry Potter Casting Stones
20629,125461,Cubu
20630,12837,Hedgehog's Revenge!
20631,140830,King Size
20632,219670,HUNGER: The Show
20633,144236,Antimatter Matters
20634,2764,Ein Arsch kommt selten allein
20635,5234,Sniggle!
20636,17245,Pepper
20637,113490,Yahtzee Flash
20638,7821,Creepy Freaks
20639,10105,Dirty Words
20640,41189,Animal Upon Animal: The Card Game
20641,34129,The Beer Game
20642,19633,Gefangen in der Geisterbahn
20643,258723,ToeShamBo
20644,2033,Reporter
20645,1225,Quest
20646,25475,Whoopies
20647,5166,Express Monopoly Card Game
20648,19571,The Sudoku Game
20649,40503,Birds on a Wire
20650,30640,Rio
20651,99992,Kill Shot
20652,28989,Garçon
20653,3488,C-23
20654,32264,Biznes po polsku
20655,25097,Die Maus: Mausefalle
20656,5903,Cats' Mansion
20657,116422,Apples to Apples Dice Game
20658,35585,Koe zoekt Boer
20659,30306,What the F*ck?
20660,12237,Oil: The Great Adventure
20661,200760,YOOLOO
20662,2458,Battle Cattle: The Card Game
20663,21941,Marvel Heroes Battle Dice
20664,4345,Beer: The  Card Game
20665,8636,The Grape Escape
20666,1482,Ubi
20667,3188,Bionicle: Quest For The Masks CCG
20668,4889,Dizzy Dizzy Dinosaur
20669,158232,Bedpans & Broomsticks
20670,34583,Set Cubed
20671,5040,Operation Crusader: The 8th Army's Forgotten Victory
20672,20182,Maxi Yatzy
20673,9725,Monopoly: National Parks Edition
20674,34395,Planet Earth DVD Game
20675,180024,500 Malicious Cards
20676,17819,Sin City
20677,6210,On Assignment with National Geographic
20678,7924,Harvest Time
20679,12308,Towers in Time
20680,1497,Dino Hunt
20681,20589,Trivial Pursuit: DVD – Pop Culture 2
20682,61916,Quelf Card Game
20683,137969,Geek Dice
20684,73228,Hecho
20685,4696,Outwit
20686,138311,Machine of Death: The Game of Creative Assassination
20687,67628,U-Build Battleship
20688,4578,UNO Wild Tiles
20689,180740,Shopkins Supermarket Scramble Game
20690,19834,Bus Stop
20691,3352,Gouda! Gouda!
20692,60870,Schätze des Dunklen Turmes
20693,31298,Man Laws and Woman Rules
20694,5423,Bible Trivia
20695,11950,Monopoly: Marvel Comics
20696,21881,Family Guy Trivia Game
20697,1964,Campaign
20698,151887,Clusterf**k!
20699,151468,Downton Abbey: The Board Game
20700,20694,Sillage
20701,49010,Clue: Carnival – The Case of the Missing Prizes
20702,11147,Ea$y Money
20703,88556,Duel: Once Upon a Game in the West
20704,6474,L-Game
20705,341918,Tulpenfieber
20706,15845,Fantomen
20707,20580,Name That Tune 80's Edition DVD Game
20708,16530,The Apprentice Game
20709,77596,The Enigma of Leonardo
20710,230542,Gold Raiders
20711,14133,Druids
20712,9802,Tuchulcha
20713,70502,Doctor Who: The Time Wars Family Board Game
20714,7556,Panzer Battles: Tactical Armored Warfare in World War II
20715,8860,Cranium Conga
20716,5412,Tomb of Doom
20717,2496,Saloon
20718,25968,Banzai
20719,184108,Monopoly: Despicable Me
20720,62,Curse of the Mummy's Tomb
20721,10912,Jumpin' Java
20722,36231,Rorschach
20723,8173,Battleship: Tactical Capital Ship Combat 1925-1945
20724,7457,Monopoly: Canadian Edition
20725,263437,Crypto Cartel
20726,8813,Shocking Roulette
20727,7803,O'NO 99
20728,118340,The Hunger Games: Jabberjay Card Game
20729,179266,Flip the Bird
20730,154482,Dream Heist
20731,329641,King of the Pitch
20732,4770,Star Trek: The Next Generation Collectible Dice Game
20733,143869,Something Different
20734,75991,Sorry! Spin
20735,95695,Wiochmen Wesele
20736,12649,NFL-opoly
20737,226878,Outpost: Siberia
20738,1673,Ultimate Golf
20739,3578,BattleBots: Kickbot Arena
20740,2197,Kensington
20741,181,Risk
20742,27668,Apache
20743,6122,Star Wars: Escape the Death Star Action Figure Game
20744,193592,Gas Out
20745,63901,Oh No... Zombies!
20746,218358,Harry Potter: Magical Beasts Board Game
20747,30947,Splice  Pirateology Card Game
20748,182252,Darkness Sabotage
20749,6598,Frogger
20750,55,Sophie's World
20751,69676,Questions de Merde
20752,22629,Giggle Wiggle
20753,12996,Quips
20754,24105,The Da Vinci Code Game
20755,2308,Atlantis: Pathways of the Deep
20756,18543,Senior Moments
20757,12784,Twister Moves
20758,13208,Thin Ice
20759,213871,Yippie Yippie Yeti
20760,12623,UWO
20761,8081,The Cat in the Hat Game
20762,17568,Magic Robot Quiz Game
20763,103405,Monopoly: Cars 2 Edition
20764,17578,Leaping Lizards
20765,180459,Wikipedia: The Game About Everything
20766,125765,Rock Paper Scissors Lizard Spock Dice
20767,46586,Ratuki
20768,31615,Fred
20769,6800,"Win, Lose or Draw"
20770,646,Pirate's Plunder
20771,1989,The Peter Principle Game
20772,12557,APBA Basketball
20773,3841,Echelons of Fire
20774,172729,The Game of Life: Despicable Me
20775,42132,Scary Tales: Little Red vs. Pinocchio
20776,1415,Rat Splatter
20777,110962,Shadow Days
20778,22889,Pictureka!
20779,2791,Baby Bird Game
20780,34902,Rock!
20781,10325,"Marry, Date or Dump?"
20782,129939,Ha! Ha! Moustache
20783,146253,Angry Sheep
20784,157581,Makin' Bacon
20785,12763,Block It!
20786,2446,Chopper Strike
20787,12826,Tumblin' Monkeys
20788,7563,Jaws
20789,2557,Castle Risk
20790,175090,Game of Crowns
20791,37382,Monopoly: Wonder of The World
20792,12309,Austin Powers CCG
20793,247493,Don't Step In It!
20794,5468,Snap: The Interlocking Dragon-Making Game
20795,224212,Red Scare
20796,7710,Tip-It
20797,155208,Raiders of the Lost Tomb
20798,12822,Weltreise
20799,101420,Ninety-Nine
20800,12511,Artifact
20801,35294,Indiana Jones DVD Adventure Game
20802,1938,XXL
20803,29582,Stoplights
20804,80503,Dexter: The Board Game
20805,5566,The Muppet Show Game
20806,36895,The Office Trivia Game
20807,716,Pizza Party
20808,25623,Mmm ... Brains!
20809,205226,Chocobo's Crystal Hunt
20810,137366,Social Network
20811,1731,Tintin
20812,69544,Ik Hou van Holland Spel
20813,4382,Go For It!
20814,10450,Clue Jr.: Case of The Missing Pet
20815,7250,Q*bert
20816,16498,Inka
20817,128672,Ricochet Rock Jockeys
20818,7693,Fußball-Bundesliga: Das große Geschäft
20819,4834,Judge for Yourself
20820,3018,The A-Team
20821,7473,Drag Strip!
20822,20040,Badaboom
20823,17026,Top Dogs
20824,23913,League of Pirates
20825,123417,Bagatelle
20826,9090,My First UNO
20827,9545,The Batman Game
20828,7400,LEGO Creator
20829,17709,Last Word
20830,21835,Mont Saint Michel
20831,20140,Sybarit
20832,1771,Cosmic Coasters
20833,31794,Robin Hood
20834,23631,Conquest of Pangea
20835,10462,Battle of the Sexes
20836,1725,A Nightmare on Elm Street: The Game
20837,3028,By Jove
20838,31111,Picture Dominoes
20839,10793,"Civil War Classics, Volume 1: The Battles of Pea Ridge & Shiloh"
20840,6231,Pimps and Hos
20841,64875,Yahtzee Hands Down Card Game
20842,11248,The Vampire Game
20843,165600,What The Face?
20844,102859,FURT
20845,120906,Velociraptor! Cannibalism!
20846,5211,Antiques Roadshow: The Game
20847,2036,Time: The Game
20848,10687,Tipsy Tower
20849,216659,Toilet Trouble
20850,165302,King Down
20851,19083,The Fuzztoons
20852,116821,Skip-Bo Dice Game
20853,20135,Spelunke
20854,21528,SuDoku: The Board Game
20855,39564,ego
20856,16985,Gelb gewinnt!
20857,131956,PURGE: Sins of Science
20858,20419,Monopoly Junior: Disney Princess
20859,27961,Risk: Transformers – Cybertron Battle Edition
20860,2868,Eye
20861,2367,Haunted Wood
20862,38001,Black Stories: Das Spiel
20863,22042,Da Vinci's Challenge Card Game
20864,64611,Monopoly Get Out of Jail Mini Game
20865,231082,Hatchimals CollEGGtibles EGGventure Game
20866,4641,Life on the Farm Board Game
20867,4597,Blood Wars
20868,16112,Bamses honungs-jakt
20869,1706,UFO: Game of Close Encounters
20870,250448,Relative Insanity
20871,10831,Vapor's Gambit
20872,1660,The Cattlemen
20873,5387,Shakin' Sorry
20874,2253,Touring
20875,195205,Goat Lords
20876,9824,Employee of the Month
20877,5285,Pro Tennis
20878,30456,Touring England
20879,10355,Fore: The Golf Game
20880,2094,4 First Games
20881,15852,Electro
20882,1684,Intern
20883,2693,Bottle Topps
20884,21859,Figaro
20885,6388,Star Wars: Return of the Jedi – Battle at Sarlacc's Pit
20886,11737,Curious George Match-a-Balloon Game
20887,131914,King's Bounty
20888,259968,What's That Smell?
20889,144579,Pizza Party
20890,3004,UNO Dice
20891,3759,Make Your Own Opoly
20892,164,"Before I Kill You, Mister Spy..."
20893,23249,Game of Games
20894,5420,Assassin: The Final Game
20895,2766,Jeopardy!
20896,20281,Inkan Aarre
20897,187801,Star Wars Trivia Game
20898,285064,UNDO: Drowned Hopes
20899,8499,Bowl and Score
20900,2303,Blast-Off!
20901,32161,Wypas
20902,17597,Suomi Tietopeli
20903,142615,The Jelly Monster Lab
20904,1629,Air War: Modern Tactical Air Combat
20905,18736,CSI: Miami
20906,10925,Tumbling Tower
20907,629,Q-Turn
20908,3715,Gregory Horror Show
20909,19915,Three Men's Morris
20910,39372,The Crazy Cat Lady Game
20911,1333,Boom-O
20912,8133,30 Second Mysteries
20913,4242,Foxbat & Phantom: Tactical Aerial Combat in the 1970's
20914,3606,The Game of Shakespeare
20915,2901,GolfMania
20916,40421,Malta!
20917,28857,Rail/Road
20918,34390,Bakugan Battle Brawlers
20919,32340,The Golden Compass
20920,7612,The Simpsons Board Game
20921,19001,Tech Support
20922,64608,Kapitan Bomba
20923,88691,The Game of Life: Adventures Card Game
20924,7314,Mystery Date
20925,1779,Berserker
20926,9704,Cat-opoly
20927,113200,Angry Birds: On Thin Ice
20928,32124,My Little Pony Hide & Seek
20929,39662,Cash Cab
20930,134777,Zombies!!! Roll Them Bones!
20931,29505,Monopoly: Banking
20932,14736,Let's Kill!
20933,201502,Korporacja
20934,2297,U.S. Patent No. 1
20935,9118,"Operation Elope, 1918-1919"
20936,66213,Monopoly Revolution
20937,3393,Public Assistance
20938,54239,Mindflex
20939,9852,Clue Jr.: The Case of the Missing Cake
20940,19272,Go Fish!
20941,127748,Alliances
20942,17211,Monkey Arena
20943,5018,Fishin' Time
20944,193500,Statecraft: The Political Card Game
20945,40851,Battleship: The Tactical Combat Game
20946,6880,Nix
20947,9938,Smath
20948,35652,Log Jam
20949,2421,Tell Me: The Grand Quiz Game
20950,12532,Abuse: The Final Insult
20951,1865,Astrotime
20952,43340,Kung Fu
20953,198059,Twist of Fate
20954,1001,Vendetta
20955,236360,Don't Drop the Soap
20956,5775,Electronic Whac-a-Mole
20957,11765,Capt'n W. Kidd
20958,15046,Monopoly: Star Wars Saga Edition
20959,107829,Building an Elder God
20960,1958,The Game of Nations
20961,208583,Pie Face Showdown
20962,1174,Minister
20963,13792,Tyrannosaurus Rex
20964,2115,Free Parking
20965,4902,The Price Is Right
20966,3839,UNO Dominos
20967,310408,The Shining: Escape from the Overlook Hotel
20968,130240,Monopoly Millionaire
20969,1531,Ritter ohne Furcht und Tadel
20970,89928,LEGO Banana Balance
20971,145106,Raverun
20972,1467,Abduction
20973,2841,Tennis
20974,26101,Worst Case Scenario: The Game of Surviving Life
20975,2206,Jurassic Park Game
20976,107971,QI the Board Game
20977,6686,Stun
20978,156576,Dragon Line
20979,2707,Alibi
20980,28047,Covert Action
20981,28100,Deluxe Dirty Minds
20982,2120,Looney Tunes Trading Card Game
20983,8916,Jenga: Truth or Dare
20984,9173,Spite
20985,15427,The Worst-Case Scenario Survival Card Game: Travel Edition
20986,452,Mummy Rummy
20987,5956,South Africa: The Death of Colonialism
20988,286264,The Office: Downsizing Game
20989,66198,U-Build Monopoly
20990,27471,Cálico Electrónico: El juego de cartas
20991,21734,Krumble!
20992,8479,Odds'R
20993,184159,Elefun & Friends Mouse Trap
20994,9079,Das kaufmännische Talent
20995,225208,7th Guest: The Board Game
20996,5116,Kreskin's ESP
20997,5428,Mad Gab Card Game
20998,5254,Solomon's Temple
20999,9540,Advanced Dungeons & Dragons Trivia Game
21000,19513,Labirynt Czarnoksiężnika
21001,94891,Kabaleo
21002,19274,Darkness Falls on Sevinpold
21003,22209,Muumipeli
21004,24258,Pounce!
21005,46745,Lava Dragon
21006,1546,Worlds of Heroes & Tyrants
21007,20647,Fart!
21008,185,Devil Bunny Needs a Ham
21009,334,Advance to Boardwalk
21010,8327,Men At Arms
21011,183521,Monopoly: Star Wars
21012,2957,Trivial Pursuit: The 1980's
21013,130347,Fibber
21014,1424,Book of Lists Game
21015,54559,Bacchus
21016,173075,Disturbed Friends
21017,4812,Rules of the Game
21018,22980,Jeff Foxworthy's You Might Be a Redneck if... Game
21019,57215,Googly Eyes
21020,136609,Jenga BOOM
21021,19578,Scene It? Harry Potter
21022,17708,Isolate
21023,1718,Foreign Exchange
21024,103402,Cranium Brain Breaks
21025,191624,Bear Valley
21026,26137,Deal or No Deal: Electronic Game
21027,7410,Monty Python and the Holy Grail CCG
21028,13672,Chutes and Ladders VCR
21029,229902,Meme: The Game
21030,3389,Castle Lords
21031,173899,The Sherlock Holmes Puzzle Case
21032,25789,Eragon
21033,648,Vox Populi
21034,30281,Geheime Welt Idhun
21035,5259,Oh Snap!
21036,1867,Curse of the Idol
21037,184922,Poopyhead
21038,25429,Der Dativ ist dem Genitiv sein Tod
21039,3584,World War 3: 1976-1984
21040,27443,Baccarat
21041,5425,MindTrap II
21042,5878,Loteria
21043,142303,Railways Express
21044,24249,3D Action Snakes and Ladders
21045,9091,The Newlywed Game
21046,15599,Jumbolino
21047,15111,Yahtzee: Texas Hold'em
21048,122524,Monopoly Junior: Party
21049,23333,Littlest Pet Shop Game
21050,127798,Express 01
21051,5248,The Lord of the Rings Tarot Deck and Card Game
21052,4251,Globopolis
21053,25081,Wyprawa
21054,27335,24 Countdown Game
21055,2322,Malefiz
21056,14383,Wonders of the World
21057,66459,Mad Zeppelin
21058,4781,Electronic Talking Battleship
21059,4240,Combined Arms: Combat Operations in the 20th Century
21060,191041,Carrotia
21061,27837,Nichtlustig
21062,51008,Mr. Bacon's Big Adventure
21063,2717,Der Herr der Ringe: Die Gefährten
21064,1969,Point Of Law
21065,2855,Stare!
21066,53376,7
21067,1264,Der Schattendieb
21068,86073,5 Second Rule
21069,193488,Airlines
21070,12616,Zingo!
21071,3645,History of the Second World War
21072,19368,Pacardy
21073,1855,Hedbanz for Adults!
21074,10506,Blue Marble
21075,1972,Game of the Year
21076,3908,Dr. Seuss Green Eggs and Ham Game
21077,844,Mausoleum
21078,4068,Rats!
21079,1190,Continuo
21080,94481,Count Your Chickens!
21081,299556,Exploration: Warzone
21082,1574,Tactics II
21083,170954,Stinky Pig Game
21084,30255,Five Little Monkeys Jumping on the Bed
21085,4852,Armada: The War With Spain 1585-1604
21086,182077,Cardline: Marvel
21087,133063,The Lord of the Rings: The Complete Trilogy – Adventure Board Game
21088,4693,White Lady
21089,13121,Kablamo
21090,7327,The Lion King
21091,2816,Crossfire
21092,35524,The Princess Bride: Storming the Castle
21093,2540,Beest
21094,752,Maul of America
21095,3547,Survival of the Witless
21096,156350,Hipster Dice
21097,21702,Big Fish Lil' Fish
21098,8127,Lucky Loop
21099,13703,The Game of Life: Pirates of the Caribbean
21100,6020,Borodino: Doomed Victory
21101,16461,POG The Game
21102,39342,Bet Your Brain
21103,15505,The Last Straw
21104,150690,Templar Intrigue
21105,2518,Quicksand
21106,2971,Kojak Detective Game
21107,31117,Sudoku Moyo
21108,11863,Rock Paper Scissors
21109,28010,Camp
21110,13416,Tim Burton's The Nightmare Before Christmas Game
21111,22019,ZombieTown
21112,38561,Hungry Hungry Hippos Fun on the Run Game
21113,20824,Saint or Sinner?
21114,2394,Dominoes
21115,23959,Piranha Panic
21116,170274,Never Have I Ever: The Game of Poor Life Decisions
21117,2312,Ringgeister
21118,10043,LEGO Racers Super Speedway Game
21119,20801,Sudoku
21120,14708,Battle of the Sexes: IQ Test
21121,14535,SPANC: Space Pirate Amazon Ninja Catgirls
21122,43171,Black Stories Junior: White Stories
21123,53804,Cir*Kis
21124,7826,Secrets of the Tombs
21125,4567,Ripley's Believe It or Not!
21126,6420,Cranium Cadoo
21127,47082,"Win, Lose, or Banana"
21128,1963,Risk 'n' Roll 2000
21129,101335,Scrabble DASH
21130,135801,The Hobbit: An Unexpected Journey – The Board Game
21131,23181,The Da Vinci Code Board Game: The Quest for the Truth
21132,3676,Global Pursuit
21133,207848,The World Council
21134,3007,Noteability
21135,242994,Onimaru
21136,27181,"1,000 Places to See Before You Die"
21137,124648,I Am Vlad: Prince of Wallachia
21138,3758,Triopoly
21139,24782,The Amazing Race: DVD Board Game
21140,30393,Quao
21141,19811,Mix-max
21142,1556,Tenjo
21143,31936,Sorry! Express
21144,7927,Trivial Pursuit: Junior
21145,287002,Marram
21146,209945,Pretending to Grownup
21147,4925,Survivor: The Australian Outback Card Game
21148,10613,Race to the Roof
21149,33198,Osada
21150,271349,Kingsburg: The Dice Game
21151,19478,XIG: The Four Elements
21152,3048,Trivial Pursuit: Millennium Edition
21153,171090,Monopoly Junior: Disney Frozen
21154,21123,Monopoly: Disney/Pixar
21155,4470,Xanth
21156,1428,Image
21157,2887,The Yeti Slalom
21158,17008,Award Show
21159,167590,New Earth
21160,1269,Skip-Bo
21161,1436,Billionaire
21162,11824,Spejle Æg
21163,167715,Moral Dilemma
21164,37175,Playing Gods: The Board Game of Divine Domination
21165,13271,Frantic Frankfurt
21166,8958,kuuduk
21167,11753,Nim
21168,136249,Voodoo Mania
21169,63379,The Twilight Saga: New Moon – The Movie Board Game
21170,27495,The Very Hungry Caterpillar Card Game
21171,101988,Storm the Castle!
21172,16232,Flying Hats
21173,1175,Movies and Money
21174,1749,Alien Hotshots
21175,202254,The Bird Told Me to Do It
21176,6532,Monopoly: Australian Edition
21177,19990,SuDoku: Das Brettspiel
21178,15268,Trivial Pursuit: Book Lover's Edition
21179,12642,Army of Darkness Card Game
21180,95710,Bop It!
21181,13306,Die Bar-Bolz-Bande: Das Würfelspiel
21182,5260,Star Wars: Jedi Knights CCG
21183,19027,Redneck Life
21184,174925,Mr. Game!
21185,64610,Star Wars R2-D2 is in Trouble
21186,1613,Ghost Castle
21187,13447,Harry Potter and the Sorcerer's Stone The Game
21188,6614,Finans
21189,4189,Star Wars: Episode I – Battle for Naboo 3-D Action Game
21190,14538,Fei Xing Qi
21191,28018,Trivial Pursuit: Disney Edition
21192,27322,Monopoly: Chocolate
21193,16428,Mr. Bucket
21194,149156,Castles
21195,8104,Monopoly: European Edition
21196,141636,Fairytale Games: The Battle Royale
21197,5284,Star Trek: The Next Generation Game of the Galaxies
21198,2929,Monopoly: The .com Edition
21199,28224,Kill the Hippies
21200,12276,Hyborian Gates
21201,7462,Jumpin' Monkeys
21202,8041,Monopoly: The Lord of the Rings Trilogy Edition
21203,13356,Yes! No! Game
21204,160541,Paw Patrol Adventure Game
21205,7399,The Allowance Game
21206,8658,Monopoly: French
21207,19614,The Pumpkin King
21208,1933,Key to the Kingdom
21209,175861,Meow
21210,146275,Vikings: Warriors of the North
21211,5591,Clue Jr.: The Case of the Hidden Toys
21212,14191,¥€$ (YES)
21213,141035,Space Sheep!
21214,8063,Ghettopoly
21215,265316,Black Mirror: NOSEDIVE
21216,8121,Stargate SG-1
21217,4779,Easy Money
21218,5784,Polterdice
21219,1502,Hotel Tycoon
21220,3484,Armada
21221,19508,Igels: Das Kartenspiel
21222,281,Ostindiska Kompaniet
21223,36745,Simply Ingenious
21224,8009,Where in the World is Carmen Sandiego?
21225,4126,Dixie: The Second War Between the States
21226,7600,Star Trek: The Next Generation
21227,113436,Genegrafter
21228,145259,Jenga: Tetris
21229,1308,Confusion
21230,1959,Myst
21231,1256,Star Wars Episode I: Customizable Card Game
21232,129368,Amber
21233,3320,The Game of Life: A Jedi's Path
21234,1439,Penguin Pile-Up
21235,24376,Trivial Pursuit: Totally 80s Edition
21236,2356,Scrabble Sentence Cube Game
21237,5472,Monopoly: Millennium
21238,9392,Nya Finans
21239,118339,The Hunger Games: District 12 Strategy Game
21240,26205,Monopoly: Euro
21241,1826,Whatzit?
21242,36973,The Office DVD Board Game
21243,37000,Partini
21244,17965,The Game of Life: Spongebob Squarepants Edition
21245,2294,Flinch
21246,17062,Batman Begins: Shadow Assault
21247,70329,Conan: el juego de cartas
21248,11778,Cat & Mouse
21249,29099,Pola Naftowe
21250,6387,Mr. Mouth
21251,6764,The Six Million Dollar Man
21252,2234,Chez Dork
21253,8432,Sorry! The Disney Edition
21254,41068,Twilight: The Board Game
21255,143508,World War Z: The Game
21256,2817,Delta V
21257,30485,Big Brain Academy Boardgame
21258,127533,Angry Birds: Space
21259,36229,Toboggans of Doom
21260,23946,Na Sygnale
21261,13373,Choco
21262,212027,Balloon Pop!
21263,136143,Squillo
21264,36611,Monopoly: The Portable Property Trading Game
21265,1377,Danger
21266,116593,UNO Dice Game
21267,155582,ERA
21268,5960,Strike Force One: The Cold War Heats Up – 1975
21269,5232,Gnip Gnop
21270,28231,The Curse of the Ruby Rhino
21271,1724,Bureaucracy
21272,103261,Awkward Family Photos
21273,308357,Con Sonar!
21274,240142,Dark Legacy: The Rising
21275,1148,Eagle Kingdoms
21276,4355,Therapy
21277,42968,Pressure Matrix
21278,89550,Battle of the Sexes: The Battle Continues
21279,4694,Friends Trivia Game
21280,2166,Wyvern
21281,31016,We Didn't Playtest This At All
21282,8598,Monopoly: Star Trek The Next Generation
21283,193141,The Game of Life Junior
21284,1362,Wit's End
21285,128185,Don't Rock the Boat
21286,15832,Cheat
21287,162093,I Hate Zombies
21288,4476,Hot Potato
21289,4376,Kings in the Corner
21290,5750,Harry Potter and the Sorcerer's Stone Trivia Game
21291,6521,Magdar
21292,13782,Trivial Pursuit: SNL DVD Edition
21293,2431,Bargain Hunter
21294,19377,Rock Paper Scissors Game
21295,16807,Swipe
21296,5959,Scrimmage: Tactical Professional Football
21297,133425,Quartett
21298,22770,Mad Libs Card Game
21299,11532,The Eagle and the Sun
21300,2387,Huggermugger
21301,1647,Spammers
21302,214899,Watch Ya' Mouth
21303,2275,Airlines
21304,27826,What's Yours Like?
21305,337503,Cardiceo
21306,27389,Smart Ass
21307,31,Dark World
21308,1326,MacGregor
21309,16387,3D Tic Tac Toe
21310,3390,Friends
21311,6785,Big Brother: The Game
21312,134815,The Hobbit: An Unexpected Journey – Adventure Board Game
21313,2818,UNO Attack!
21314,46744,Race 3000
21315,7709,Hands Down
21316,11370,The Civil War
21317,6597,E.T.: The Extra-Terrestrial
21318,3482,Past Lives
21319,158917,TKO
21320,4062,Swap!
21321,144557,Where Art Thou Romeo?
21322,278139,Escape from the Grand Hotel: The Escape Room Game
21323,11618,Cranium Zigity
21324,172307,The Game of Life (2013- Editions)
21325,32670,Barista
21326,198961,Yeti in My Spaghetti
21327,1095,Mystery on the Nile
21328,1902,Mad Scientist
21329,185154,Wizard School
21330,13508,Boggle Jr.
21331,19409,Mouse Chaos
21332,9516,Adverteasing
21333,172032,Bottlecap Vikings
21334,12691,Warmaster Chess 2000
21335,3529,Vampire Hunter
21336,139388,Emperor's New Clothes
21337,1510,Class Struggle
21338,37305,Halo Interactive Strategy Game
21339,5824,The Kids of Catan
21340,3736,Gooey Louie
21341,258855,Stupid Deaths
21342,1217,Secret Labyrinth
21343,84730,Doggie Doo
21344,254617,Monopoly Cheaters Edition
21345,3820,Star Fleet Missions
21346,2242,Creatures & Cultists
21347,786,Maxi Bour$e
21348,7422,Mid-Life Crisis
21349,1073,Der Schatz der Inka
21350,23694,Pirates of the Caribbean DVD Treasure Hunt
21351,8031,Citadel Combat Cards
21352,3549,Superpower
21353,2433,Halloween Party
21354,15804,Hidden Conflict
21355,154343,Sorry! with Fire & Ice Power-ups
21356,2044,"Non-Violent, Politically-Correct War"
21357,2482,Zaxxon
21358,3886,Nine Men's Morris
21359,24000,Monopoly: Nintendo
21360,3696,Channel Surfing
21361,19560,Zathura: Adventure Is Waiting
21362,231954,Legends of the Hidden Temple
21363,150811,Mega Man: The Board Game
21364,203739,Evil Dead 2: The Official Board Game
21365,3344,Lone Wolf and Cub Game
21366,27190,Battleships
21367,166658,Bakerspeed
21368,137336,Archer: The Danger Zone! Board Game
21369,46747,Magikus
21370,10815,Craps
21371,2573,"Rivers, Roads & Rails"
21372,12063,There's a Moose in the House
21373,5029,Monopoly: Star Wars Episode I
21374,14076,The Ladybug Game
21375,3347,Solo
21376,29405,Transformers 3D Battle Card Game
21377,18750,Dragonriders
21378,93522,Tetris: The Card Game
21379,313850,Escape The Night: The Board Game
21380,1837,Word Yahtzee
21381,99918,W.W.B
21382,154174,The Big Bang Theory: Rock! Paper! Scissors! Lizard! Spock! Dice Game
21383,7720,The Prince: The Struggle of House Borgia
21384,2485,Game of the States
21385,6090,Pack of Flies
21386,118955,Zombie! Run for Your Lives!
21387,166081,Bucket of Doom
21388,289363,Ms. Monopoly
21389,5253,Jack Straws
21390,15064,Pimp: The Backhanding
21391,316555,The Umbrella Academy Game
21392,4110,X-Men Trading Card Game
21393,15278,Law & Order Game
21394,2086,Elfer raus!
21395,40347,Monopoly: Here and Now – The World Edition
21396,46748,Robo Champ
21397,128565,Evil Baby Orphanage
21398,89340,Name 5
21399,27960,Wizardology: The Game
21400,1692,Spoons
21401,3702,Topple
21402,17250,Monopoly: London
21403,202771,Punderdome: A Card Game for Pun Lovers
21404,17106,Boxes
21405,152488,Funny or Die
21406,23388,Ninja Galaxy
21407,5758,Monopoly: Pokémon
21408,12545,The Game of Life: The Simpsons Edition
21409,137550,Story War
21410,2740,Jumbo Jet
21411,2578,Phase 10 Dice
21412,8784,Po-Ke-No
21413,2000,True or False
21414,13285,Dungeonville
21415,321928,Penalty Challenge
21416,149051,Surprise Slides Game
21417,36783,Jishaku
21418,9812,Gone Fishin'
21419,7584,Electric Football
21420,211534,Bears vs Babies
21421,8633,Monopoly: Disney
21422,9464,Teenage Mutant Ninja Turtles: Pizza Power Game
21423,212436,Big Time Soccer
21424,12422,All Wound Up
21425,5129,The Simpsons: LOSER Takes All!
21426,698,Gother Than Thou
21427,2484,Explore Europe
21428,10213,Fox and Geese
21429,18044,BreaKey
21430,155693,Game of Thrones: Westeros Intrigue
21431,6284,Shark Attack!
21432,206274,Single Card Game
21433,3122,Doctor Who Collectible Card Game
21434,6668,Bibleopoly
21435,6749,Busen Memo
21436,8983,I.Q. 2000
21437,65262,Connect 4 (Revised Edition)
21438,10502,Poker Dice
21439,230864,WTF: (What the Fish!)
21440,6447,Time Control
21441,9921,Headache
21442,21239,Rocketville
21443,32236,Grzybobranie
21444,180611,Evil Genius: Deathray
21445,3845,Yahtzee Jr.
21446,1147,Outrage! Steal the Crown Jewels
21447,193295,Drunk Stoned or Stupid: A Party Game
21448,1170,Trick 'r Treat
21449,93688,The Sneaky Snacky Squirrel Game
21450,2767,Snail's Pace Race
21451,1817,Devil Bunny Hates the Earth
21452,8486,Bed Bugs
21453,53317,Pictureka! Card Game
21454,198447,Jim Henson's Labyrinth: The Board Game
21455,12746,Dreidel
21456,155081,POOP: The Game
21457,137348,The Princess Bride: Prepare to Die
21458,4165,Spare Time Bowling
21459,8039,Trivial Pursuit: DVD – Pop Culture Game
21460,5457,Dread Pirate
21461,3419,Star Trek: The Game
21462,21389,Happy Families
21463,1730,Trap the Cap
21464,9666,Greed Quest
21465,4229,Spellfire
21466,6898,Toss Across
21467,115793,The Big Bang Theory: Fact or Fiction Game
21468,3394,Monopoly: The Simpsons
21469,152955,DogFight WW1
21470,29653,The Very Hungry Caterpillar Game
21471,3515,"Men Are from Mars, Women Are from Venus"
21472,17451,Wench
21473,2130,Young Jedi: Collectible Card Game
21474,28718,Kanji Battle
21475,7822,Buffy the Vampire Slayer: The Board Game
21476,11670,The Game of Authors
21477,24224,Anasazi
21478,4587,Roller Coaster Hippo
21479,6787,Deutschlandreise
21480,3699,Killer Bunnies and the Quest for the Magic Carrot
21481,28257,Intelligent Design vs. Evolution
21482,1962,Tribond
21483,18686,Gazdálkodj Okosan!
21484,5788,Battle of the Sexes Card Game
21485,6201,Dante's Inferno
21486,3285,Star Wars: Jedi Unleashed
21487,2243,Yahtzee
21488,10320,Lucky Ducks
21489,41259,Ramses Pyramid
21490,5122,Charades
21491,240463,Tournament Fishing: The Deckbuilding Game
21492,6552,Cashflow 101
21493,13805,The Lord of the Rings: The Return of the King
21494,3602,Kriegspiel
21495,5367,Chomp!
21496,10709,Tjuv och polis
21497,5650,Pass-out
21498,4040,Tri-Ominos
21499,18901,Monopoly: Here and Now
21500,27959,Pirateology: The Game
21501,20422,Beat the Parents
21502,204887,Potions Brew
21503,18041,Bunco Party
21504,4907,PAC-MAN Game
21505,2980,The Simpsons Trivia Game
21506,2878,ThinkBlot
21507,24783,24 DVD Board Game
21508,240624,Overturn: Rising Sands
21509,2593,Pass the Pigs
21510,10400,Patience
21511,3623,Survivor
21512,3422,Fantasy
21513,10453,Crocodile Dentist
21514,11415,Warriors
21515,13945,Trivial Pursuit: 90's Time Capsule Edition
21516,6485,Quidditch: The Game
21517,258302,Pug You!
21518,126207,Deer in the Headlights Game
21519,18755,Pie Face
21520,231939,The Oregon Trail: Hunt for Food Card Game
21521,41541,Are You the Traitor?
21522,64204,The Logo Board Game
21523,9214,Manga Manga
21524,7098,Monopoly: Deluxe Edition
21525,126444,The Hobbit Card Game
21526,8569,The Haunting House
21527,26696,Monopoly: Star Wars Limited Collector's Edition
21528,6711,Hit the Deck
21529,3504,Super Deck!
21530,1446,Cheater
21531,101737,Angry Birds: Card Game
21532,125879,Fallen City of Karez
21533,32260,The Club
21534,23499,Deal or No Deal
21535,399,Tom Clancy's Politika
21536,4041,Go to the Head of the Class
21537,2688,Battlestar Galactica
21538,4492,Trivial Pursuit: 20th Anniversary Edition
21539,22861,Feed the Kitty
21540,1932,Anti-Monopoly II
21541,2770,Stay Alive
21542,2910,Power Lunch
21543,120426,Redshirts
21544,7467,The Lord of the Rings: The Two Towers Board Game
21545,7972,Crocodile Pool Party
21546,29613,DICEcapades
21547,189489,Grand Bazaar
21548,3804,Slamwich
21549,6549,Pretty Pretty Princess
21551,246701,DOS
21552,2979,Bionicle Adventure Game: Quest For Makuta
21553,99079,The Walking Dead Board Game
21554,4122,Electronic Battleship
21555,1426,Lord of the Rings: The Search
21556,4127,Arne
21557,4845,Star Wars:  Escape From Death Star Game
21558,144110,Oneupmanship: Mine's Bigger
21559,5546,Marbles
21560,417,Edison & Co.
21561,4004,Harry Potter and the Sorcerer's Stone Quidditch Card Game
21562,10712,Bondespelet
21563,2223,UNO
21564,89962,Angry Birds: Knock on Wood
21565,31145,Are You Smarter Than a 5th Grader?
21566,204543,Speak Out
21567,7308,Rock 'Em Sock 'Em Robots
21568,4910,Wheel of Fortune
21569,35173,Pop the Pig
21570,8487,Ants in the Pants
21571,7320,Elefun
21572,24067,Dragonology: The Game
21573,50849,Le Boomb!
21574,9851,Shut the Box
21575,42050,Eurobusiness
21576,89953,Carcassonne: The Dice Game
21577,152758,Penguin
21578,9004,Pop-Up Pirate!
21579,40508,Scrabble Slam!
21580,1422,Wadjet
21581,1527,Bitin' Off Hedz
21582,141019,Thermopyles
21583,32032,Monopoly: Electronic Banking
21584,3934,Bowling Dice
21585,11416,Burn in Hell
21586,2318,Scrabble Junior
21587,4367,Nero
21588,226610,What Do You Meme?
21589,6535,Don't Wake Daddy
21590,19370,Quelf
21591,175512,A Chaotic Life!
21592,24985,Mouse Trap
21593,3074,Uncle Wiggily
21594,10715,CSI: Crime Scene Investigation – The Board Game
21595,29096,Letter of Marque
21596,38558,Pogs
21597,65611,Cthulhu Dice
21598,5015,Don't Spill the Beans
21599,2502,Global Survival
21600,182875,Hengist
21601,3052,Sim City: The Card Game
21602,8392,Buckaroo!
21603,2004,Titanic: The Board Game
21604,17003,Snap
21605,764,Mad Gab
21606,113819,Tenzi
21607,11028,Lotto
21608,7601,Urban Myth
21609,23964,The Game of Life (40th Anniversary Edition)
21610,1094,Assassin
21611,18905,Slap Jack
21612,4724,The Lord of the Rings: The Fellowship of the Ring
21613,4035,Man Bites Dog
21614,2456,The Hobbit: The Defeat of Smaug
21615,24959,Lost: The Game
21616,15393,Jacks
21617,1511,Outdoor Survival
21618,1748,A Question of Scruples
21619,2272,Aggravation
21620,2952,Trivial Pursuit: Genus Edition
21621,232895,Coaster Park
21622,1604,The Mad Magazine Game
21623,2386,Chinese Checkers
21624,13166,Let's Go Fishin'
21625,1824,Trump: The Game
21626,4077,Who Wants to Be a Millionaire
21627,4888,Don't Break the Ice
21628,1298,Monopoly: Star Wars
21629,276022,Alien: USCSS Nostromo
21630,677,Would You Rather...?
21631,3343,Go For Broke
21632,3728,Ker Plunk
21633,8689,Bunco
21634,2956,Dirty Minds: The Game of Naughty Clues
21635,6546,Labyrinth
21636,1923,MindTrap
21637,1258,Phase 10
21638,6283,The Ungame
21639,5130,Afrikan tähti
21640,12205,In a Pickle
21641,4792,Tiddledy Winks
21642,11017,Crazy Eights
21643,13713,Solitaire
21644,10816,Blackjack
21645,1797,Pay Day
21646,1751,Jumanji
21647,5749,Simon
21648,3990,Fact or Crap
21649,5588,Perfection
21650,7688,Memory
21651,5314,Hangman
21652,7262,Top Trumps
21653,2719,Connect Four
21654,2083,Checkers
21655,1931,Anti-Monopoly
21656,4143,Guess Who?
21657,5050,The Worst-Case Scenario Survival Game
21658,5339,Monopoly Junior
21659,4149,Barrel of Monkeys
21660,15549,Roulette
21661,2785,Game of Goose
21662,5894,Twister
21663,6424,Pick Up Sticks
21664,2425,Battleship
21665,6932,Hi Ho! Cherry-O
21666,3510,Battle of the Sexes
21667,4378,Cootie
21668,2136,Pachisi
21669,205322,The Oregon Trail Card Game
21670,2407,Sorry!
21671,5895,Hungry Hungry Hippos
21672,10799,Old Maid
21673,2679,Mouse Trap
21674,7682,Go Fish
21675,3737,Operation
21676,3522,LCR
21677,2921,The Game of Life
21678,1406,Monopoly
21679,1410,Trouble
21680,16398,War
21681,7316,Bingo
21682,5048,Candy Land
21683,5432,Chutes and Ladders
21684,11901,Tic-Tac-Toe
21926,173,Formula Dé
21926,1528,Chief Herman's Holiday Fun Pack
21926,1883,Cataphract
21926,2705,Blazing Aces!: A Fistful of Family Card Games
21926,2802,War in Europe
21926,2883,The Book of Classic Board Games
21926,3042,Survival / The Barbarian
21926,3694,Great Medieval Battles: Four Battles from the Middle Ages
21926,3935,The Art of Siege
21926,3937,Games of Art
21926,4230,Napoleon's Last Battles
21926,4385,A Gamut of Games
21926,4564,Blue & Gray: Four American Civil War Battles
21926,4848,Blue & Gray II
21926,5096,Sly
21926,5811,The Best of Dragon Magazine Games
21926,7159,The Boardgame Book
21926,8070,The Great War in the East: Four World War 1 Battles
21926,8383,Thirty Years War
21926,8436,MechWar 2
21926,8706,Chief Herman's Next Big Thing
21926,9151,Westwall: Four Battles to Germany
21926,10904,New Rules for Classic Games
21926,10973,Dice Games Properly Explained
21926,11054,Four Battles in North Africa
21926,11428,Supermarina I: Command at Sea Volume II
21926,12541,Card Games Around the World
21926,12947,Napoleon at War: Four Battles
21926,13454,Playing With Pyramids
21926,14590,War of the Rebellion
21926,15238,International Cricket
21926,15471,Kokkelimonke Jubileum
21926,16185,Modern Battles: Four Contemporary Conflicts
21926,16186,Modern Battles II: Four Contemporary Conflicts
21926,17419,CATAN 3D Collector's Edition
21926,17728,"Traveller: The Classic Games, Games 1-6+"
21926,18531,The Complete Book of Wargames
21926,20436,Stonehenge: An Anthology Board Game
21926,20741,Abbott's New Card Games
21926,21411,Island War: Four Pacific Battles
21926,22094,A Book of Sandhurst Wargames
21926,22509,Four Battles of Army Group South
21926,22766,Die Siedler von Catan: Das Kartenspiel – 10th Anniversary Special Edition Tin Box
21926,26635,Spicy Dice
21926,30933,BANG! The Bullet!
21926,30966,Tempête sur l'Échiquier
21926,32928,Mü and Lots More
21926,33023,Trivial Pursuit: Greatest Hits
21926,39103,Jungle Speed: Deluxe
21926,39786,Heavy Gear Blitz!  Locked & Loaded
21926,42627,MidEvil Deluxe
21926,43262,Neuroshima Hex! Duel
21926,45358,Alhambra: Big Box
21926,47410,Catan Dice Game Deluxe Edition
21926,60056,Igel Ärgern + Tante Tarantel
21926,60153,War of the Ring Collector's Edition
21926,69843,PRESTAGS Master-Pack
21926,70918,Hanabi & Ikebana
21926,71099,Ingenious Challenges
21926,89952,Carcassonne: 10 Year Special Edition
21926,92140,Four Roads to Moscow
21926,96628,Miscellaneous Game Compilation
21926,96749,Fading Glory
21926,108687,Puerto Rico
21926,128666,BANG! 10th Anniversary
21926,134420,The Hobbit: Escape from Goblin Town
21926,134824,Qwirkle Trio
21926,135193,The Eastern Front: 1914-1917
21926,137827,Killer Bunnies and the Quest for the Magic Carrot: Deluxe Limited Edition
21926,139991,Fresco: Big Box
21926,139993,Kingdom Builder: Big Box
21926,140065,San Guo Sha: Complete Edition
21926,140068,Galaxy Trucker: Anniversary Edition
21926,140135,Small World Designer Edition
21926,140164,Duel in the Dark (Second Edition)
21926,140709,Alhambra: Family Box
21926,140711,Carcassonne Big Box 4
21926,141007,Carcassonne Big Box 3
21926,141008,Carcassonne Big Box 2
21926,142039,Lost Legacy
21926,142057,Carcassonne Big Box
21926,142131,Dominion Big Box (English)
21926,142132,Dominion Big Box (German)
21926,143147,Saboteur Gold
21926,144464,Werwölfe Deluxe
21926,144845,The Games of Middle Earth
21926,145535,Munchkin Special Holiday Edition
21926,145549,Islands of the Damned: Wake Island and Peleliu
21926,147154,Blue Moon Legends
21926,147170,El Grande Decennial Edition
21926,147190,Yggdrasil (Second Edition with Asgard Expansion)
21926,148641,Yōkaï no Mori
21926,149083,Dominion: Special Edition
21926,150446,World in Flames Deluxe Edition
21926,151377,Thurn und Taxis Big Box
21926,152959,The Settlers of Catan (containing 5/6 player expansion)
21926,153703,Darkest Night: Necromancer Bundle
21926,153912,Mystery of the Abbey with The Pilgrims' Chronicles
21926,153967,Wanted! Dead or Alive
21926,154094,Carcassonne Limited Edition
21926,154432,Risk & Castle Risk
21926,154597,Hive Pocket
21926,154883,"Sì, Oscuro Signore! (Seconda edizione)"
21926,155731,Tokaido Collector's Edition
21926,156455,Viticulture: Complete Collector's Edition
21926,157254,Corps Command: Dawn's Early Light – Red Hammer
21926,157723,We Didn't Playtest This at All with Chaos Pack Expansion
21926,157820,Escape: The Curse of the Temple – Big Box
21926,158408,Coup: Deluxe Edition
21926,158976,Ascension: Year One Collector's Edition
21926,159500,We Didn't Playtest This Either with Blue Deck and Dice Are Fun Expansions
21926,159517,Get Bit! Collectors Edition
21926,159908,Wilki i Owce (zawiera dodatek Grube Ryby)
21926,160069,Ticket to Ride: 10th Anniversary
21926,160094,Каркассон: Королевский Подарок
21926,160441,Set Dice
21926,160669,Town Center (Fourth Edition)
21926,161617,Dungeon Lords: Happy Anniversary
21926,162944,Ultimate Werewolf: Deluxe Edition For Kickstarter
21926,163105,Alhambra: Big Box Special Edition
21926,164127,Carcassonne Big Box 5
21926,165332,Puerto Rico + Expansion I
21926,165469,Council of Verona (Second Edition)
21926,165492,The Majority: Complete Edition
21926,168421,Bohnanza: Ladies & Gangsters
21926,168680,The Werewolves of Miller's Hollow: The Pact
21926,169814,AEG Black Friday Black Box
21926,170815,Lancaster: Big Box
21926,171199,Munchkin Legends Deluxe
21926,171905,Orléans: Deluxe Edition
21926,171908,El Grande Big Box
21926,173259,Fallen: Kickstarter Edition
21926,173270,Ogre / G.E.V.
21926,174226,Arctic Scavengers: Base Game+HQ+Recon
21926,174458,Baseball Highlights: 2045 – Deluxe Edition
21926,174610,Alien Frontiers: Big Box
21926,174852,Pandánte (Second Edition)
21926,174973,Boss Monster 2: The Next Level
21926,175239,Machi Koro: Deluxe Edition
21926,175619,Prussia 20
21926,175707,Apex Theropod Deck-Building Game: Exotic Predators Limited Edition
21926,176103,Shogun Big Box
21926,176601,Dead of Winter: Tabletop Edition
21926,177352,Carson City: Big Box
21926,180616,Ascension: Year Two Collector's Edition
21926,180845,ELL deck
21926,181209,Mistfall: Kickstarter Edition
21926,181289,Terra Mystica: Big Box
21926,181327,Die holde Isolde
21926,182453,The Game + The Game on Fire
21926,182880,Catan: Big Box
21926,183049,City Council: Deluxe Edition
21926,183750,Magic: The Gathering – Duel Decks Anthology
21926,185257,Innovation Deluxe
21926,185817,Metropolia
21926,186375,Tokaido: Deluxe Edition
21926,186567,Baseball Highlights: 2045 – Super Deluxe Edition
21926,186659,Tiny Epic Galaxies: Deluxe Edition
21926,187926,Islebound: Kickstarter Edition
21926,187988,Pyramid Arcade
21926,188818,AEG Black Friday Black Box 2015
21926,190553,Munchkin 1+2
21926,191361,Splendor: AsmOPlay Kit
21926,191710,Catan: Big Box
21926,192467,Cat Tower: Kickstarter Edition
21926,192663,Fleet Commander: Genesis
21926,192814,Lobo: 10° Aniversário
21926,193337,Chez Geek 1+2
21926,193927,Vanuatu (Second Edition)
21926,194778,Quartermaster
21926,200430,Elevenses for One (with Bowling Solitaire)
21926,201856,Last Will
21926,202821,The Fool's Journey
21926,203219,Rivals for Catan: Deluxe
21926,203835,Garbage Day: Limited Edition
21926,205960,In the Name of Odin: Kickstarter Edition
21926,206236,Wallenstein Big Box
21926,206593,Stronghold: Undead (Second Edition) – Kickstarter Edition
21926,207370,Design Town
21926,209872,"Keltis (with Neue Wege, Neue Ziele)"
21926,211323,Im Wandel der Zeiten: Das Kartenspiel
21926,211514,Escape: Zombie City – Big Box
21926,212956,Room 25 Ultimate
21926,213460,Unlock!: Escape Adventures
21926,213788,Ascension: Year Three Collector's Edition
21926,213984,Notre Dame: 10th Anniversary
21926,214000,In the Year of the Dragon: 10th Anniversary
21926,214903,Doggy Go! (includes expansion)
21926,215545,Jackal: Treasure Island
21926,215946,Sub Terra Collector's Edition
21926,216123,Star Realms Special Edition
21926,216725,Villages of Valeria: Deluxe Kickstarter Edition
21926,216849,Dominion (Second Edition) Big Box
21926,219774,Vikings Gone Wild Ultimate Set
21926,222988,Helionox: Deluxe Edition
21926,224035,Zombie Dice Horde Edition
21926,225836,España 20: La Guerra Peninsular
21926,228867,Unlock!: Mystery Adventures
21926,229130,Kingdom Builder: Big Box (Second Edition)
21926,230914,Carcassonne Big Box 6
21926,231942,Last Night on Earth: The Zombie Game – 10 Year Anniversary Edition
21926,232894,Escape: The Curse of the Temple – Big Box Second Edition
21926,232900,Anachrony Leader Box
21926,236781,Cerebria: The Inside World – Origin Box
21926,239307,Unlock!: Secret Adventures
21926,241203,Ascension: Year Four Collector's Edition
21926,241853,Museum: Kickstarter Edition
21926,245200,Heckmeck Deluxe
21926,245952,Import / Export Captain Edition
21926,246912,Take 5 & Take A Number
21926,247790,Starlight Stage
21926,248562,Mage Knight: Ultimate Edition
21926,249703,Gentes: Deluxified Edition
21926,249889,Shipwrights of the North Sea (Second Edition)
21926,251219,Istanbul: Big Box
21926,251830,Alhambra: Mega Box
21926,254138,Swordcrafters Expanded Edition
21926,254226,Unlock!: Exotic Adventures
21926,255262,Agricola: All Creatures Big and Small – The Big Box
21926,255484,World in Flames Collector's Edition Deluxe
21926,255524,Belfort: Edición Limitada
21926,255668,Trickerion: Collector's Edition
21926,255924,Snowdonia: Deluxe Master Set
21926,256122,RONE (Second Edition)
21926,256885,The Fantasy Trip: Legacy Edition
21926,257089,Big Trouble in Little China: The Game – Deluxe Edition
21926,257180,Kingdom Builder: Family Box
21926,259134,Adeptus Titanicus: The Horus Heresy Rules Set
21926,259571,Quarriors! Qultimate Quedition
21926,259586,Feudum: Big Box
21926,260000,Escape Room: The Game (Escape Rooms II)
21926,260126,New Salem: Second Edition
21926,260678,Stone Age: Anniversary
21926,260927,Mississippi Queen
21926,261588,Ascension: Year Five Collector's Edition
21926,261720,Finca
21926,261901,Tokyo Highway (4 player)
21926,263178,Who Goes There? Deluxe Edition
21926,266219,Tiny Epic Zombies: Deluxe Edition
21926,266447,Greenland (Third Edition)
21926,267367,Suburbia: Collector's Edition
21926,268191,Dice Throne:  Season Two –  Battle Chest Champion Edition
21926,269214,Pixel Tactics: Legends
21926,269980,Catan: Big Box
21926,271320,The Castles of Burgundy
21926,272743,Hanabi Deluxe II
21926,274466,Valley of the Kings: Premium Edition
21926,275564,Maximum Apocalypse: Legendary Edition
21926,275626,Dominion Einsteiger-Bigbox
21926,276502,Roads & Boats: 20th Anniversary Edition
21926,277405,Fuji Koro: Deluxe
21926,277448,Coloma: Deluxe Edition
21926,277980,Legends Untold: Weeping Caves Novice Set – Kickstarter Edition
21926,278292,Anachrony: Infinity Box
21926,278693,Castle Panic: Big Box
21926,279643,The Island of El Dorado: Legend Edition
21926,280430,Crimes in History: H. H. Holmes' Murder Castle
21926,281073,Cat Lady: Premium Edition
21926,282391,Stockpile: Epic Edition
21926,282673,The Sherlock Files: Elementary Entries
21926,283151,Monikers: Classics
21926,283198,Dwar7s Fall Collector's Edition
21926,285826,Ultra-Tiny Epic Galaxies
21926,285998,Tiny Epic Tactics: Deluxe Edition
21926,286326,Edge of Darkness: Guildmaster Edition
21926,286749,Hansa Teutonica: Big Box
21926,287671,Mauwi
21926,288010,Throw Throw Burrito Kickstarter Edition
21926,288316,Rurik: Dawn of Kiev – Kickstarter Edition
21926,288378,Estoril 1942: Super Box
21926,289223,Aquasphere (with Erweiterung expansion)
21926,289843,Madeira Collector's Edition
21926,290357,Hanabi: Grands Feux
21926,290829,Fresco: Mega Box
21926,291105,Escape Room: The Game 2
21926,293141,King of Tokyo: Dark Edition
21926,294508,Saboteur: The Mother Lode Bonus Pack
21926,295260,It's a Wonderful World: Heritage Edition
21926,295503,The Champion of the Wild (Second Edition)
21926,296100,Rococo: Deluxe Edition
21926,296948,Escape Room: The Game 2
21926,298278,Catan: 25 Jahre Jubiläums-Edition
21926,299104,Apex Theropod Deck Building Game: Collected Edition
21926,299122,Machina Arcana (Second Edition): Premium Edition
21926,299659,Clash of Cultures: Monumental Edition
21926,299733,Sanctuary: The Keepers Era
21926,299815,Trial by Trolley: Derailed Edition
21926,299971,Island Siege: Second Edition
21926,300129,On Tour (Second Edition)
21926,302189,Merlin: Big Box
21926,302882,The Dwarves Big Box
21926,303961,La Spedizione Perduta
21926,305668,Catan: 25th Anniversary Edition
21926,306656,Coup + Reforma
21926,306799,The Silver River: Deluxe Edition
21926,307621,K2: Big Box
21926,308119,Pax Renaissance: 2nd Edition
21926,308388,Egizia: Shifting Sands – Kickstarter Edition
21926,308762,Mystic Vale: Essential Edition
21926,309109,Die Säulen der Erde
21926,310203,Tiny Epic Pirates: Kickstarter Deluxe Edition
21926,310779,Margraves of Valeria: Kickstarter Edition
21926,311464,Florenza: X Anniversary Edition
21926,313163,Tiny Epic Mechs: Deluxe Edition
21926,313965,Kingswood: Royal Edition
21926,314019,Solar Storm: Deluxe Edition
21926,314349,Claim Pocket
21926,314530,Iwari: Deluxe Edition
21926,314550,Campeones de Midgard: Big Box
21926,315044,The Sherlock Files: Vol II – Curious Capers
21926,315048,Survive: Escape from Atlantis!
21926,315953,Tiny Epic Dinosaurs: Deluxe Edition
21926,316180,Tiny Epic Western: Deluxe Edition
21926,316182,Tiny Epic Defenders (Second Edition): Deluxe Edition
21926,316183,Tiny Epic Quest: Deluxe Edition
21926,317030,Quest: Avalon Big Box Edition
21926,317418,The North: Provenance
21926,318852,Lift Off! Get me off this Planet! Expanded Deluxe Edition
21926,318985,Puerto Rico
21926,319031,Project L: Kickstarter Edition
21926,319196,Gùgōng: Deluxe Big Box
21926,319375,Raccoon Tycoon: Deluxe Edition
21926,319422,Everdell: Collector's Edition
21926,321537,Soviet Dawn: The Russian Civil War 1918-1921 – Deluxe Edition
21926,321720,Twisted Fables: Deluxe Edition
21926,322045,Cartographers Heroes: Collector's Edition
21926,323947,Middara: Unintentional Malum – Act 1 Version 1.1
21926,324941,Happy Little Dinosaurs: Exclusive Edition
21926,326869,The Quacks of Quedlinburg: Big Box
21926,327107,Escape Room: The Game 3
21926,327242,Fossilis: Kickstarter Edition
21926,328326,Fleet: The Dice Game (Second Edition)
21926,328636,Chai (Deluxe Edition)
21926,329434,Chocolate Factory: Deluxe Edition
21926,329591,Ultimate Railroads
21926,329841,Ticket to Ride: Europe – 15th Anniversary
21926,329954,Carcassonne: 20th Anniversary Edition
21926,331259,Sleeping Gods: Kickstarter Edition
21926,331992,Steampunk Rally Fusion: Atomic Edition
21926,334310,Hellboy: The Board Game – Deluxe Edition
21926,336847,Tyrants of the Underdark: Board Game
21926,336849,Kemet: Blood and Sand – Kickstarter Edition
21926,336936,L.A.M.A.: 3 Gry w 1
21926,337796,Enchanters: Deluxe Box
21926,338476,Lorenzo il Magnifico + Famiglie del Rinascimento + La Congiura dei Pazzi
21926,338697,CATAN: 3D Edition
21926,347521,Blitzkrieg!: World War Two in 20 Minutes
