12000,255955,The Damsel's Tale
12001,5364,Makruk
12002,1547,Janus
12004,251854,Strange Vending Machine
12005,167349,Guerra De Mitos V
12006,125400,Nieuport 1600
12007,6765,Sniper! Special Forces: Sniper! Companion Game #2
12008,3616,BattleForce
12010,276669,Sensor Ghosts
12011,138869,Empires of Zidal
12012,188347,Karty D?entelmenów
12014,11477,The First Arab-Israeli War
12016,8093,Bulls-Eye Ball
12017,109019,Caldera
12021,8179,Yellowstone Park
12022,12936,Mentalis
12024,10361,Dead of Winter: The Battle of Stones River
12026,269466,Sinners
12030,3705,Contraband
12031,110336,Jumpy Jack
12033,279884,Longboat
12034,176560,Mechwarrior: Age of Destruction Starter Pack
12036,311894,Cartaventuras
12038,210410,Magic: The Gathering – Duel Decks: Heroes vs. Monsters
12039,55896,Koplopers & Dwarsliggers
12040,272522,Fuzzy Mage Fight
12042,320097,ECK: A solo trick-taking card game
12047,134419,The Golden Wilderness
12050,14881,Rebel Sabers: Civil War Cavalry Battles
12051,238065,Sherlock Holmes Consulting Detective: Vanishing from Hyde Park
12054,104775,Gary Gouda
12057,13269,"Lee Moves North: The Confederate Summer Offensive, 1862 & 1863"
12058,5777,Electronic Detective
12059,6837,Electronic Battleship Advanced Mission
12060,10307,The Rules With No Name
12061,270113,Deckscape: Demo
12062,4107,Hang in There!
12063,13881,"Marengo: Napoleon in Italy, 14 June 1800"
12064,311702,Piratas! (3ª Edição)
12066,12715,De Bellis Renationis
12069,111275,Fauna Kompakt
12073,88113,Isaac
12074,60342,Kleine Magier
12076,275715,Paras
12078,185383,Grant's Gamble: Wilderness Campaign of 1864
12079,12168,D-Day
12080,241611,We Are The Word
12081,8110,The Battle of Raphia
12083,1071,Aztec
12084,6503,Harpoon: Captain's Edition
12085,241828,Cortés et la conquête du Mexique 1519-1521
12087,230246,Photofinish: The Final Rush
12090,175224,Rumpelstiltskin
12091,133524,Caro
12092,243231,Henhouse Havoc
12093,22477,Deluxe Camping
12094,1434,Dealer's Choice
12095,220478,BARPIG
12096,150220,Kampen om Fredriksten
12098,11648,Warmaster
12099,328289,Kannste Knicken
12102,297735,Disciple Detective
12103,21506,New Mastermind
12104,155745,Stak Bots: Yellow Expansion
12105,11452,Suez '73
12106,158316,Villainy
12107,3130,1899
12109,117992,Shrimp
12111,94837,Scotland Yard: Hunting Mister X
12112,236884,Forest of the Impaled:  Vlad Dracula's Final Stand
12113,178285,Dicenstein
12115,244922,Geisterfalle
12116,15211,Poland '39: The Nightmare Begins
12117,34943,Double Shutter
12118,287895,Grund
12119,175845,Arcade
12120,311209,Wild Cards
12121,17054,Pegs and Jokers
12124,193131,Os Reinos de Drunagor
12126,110245,Kamisado Schnupperspiel
12128,26211,Fruit Fair
12129,14762,Yankees & Rebels
12130,7082,Battles of the Ancient World Volume III
12132,183716,Capitán Flint
12136,90272,Euronimoes
12137,141437,What the Food?!
12138,1627,XXXenophile
12139,5220,Star Trek Game
12140,8720,North German Plain
12141,306687,Get Out of Colditz: The Card Game
12142,36604,Basic Impetus
12145,190828,I Love Portugal
12146,109077,Iron Sky: The Board Game
12147,3936,The Siege of Constantinople: The End of the Middles Ages
12148,263168,Paradox University
12150,41198,Trafalgar: Naval Warfare in the Age of Sail (1795-1815)
12151,151357,SEVEN
12153,249817,The Bark Side
12156,7169,Heroes of the Soviet Union:  The Defense of Mother Russia 1942-43
12157,292130,Dolina królików
12158,323784,Ghost Letters
12160,298608,Crime Story: Berlin
12161,222885,WOO
12164,146014,Dreadball: KickOff
12165,91831,Got 'Em!
12167,126076,Sheepdogs of Pendleton Hill
12168,78093,Crosshairs
12169,2710,Quivive
12171,164808,El Switcher
12172,20117,Chaos Arena
12174,157395,Aetherium
12176,242191,Tierra y Libertad: The Mexican Revolution Game (Second Edition)
12177,154307,"Warhammer 40,000: Kill Team"
12178,1721,Business Strategy
12179,11241,"The Cossacks Are Coming!: The Tannenberg Campaign, 1914"
12181,3806,UNO: Star Trek
12182,186489,Elementos
12183,31021,Shuffleboard Game
12184,42704,Mi Tierra
12185,31846,Liberia: Descent Into Hell – The Liberian Civil War 1989-1996
12186,76352,Bid Euchre
12188,68187,Gettysburg: The Wheatfield
12190,200593,Quest Stories
12191,11084,Jumbo & Co
12192,197911,Onami
12193,252684,Supertall
12196,27884,Halo ActionClix
12197,14709,Gangs of Mega-City One
12198,8042,Heavy Gear Tactical
12201,6979,Match of the Penguins
12203,236801,Wayward
12204,68083,Gold Mine
12207,6720,Warplan Dropshot
12208,3064,CribbGolf
12209,203195,Keep Cool
12211,139607,Runicards
12212,182978,Landed
12215,1411,"Fugger, Welser, Medici"
12216,316113,Buy the Vote!
12218,287219,Hurlyburly
12219,174975,"Take The ""A"" Chord"
12220,312738,"Storm Over Madrid 1936: ""Miracle of November"""
12221,1869,Jägersro
12222,22061,TEG: La Revancha
12223,14088,Starfight
12224,126069,Oh My Lair!
12226,8424,"Panzer '44: Tactical Armored Combat, Europe, 1944-45"
12227,85826,Kursk: Burning Tigers – A Panzer Grenadier Game
12228,308385,Nytelyfe Solitaire
12229,261316,Waroong Wars (Second Edition)
12230,250643,Happiest Town
12233,95679,Oz
12234,6338,Seekrieg (Fourth Edition)
12235,8803,The American Revolution 1775-1783
12236,75382,Karnaxis
12238,296321,Black Seas: Master & Commander Starter Set
12240,155245,In Security
12242,6699,Command Decision III
12243,260277,Rolnicy
12244,154890,Click & Crack
12247,88925,Records of Three Kingdoms 190-280
12248,4352,Fightball
12249,209344,Rewordable
12250,255962,No Swap No Pay
12251,164566,McJohny's
12254,185457,Jackson & Sheridan: The Valley Campaigns
12256,2307,Greyhawk Adventures: Wars
12257,9259,Combined Arms: Command Decision Series Game
12259,155877,Jugula
12260,219985,DC Comics Dice Masters: War of Light – Collector's Box
12261,25569,Spicy Farkel
12262,15212,Berlin '45: The Nightmare Ends
12263,3157,All-Star Baseball
12264,187164,The Martian Investigations
12265,123635,PLAGUE: The Card Game
12266,192201,Wiener Walzer
12267,179606,"Mafia, cosa di capo"
12268,7106,Tabu: The Game of Aztecs
12269,114,Ransom
12270,6735,Star Explorer
12271,154274,Samsara
12272,6088,Rommel: The Last Glory in Kasserine
12273,297663,Monster's Coffee
12274,197865,Ravingspire
12276,63829,Irondale
12277,237715,Castle Climbing Frog
12279,167185,Mumia: Wy?cig w banda?ach
12280,3612,Pro Football Fantasm
12281,224060,Pigment
12284,309341,5x15
12286,163908,This House Is Haunted
12287,95449,Fame Us
12288,18600,Ball Park Baseball
12289,151892,Sign of the Pagan
12290,242630,O Palácio do Marquês
12291,124290,Open Sesame
12292,148424,30 Carats
12293,6487,Fantasy Warriors
12294,17649,First Blood: The 1st and 2nd Battles of Manassas
12296,329529,Magellan: Elcano
12297,18785,Miscellaneous Game Magazine
12298,322451,RisiKo!
12299,37724,Paul Koenig's D-Day: The Canadian Beach
12300,283217,Kenny G: Keepin' It Saxy Game
12301,332018,Funkoverse Strategy Game: Alice in Wonderland 100
12303,27127,Montebello
12305,69638,Goblin Market
12306,16829,"La Bataille de l'Ebre, 1938"
12307,117549,Bullenparty
12308,86006,Hinkel & Stein
12309,122399,Bloqs
12310,153368,La Bataille de Paris 1814
12311,292961,The Suits: Season 2
12312,8358,East Front Battles I: Blitzkrieg in the South
12314,275087,Auf der Walz
12315,25516,A Fatal Attraction: The Gallipoli Campaign
12316,141089,Jazz: The Singing Card Game
12318,5701,Dark Blades
12319,23912,Dread Pirate: Buccaneer's Revenge
12322,7071,Gaslight
12323,265634,DOCE
12324,7067,Schloss Schlotterstein
12325,7142,Zitadelle: Duel for Kursk
12328,86165,Neos
12329,34381,Käseklau!
12330,627,Royal Tank Corps
12332,323068,Chef Umami
12333,164279,Twilight Sparkle's Secret Shipfic Folder
12335,82863,Gruntz 15mm Sci-Fi
12336,150797,CLEVER
12337,13240,Panzer Miniatures Rules: A Tactical Game of Armored Combat
12338,96440,Farrapos
12340,230081,Pizza Master
12342,210465,Magic: The Gathering – Duel Decks: Mind vs. Might
12343,330560,Bunte Blätter
12346,118336,Paul Koenig's Market-Garden: Eindhoven Bridge
12347,130603,Start 11!  The Board Game
12348,17529,Haggle
12349,191292,Mafia the Party Game
12351,123923,Super Hero Squad Card Game
12354,90142,Tricky Bid
12356,171579,Dwarves Inc.
12358,8913,"The Russo-Turkish War, 1877-78"
12359,128388,Librium
12360,216895,Das Duell um die Geld
12362,310578,Paleontologists
12364,255928,Burger Battle
12365,24475,Balam
12366,24704,Stratego: Marvel Heroes
12367,317313,Warhammer Age of Sigmar: Crypt Hunters
12368,125549,Infinity Dungeon: Peril without End
12369,979,The Powerpuff Girls: Saving the World Before Bedtime
12370,263763,Stworze International Edition
12371,168429,Foldable Table Curling
12372,11135,Balkans 1941
12373,3317,Royal Hearts
12374,318083,Misión Rescate
12378,8724,Torgau
12381,8283,Blood & Thunder: Tactical Combat on the Eastern Front
12382,235904,Pandorum
12383,203715,The Shooting Party
12384,728,The Sun Never Sets: Three Campaigns of the British Empire
12386,10447,Ostatnia Wojna Cesarzy: Front Wschodni 1914
12387,3984,Tahiti
12388,17779,Kaiser
12389,37755,Scallywags
12391,18342,The Best of Board Wargaming
12393,210406,Magic: The Gathering – Duel Decks: Sorin vs. Tibalt
12395,317298,Dogs: Card Game
12396,237927,Alakazoo
12397,284617,King Thief Minister
12398,10878,Visual Game
12399,96728,The Beautiful Game
12400,203104,Cthulhu in the House
12401,176633,?htilâl
12402,4472,Arnhem Bridge
12403,202227,German Rails
12405,197069,Traitor Mechanic: The Traitor Mechanic Game
12408,288276,Tough Calls: Dystopia
12411,172414,Ball's Bluff
12412,291445,Virtue Signal: the Game of Social Justice
12413,185813,Murderer's Row
12414,145492,Der Schatz von Castellina
12415,42498,Ambagibus
12416,88147,Adaman
12417,88931,"Verbàlia, el joc"
12419,250525,Paleolithic
12423,396,Der dreizehnte Holzwurm
12424,210412,Magic: The Gathering – Duel Decks: Elspeth vs. Kiora
12425,11188,Superstar Pro Wrestling Game
12426,123511,Guns of Galicia
12427,218769,Lucky Captain
12430,97469,Blokus Junior
12431,133713,Vem aí a Troika
12433,257316,Weapon Wars
12435,1775,Password Plus
12436,268248,Warhammer Fantasy Battle (Third Edition)
12438,238636,Escape Team
12440,1716,Knights of the Air
12443,161063,Stipulations
12444,147352,Cuboro Tricky Ways
12445,224416,The Legend of Zelda: Clockwork Realm
12446,2201,Redemption
12447,6803,Pacru
12449,272692,Medieval Pong
12450,255618,dude
12453,1474,Ohio
12455,155943,Stac
12456,292464,Grimm: A Card Game
12457,209774,100 Swords: The Silver Queen's Dungeon
12458,9846,Jours de gloire Campagne II: La Pologne
12459,30020,La Belle Alliance: The Battle of Waterloo
12460,92591,Das große Kullern
12463,2409,Duell
12464,25749,Gangster
12465,2436,"Murder, She Wrote"
12466,27970,Star Wars PocketModel TCG
12467,168544,De Stijl
12468,38866,Im Wald da sind die Räuber
12470,1401,Crash!
12473,256391,Queen Bee
12474,107012,The Sun Never Sets volume II
12480,258440,(Come on) Let's Quiz Again
12481,201510,Gadgeteers
12483,203788,Candy Time
12486,342021,Space Invaders
12489,143663,Migration: A Story of Generations
12490,9509,Iglu Iglu
12491,167190,Of Dungeons Deep! (Second Edition)
12493,191178,Wolfed
12495,282437,Katana: Samurai Action Card Game
12496,238834,Tolomeo
12497,180006,Fram R'lyeh
12498,26692,Eynsteyn
12499,278484,Partán
12500,213834,Four Elements
12501,182406,Sealion: The Proposed German Invasion of England
12502,6978,Neutron
12503,181670,Wolf & Hound
12504,25973,Kannibohne
12506,37097,Quincunx
12508,118950,Mafia
12509,27926,Metropolis
12514,59031,In their Quiet fields
12515,5052,"Austerlitz: The Battle of Three Emperors, 2 December 1805"
12519,7938,The Battle of Prague
12520,305270,Chronicles of Waral
12522,58565,Panic Tower!
12523,5522,UNO Rummy-Up
12524,85004,Interstellar Mayhem
12526,146746,Longstreet
12527,97248,Judge Dredd Miniatures Game
12530,111387,Star Trek HeroClix: Tactics
12531,13800,"Cambrai, 1917: The First Blitzkrieg"
12532,1687,Red Empire
12534,236365,TOKYO JIDOHANBAIKI
12535,313352,Jungle Speed Limited Bertone Edition
12536,255586,Micro City
12539,37777,Ochs & Esel
12540,227163,Cooking Rumble
12543,8101,Team Yankee
12544,32337,About Time
12545,175150,Casting
12548,210411,Magic: The Gathering – Duel Decks: Jace vs. Vraska
12550,289438,STRIKE!: The Game of Worker Rebellion
12551,154633,Clue
12552,161765,Railroads
12553,98475,7 Islands
12555,1043,Pitstop
12556,292507,Ramen Ink
12557,6848,Dinosaur Chess
12558,99131,The Alamo Remembered
12559,2164,Square Off
12561,248385,IT Startup
12563,108155,Fox's Party
12564,248196,Pumpkin Patch: Bad Seeds
12565,182274,NXS
12568,8326,The Fall of Rome
12571,158895,Periorbis
12572,152824,Enigmàrius
12573,123162,Democracy: Majority Rules
12575,137328,Monster Café
12577,39219,Turandot
12578,25593,Der Prestel Kunstmarkt
12580,37351,Trivial Pursuit: Genus Edición III (Spain)
12582,201026,Warlords
12583,12505,Clash of the Eagles: Borodino & Friedland
12584,784,Discretion
12585,32821,Battle Leader Tactics
12586,342542,Less Is More
12587,15432,Pour Dieu et pour le Roy
12589,169550,Looting Atlantis
12592,1712,Showbiz
12593,198898,Area 51: Top Secret
12594,2531,Valley Of The Four Winds
12595,64431,Buraco
12597,151448,Danmaku!!
12599,7754,Smithereens: The End of World War II in Europe
12600,37394,Kayak Chaos
12604,3036,Kung Fu 2100
12606,140995,Colonial Space Wars: New Horizons
12607,4336,Cromwell's Victory: The Battle of Marston Moor
12609,4764,Casino Yahtzee
12610,2605,Tri-Tactics
12611,71956,Ports of Europe: Antwerpen
12613,40619,Tonga Island
12614,11983,Fab Fib
12615,28096,De Bellis Magistrorum Militum: Wargame Rules for Ancient and Medieval Battle from 3000 BC to 1525 AD
12616,757,Lunatix Loop
12617,5930,Campaigns of Marlborough
12619,334267,????!! (Hii Fuu!!)
12620,195842,Kampf gegen das Bünzlitum
12621,157053,Pocket Odyssey
12622,256626,Deus lo Vult
12623,305772,Immune
12624,309,Arabana-Ikibiti
12626,104353,Savage Streets
12627,1623,Space Station Zemo
12630,8754,The Moscow Campaign: Strike and Counterstrike Russia
12632,321713,Quest Calendar: The Dragon Staff of Maladoria
12633,190758,Psychomachia
12634,17697,Lineage II: The Boardgame
12635,224590,Code Triage
12636,14410,"Oh No, There Goes Tokyo!"
12638,6940,The Battle of the Alma
12642,92465,Sporz Original Outbreak
12643,182135,iKNOW: Amazing Earth
12644,137968,Schmovie
12645,124881,Swordfish
12647,235628,CONEX
12648,80474,Busstop: The Boardgame
12650,64955,Hexenflug
12651,145496,Privateer
12653,173755,Aquaducts
12654,295788,Plakks
12656,257766,¡Arre Unicornio!
12660,7830,Eagles of the Empire: Borodino
12663,23605,Les Dieux Nomades
12664,238329,Dan and Phil's Truth Bombs
12667,102253,Spearpoint 1943: Eastern Front
12668,25994,Sea Lords on the Mekong Delta
12670,237217,Speedy Pickers
12671,282421,Unlock!: Escape Adventures – Noël en Juillet
12673,89319,Gardens of Mars
12674,279931,Animalchemists
12677,140468,You Suck
12678,10561,Warsaw Pact
12680,46369,Old Town: Solo
12681,6402,Forward to Richmond!
12682,5728,Grand siècle
12684,256700,Wonderland Xiii
12685,35813,The Garlic Vampires
12687,179581,Havenfall
12690,73589,Ruthenia
12691,332181,IQ Files: Pecados
12692,3161,Port Stanley: Battle for the Falklands
12693,283208,Runaljod: The sound of the runes
12695,196328,Constantinople
12696,373,Wrott & Swindlers
12697,26890,Wormhole
12698,18536,Nok-Hockey
12700,64769,"Desert War: Egypt, 1940"
12702,14514,Metric Mile
12703,99777,Lupin the 3rd
12704,170980,Elven Castle
12705,1003,Das Regeln Wir Schon!
12706,218923,Pitch Deck
12707,239435,Red HINT
12708,7829,Eagles of the Empire: Friedland
12710,21447,Brother against Brother
12711,111026,"Opération Husky, Sicile 1943"
12713,69,Bollox
12714,322202,Usurper: A Game of Dark Factions
12718,262291,Barakka
12720,9084,Grunwald 1410
12721,106969,BASKETmind
12722,16439,Loot
12724,142691,World Series of Yahtzee
12725,6360,"Antietam: The Bloodiest Day, 17 September 1862"
12726,36333,Dirge: Carnage in Crimson
12727,5733,Star Wars Lightsaber Dueling
12729,220461,Bla5t
12731,4317,Mayday
12734,83228,Fairy Tale in My Pocket
12735,563,Doolittle & Waite
12737,11629,Guillotine
12738,201668,Cosmic Balance
12739,130400,TF22: LOAD!
12743,6919,Invasion: Earth
12744,102150,Rising Sun Railroads
12746,287198,Ka Pai
12747,30264,Ultimus Romanorum: La Chute de Rome
12749,172599,Theomachy: The Ancients
12750,11373,Autumn of Glory
12751,9063,Brettfußball
12752,172875,Drillit! A Fuga da Montanha de Cristal
12753,184797,Dark Frontier
12755,259829,Loser
12756,276,La Guerre de l'Empereur
12757,7735,Fatal Alliances II
12758,5924,Napoleon and the Archduke Charles: The Battle of Aspern-Essling
12759,4503,Grand Prix: F1
12762,20610,Rapid Fire! (Second Edition): Fast Play World War Two Wargames Rules
12763,17939,18US
12764,2721,Wembley
12765,298618,Hatairo
12766,192731,Skiwampus
12767,283848,Control V
12769,27789,Rotterdam
12770,29447,Guerra a Muerte
12772,3182,Vanished!
12773,253862,Little Monster That Came For Lunch And Stayed For Tea
12776,97494,Nordwind 1945
12777,9095,Diplomacy: Classical Variant
12778,3921,Street Illegal
12779,44125,Ogre Castle
12780,13919,"Shiloh: The Battle for Tennessee, 6-7 April, 1862"
12781,18690,Urban War
12782,127229,1830 Cardgame
12783,158604,Aristo-Maze
12788,1916,Shuttles
12790,1405,Adventurer: A Game of Man to Man Brawling in the Far Future
12791,240415,Desktop HEBOCON Battle Kit
12794,77200,All Time Championship Soccer
12796,168834,Rocca Rails
12797,5590,Hallo Dachs!
12798,259501,Xerxes
12799,33427,S'quarrels: A Game of Absolute Nuts
12800,4349,Jutland: Duel of the Dreadnoughts
12801,175265,Piñata Party
12802,226330,Trash Lords
12804,76994,Target: Leningrad
12805,80934,Cité
12806,228310,Captain Dice (????????)
12807,11499,"Chariot: Tactical Warfare in the ""Biblical"" Age, 3000-500 BC"
12808,85165,Chess 2: The Sequel
12809,302268,Godtear: Eternal Glade Starter Set
12810,193103,Ameritocracy
12813,8533,Quintillions
12815,445,Die Osterinsel
12816,123386,Baden-Württemberg Catan
12818,55841,Schwarzes Gold
12820,8743,"Saipan: Conquest of the Marianas, June 1944"
12821,235841,Telma
12822,97329,El mundo de Águila Roja
12824,183404,In A Bind Jr
12827,16719,Manhattan
12828,8461,First Team: Vietnam
12829,132773,Ovni
12830,99791,Road to Enlightenment
12834,13094,Category Game
12835,153486,Age of Assassins
12837,56022,Dice of the Living Dead
12838,280730,Monster! Monster!
12839,36674,Albion 20
12840,149814,Guild Stack
12842,51199,Epic Solitaire Notebook Adventures
12843,7095,Call My Bluff
12844,6768,Battlestar Galactica
12846,249312,War for Indagar
12848,1390,Auf Kurs
12850,166633,Bounce-Off
12852,660,Riffifi
12853,4650,Across the Board
12854,12352,Kineti-Go Magnetic Shuffleboard
12855,163565,"Pirates, Ninjas, Robots, & Zombies"
12856,76920,Orient Bazaar
12857,33140,Hyper Slide
12859,204397,Warhammer Age of Sigmar: Storm of Sigmar
12860,233094,MS Batory
12861,10236,Byzantium
12862,7367,More Backpacks and Blisters
12863,86003,Aether Captains
12864,51401,Pentalath
12865,4683,Prochorovka: Armor at Kursk
12866,183340,Der Schatz der 13 Inseln
12867,11993,"The Cossacks Are Coming!: The Tannenberg Campaign August and September, 1914 – 2nd Edition"
12868,38924,Amerigo
12869,20130,Liebrary
12870,166767,Imperial Harvest
12871,158968,Maha Yodha
12872,6509,The Oilman Game
12875,34245,Wizards of Mickey CCG
12877,285102,Dans les Cordes
12878,15399,Kharkov 1943: le coup de maître de Von Manstein
12880,303552,Magic: The Gathering – Unsanctioned
12881,12129,Giant Monster Rampage
12882,32414,Manimals: Europa 1
12883,179560,Wo ist bitte Umtata?
12886,182581,Super Hazard Quest
12887,123399,Dragon Quest: Slime Race
12888,178572,Waterloo: Quelle Affaire!
12889,262122,Quix!
12890,147145,Primate Fear
12891,321305,Crime Zoom: A Bird of Ill Omen
12892,7943,BattleTech: Battletroops
12893,86169,King's Valley
12894,213631,"To Unlimited, and Beyond"
12895,24483,Wackee SIX
12896,86538,Black Stories 6
12899,200549,Royal Defense
12900,709,Dragons of Glory
12901,153120,Transylvania: Curses & Traitors
12902,12676,Mini Car Wars
12906,329613,Paper Apps: Dungeon
12908,18588,Les Fils de Samarande
12909,388,Finale
12911,5258,Star Trek: The Next Generation – Interactive VCR Board Game – A Klingon Challenge
12912,176071,Sitting Ducks Deluxe
12915,244073,Heróis de San Villano
12916,6529,Panzer Grenadier: Airborne
12917,197,HellRail: Second Perdition
12918,246094,PJ Masks: Team of Heroes
12919,9932,Champs de bataille: Soissons 486 et Poitiers 732
12920,172932,Flashlights & Fireflies
12922,130912,The Lord of the Rings Dice Building Game
12923,11531,Snake Pit
12924,5692,Flintloque
12925,13915,"Bastogne: The Desperate Defense, December 1944"
12926,148330,Burning Rome
12927,22756,Optimus Princeps: Les Guerres Daciques
12931,246728,Gunfights & Gamblin'
12932,23707,Venus Needs Men
12933,3238,Rally: Risk and Evaluation on All Roads in the Worlds
12934,7184,Weapons & Warriors: Pirate Battle
12936,1252,Pyramidis
12938,265585,Linkee 3
12939,130764,Mr. Card Game
12940,167787,Die die DIE
12942,27373,Guillotine
12943,224662,Sushi War: All You Can Hit!
12944,109070,Eden: Survive the Apocalypse
12948,1130,Halali
12949,2205,The Lost World Jurassic Park Game
12950,12111,Grand National
12952,3229,"The Game of Medici: Arms, Loves and Betrayals in XVth Century Europe"
12954,173770,Swamped
12955,22329,Fatal Frame: The Card Game
12957,3485,Anno Domini
12958,61319,Uppsala: Città d'Italia
12959,10261,Blitzkrieg 1940
12960,695,Fibonacci
12962,166341,7 & 7
12964,181390,Buttons
12965,66695,Sumoku
12966,2713,James Clavell's Noble House
12967,287711,The Path of the Adventurers
12968,7203,Ophidian 2350 CCG
12969,206061,Snooker Solitaire
12972,60158,Fast Food
12975,330401,Dokojong
12976,282389,Robinson Crusoe: Escape from Despair Island
12977,47130,Shootin' Ladders: Frag Fest
12979,1698,X-Men: Under Siege
12980,235819,Scribble Time
12981,238510,Farkle
12983,26869,Little Thunder Witch
12985,4172,Veracruz: U.S. Invasion of Mexico 1847
12986,256957,Monkey Temple
12987,7657,Astron
12988,154778,AssassinCon
12989,15548,Trivial Pursuit: DVD – The Lord Of The Rings Trilogy Edition
12990,1028,Kraut & Rüben
12994,7578,Word-Whiz
12995,241488,Where's Mr. Wolf?
12996,333348,Dirge: The Rust Wars
12999,213301,Murder at Blood Mansion
13000,3604,Mamba
13002,267404,Warlords of Erehwon Rulebook
13003,6085,East & West: The Third Mondial War
13004,7065,Pusher
13005,98931,Pirates of the Caribbean: Master of the Seas Strategy Game
13006,182214,Gremlins Inc
13007,32639,Politico
13008,274442,hexaGONE
13009,14299,Tunisie 1943
13010,25302,Austerlitz 1805: Le choc des cavaleries
13013,34419,Kheops
13014,116231,Wordz
13015,307715,High Noon
13017,187515,Zooscape
13020,5303,APBA Pro Hockey
13021,28843,300: The Board Game
13025,6672,Seven Seas to Victory
13026,569,Maestro
13027,83907,Assist
13028,209734,Conflicting Legends
13029,69687,Anzio/Cassino
13030,8329,"Pegasus Bridge: The Beginning of D-Day – June 6, 1944"
13031,8703,"The Ardennes Offensive: The Battle of the Bulge, December 1944"
13032,174618,Schäferstündchen
13034,335541,We Care: a Grizzled Game
13035,81588,OMEGA
13036,3617,Operation Pegasus
13037,165090,CLUE: Firefly Edition
13039,15267,Des chiffres et des lettres
13041,6611,Battlelines: The Stalingrad Campaign
13042,1816,Mississippi
13043,285250,Pencilvillage
13044,123223,Pike & Shotte
13045,5755,Guadalcanal
13046,154904,Easy Breezy Travel Agency
13047,457,Jumbo Grand Prix
13048,143403,Petits meurtres & faits divers: au tribunal
13049,325704,Escape Room: The Game – 2 Players Horror
13050,3838,Firestorm
13052,111855,Lumacorsa
13054,42256,Cold War Battles 2: Pentomic Wurzburg & Kabul '79
13055,11160,Think: Memo Crime
13056,274445,Embers of Memory: A Throne of Glass Game
13057,37997,Zombie Cinema
13058,248366,Brutality
13059,3892,Star Blazers Fleet Battle System
13060,39084,CrossWise
13061,8245,Bloody Buna
13063,256486,Polyssimo Challenge
13064,121987,Crimebox Investigation
13065,297478,Cortex + Challenge
13066,5668,Mini Mastermind
13067,11763,Campaign for Guadalcanal: Long Lance & Henderson Field
13068,2600,Gods
13069,27682,Ultimate Werewolf: Whitebox Edition
13070,39279,Somosierra 1808
13071,7558,Battlegame Book 2: Knights at War
13074,260980,Power On!
13075,10880,Calciomania
13076,339214,HIT !
13078,63710,Silk Road Maker
13079,1082,Invers
13080,17684,"Operation Star: The Soviet Winter Offensive, 1943"
13083,34305,Legends of the High Seas
13085,65554,Sounds Like a Plan
13086,19676,Escrete
13088,103328,LIXO?
13091,33812,Island Trader
13094,27687,Star System
13096,1289,All The King's Men
13097,297318,¡Desplumados!
13098,73091,Momentum
13100,315882,Santa Cookie Elf Candy Snowman
13101,97751,Hit the Throttle!
13102,92777,Ragnarök: Aesir and Jötunn
13103,124034,"Position Magnifique: The Battle of Mars-la-Tour, 1870"
13104,279776,A Sheer Butchery: Solferino 1859
13105,255227,?????????? (Kamakura Collection)
13107,313750,Personal Space
13109,208377,Guardians' Chronicles: Clash of Heroes
13112,8571,Austerlitz 1805: Napoleon's Greatest Victory
13113,209225,Vikingjarl
13115,14012,Boing!
13116,237834,Rattaneer
13117,234834,Apocalypse au Zoo de Carson City
13118,11050,Bastogne or Bust (Second Edition)
13119,269145,M?
13120,7723,"Yeoman: Tactical Warfare in the Renaissance Age, 1250-1550"
13121,34118,Ultimate
13122,198778,SYNOD
13123,7003,The Battle of Britain
13124,5162,Chinese Chess
13125,154281,Legends and Lies
13126,97747,Electronic Taboo
13127,109215,Gunship: First Strike!
13130,60682,Gift Trap mini
13132,275817,Yum Yum Island
13135,199497,Squirmish
13137,13290,Byzantium Reborn
13138,3560,Ice War
13142,6924,Shot and Shell: Naval Combat in the Civil War
13143,298545,Spoilers: The Game – Travel Edition
13144,335467,??????? (Trick-Taking in Black and White)
13145,239907,Seat Wars
13146,224011,Gold Armada
13148,335131,Sticky Cthulhu
13149,310968,Bite and Write: The Treaty of Rodentia
13150,312744,Titanic
13152,133421,Bankraub
13153,2474,Götterdämmerung
13154,3666,Raider!: A Tactical Game of Commerce Raiding in WWII
13155,267732,Who's She?
13156,228742,Bushido Breaker
13157,6920,The Omega War
13158,7112,NATO Division Commander
13160,38038,UNO Flash
13161,282255,Zimbabweee Trick
13163,124918,Raid the Pantry
13164,174049,Sandcastles
13166,177995,"Graveyards, Ghosts & Haunted Houses"
13167,4017,Charlemagne: Dark Ages in Europe
13168,39382,18EZ
13169,165797,Der unendliche Fluss
13170,2263,Crusades II
13172,17765,Blam!
13173,302465,Obsidia
13174,32031,Art of War
13175,69815,Arnhem '44: The Operation Market Garden Boardgame
13177,112557,Guild
13178,174128,Zambezi: The Expedition Game
13179,254498,Girl Genius: The Works
13180,264843,El Maestro
13181,5346,Skittle-Bowl
13183,21061,Go/Stop
13184,25944,Julchen und die Monster
13186,178154,One Hit Kill
13187,2061,A Line in the Sand: The Battle of Iraq
13190,183839,Flip a Bird
13191,107173,Stalag 17
13193,257994,Trappist One
13194,163688,Six Sons of the Sultan
13196,112532,Feed the ducks
13198,6742,Dungeons & Dragons Chainmail
13199,12189,The Patrons of Venice
13200,39070,Rappakalja Extreme
13204,282216,Wolves of Mercia
13205,11601,Botts and Balls
13208,195149,DETHRONED: The Real-Time Combat Card Game
13209,22427,Miscellaneous Game Book
13211,190073,The Contender: The Game of Presidential Debate
13213,2395,Thoughtwave
13214,12562,Sunrise of Victory: The 1942 Campaign in Russia
13216,9835,Paris vaut bien une Messe! Les Guerres de Religion 1562-1598
13217,278322,Pinnacle
13220,182276,Marvel Heroclix: Infinity Challenge – Premiere Edition
13221,5459,No Dice
13222,162022,6 nimmt! Schnupperspiel
13223,8985,The Lord of the Rings Labyrinth
13224,147465,Scribe's Arena
13225,256480,Disastles
13227,241964,Home on Lagrange
13228,111802,8-Bit Invaders
13229,34744,Clue Express
13230,277931,King of Indecision
13231,121322,Knights of Ten
13232,312968,Pitch&Plakks
13233,790,Terra Turrium
13235,231316,Fly Down
13236,56685,Insula
13237,155406,Football Stars: Jogo de Cartas Ilustradas
13239,1304,Credo!: the Game of Dueling Dogmas
13240,206446,Gämsh Alpin
13241,185987,Waroong Wars
13243,2814,Rapid Recall
13244,3772,Mystick Companion
13245,298631,Don Carlo
13247,182228,Hordes of Grimoor
13248,162660,Secret Moon
13249,284107,Zodiac Clash
13250,11930,Renju
13251,3067,James Clavell's Shogun Card Game
13252,301614,????!??? (Dokitto! Ice)
13256,246911,Streets Of Steel: Kickin' Asphalt
13259,258325,Banjooli Xeet (Second Edition)
13260,141829,7-Card Slugfest
13261,283609,Rubik's Cage
13262,147372,Irish Freedom
13263,31412,Dungeon Plungin'
13265,280742,Godzilla Total War
13266,182172,Allies: Realm of Wonder
13268,8747,Chinese Farm: Egyptian-Israeli Combat in the '73 War
13271,67542,Essentia
13273,115325,Les Maréchaux: Junot 1808 –  Soult 1809
13274,153916,Sergeants D-Day
13275,220848,Pentaurus: Duel
13276,146188,Mauna Kea
13277,7129,Force Eagle's War
13278,26306,Vietnam Solitaire
13279,15683,War For the Motherland
13280,39089,Tiku
13281,127433,Dahschur: Die Rote Pyramide
13282,23724,Dragon Chess
13284,2716,Suzerain
13285,250348,Stock hold'em
13286,92186,Aether Captains: Pirates and Traders
13287,209748,Find Your Seats
13288,282390,Tattoo Brawl
13290,183459,Halfling Feast
13291,171258,Cabaret
13292,138616,Shift: The Single Card CCG
13293,10394,Avalanche: The Salerno Landings
13294,230316,Dice of Pirates
13296,465,Zankapfel
13297,207310,Infected
13298,118561,Sequence
13300,191687,Jungle Party
13301,190264,Eye Found It: Journey Through Time
13302,3532,Damocles Mission
13303,12160,APBA American Saddle Racing
13306,3979,Wabanti
13307,4794,Soldier King
13308,10065,Pokémon Master Trainer II
13309,191201,Siege of Sunfall
13310,159685,Deal: American Dream
13311,155577,Jungle Speed: 20 Years
13312,25313,An Evening With Bram Stoker's Dracula
13314,96703,Aether Captains: Clockwork Cabal
13315,195476,Master Thief
13316,5828,Aachen
13317,265019,MAMEY
13318,6907,Mai '68 Le jeu
13319,140939,Actionworks
13322,23614,Imperial Sunset: The Battle of Leyte Gulf 1944
13325,39530,Element
13326,256609,Nunami
13327,161148,Monsoon Market
13328,150323,Berserk: Knights and Villains
13329,57310,Hau La
13330,41878,Coast-to-Coast Rails
13331,177477,Tavern Fame
13332,12146,Gonnect
13333,60574,Mausgeflippt
13334,8909,Lu Zhan Jun Qi
13335,10557,The Black Prince
13336,170867,Battle of Durak
13338,17448,Rocketmen: Axis of Evil
13339,10266,"Armati: Rules and Lists for Ancient, Medieval & Renaissance Wargaming"
13341,191049,Smugglers
13342,10038,Fateful Lightning
13343,150623,Flippin' Fruit
13347,42216,Death Note Investigation Card Game
13348,310846,Urgency
13349,222913,Qwarks
13350,27665,Korsoun 1944
13352,8180,Floriado
13353,446,Avalanche
13354,30111,Ludus Gladiatorius 2
13355,123915,Anyways
13357,223455,Terra-017
13359,20587,Nuts!
13360,34948,All Queens Chess
13361,256708,Limbo: Eternal War
13363,61477,My Kind of Town
13364,227813,Doctor Who: Exterminate! The Miniatures Game
13367,207905,Magic: The Gathering – Duel Decks: Speed vs. Cunning
13368,71889,Third and Long: The Football Card Game
13370,28102,Sakkara
13373,116402,"Sheep, Dogs and Wolves"
13374,232358,Killing Code: Venice Vendetta
13376,11435,Lee Takes Command
13377,208217,Morpheus
13379,98046,Sake & Samurai
13383,39324,Pass the Popcorn! Game
13388,221982,Animagicians
13390,260322,Potions Class
13391,17615,1792: La Patrie en Danger
13392,17119,Head-to-Head Poker
13394,257967,Speed Cups?
13395,19634,Crossword Pyramids
13396,186142,Mythomakya
13397,232300,Wallet
13398,94338,Paradisio
13399,204407,Toire o Yogoshita nowa Dareda?
13400,153292,Nobody is Perfect: Mini Edition
13401,66825,Kraken-Alarm
13402,152985,Omertà: Clan ohne Plan
13403,33857,Prince of Chaos: Battle for Tae Orn
13404,298705,Animal Rescue
13405,214970,ORE-SOME
13406,3993,Necromancer
13407,13742,Void 1.1
13409,249362,SSO
13410,24079,Katoiz
13411,324344,§egment Trix
13414,150599,Takara Island
13415,47414,City of Guilds
13416,13960,Pirates & Plunder
13418,242317,Postcard Dungeons
13419,625,Business
13420,204141,Cat Town
13421,148939,A Night in Deepwail Manor
13422,108459,Strat-O-Matic Baseball Express
13425,23957,Stand at Mortain
13426,134069,Alexander's Campaign
13427,146747,TF22: RELOAD!
13428,194640,Under My Bed
13430,2762,Alpha Playing Cards
13431,146152,Flash 10
13432,249692,Rare Roses
13433,184664,Sandwich Masters
13435,36737,Army Ants
13436,89386,Quiz: Iisen Ikima Show !
13438,312594,The Forest Watch
13439,23999,Tie One On
13440,34890,"Assault on Sevastopol: Von Manstein in the Crimea, 1942"
13442,158341,Zaginione Dziedzictwo: Wie?a Bia?oz?ota
13443,104769,Jungle Speed: Electronique
13444,100275,C. C. Higgins Rail Pass
13448,2031,Starship Command
13450,35040,Elemental Rift
13451,178984,Civicus Dice Game
13452,280729,Les Guerres du Roi Soleil 1667-1713
13453,5723,Shattered States
13455,10968,Crash Canyon
13456,8888,August Fury
13457,156023,El Cinéfilo
13459,4413,Star Trek III
13461,7354,Bomber: A Game of Daylight Bombing of Europe
13462,10308,The Campaigns of Frederick the Great
13463,254695,Inoka
13465,9194,Personality
13466,20543,Pirates!
13467,144993,Clusterfight!
13468,142219,All Quiet on the Martian Front
13469,103236,Fusion
13470,117986,Card Goblins
13471,1691,Whodunit
13472,296044,Fruit Picking
13473,26604,Forceball
13474,16673,Over the Top: Command Decision Series Game
13475,341164,Exploding Minions
13476,285707,DUBITO
13477,4320,The Air-Eaters Strike Back!
13478,295571,Deckscape Crew vs Crew: The Pirates' Island
13479,172465,Tabletop Pathologic
13482,5198,Stalin's Tanks: Armor Battles on the Russian Front
13485,17146,Rommel at Bay
13487,272697,Newfoundland Jam
13488,166260,Demonslayer: Siege of Mt. Kunlun
13491,125547,Grimoire Shuffle
13493,89478,Imaginiff: 10th Anniversary Edition
13494,270512,Gone Fishing
13496,144412,Power Play: Schemes & Skulduggery
13497,28017,Bleff
13498,37392,Fleets 2025: East China Sea
13499,6797,Voice of the Mummy
13501,2826,Jackpot Yahtzee
13502,271043,UNDO: Blood in the Gutter
13505,226736,Good Little Martian
13507,31770,Joker Marbles
13509,6890,The Last Blitzkrieg
13510,226,Isi
13511,168077,Dragon Ball Z TCG (2014 edition)
13512,3330,Peloton
13513,268185,Warhammer: The Game of Fantasy Battles (Fourth Edition)
13514,276280,Spring on a String
13515,165627,Rincala
13517,314009,Pirate Legends
13518,192496,Clash of the Cards
13520,225740,Skull Port
13523,208073,XYbrid
13524,226502,Gladiator Gauntlet
13525,20302,Punch!
13526,185350,One Night Werewolf: Monster
13527,1235,Yellowstone
13531,176557,My Fair Princess
13532,206437,Drinking Quest: Journey into Draught
13533,67022,RisiKo! Challenge
13534,96342,Black Stories: Holiday Edition
13535,200871,Hanna Honeybee
13536,6615,Napoleon at Austerlitz
13537,54501,Die Insel der steinernen Wächter
13538,133535,Foosball tabletop soccer
13540,283849,The Only Word: the Party Word Game
13542,8902,Das Quiz des 20. Jahrhunderts
13543,29281,Party & Co: Original
13544,1053,Orbit
13545,223286,Bullets and Teeth
13546,5727,Europe at War
13548,113700,Dash! A whimsical race through Singapore
13549,4780,Der Herr der Ringe: Die Zwei Türme – das Kartenspiel
13550,73536,The Chinese Civil War of 1930
13551,37718,"The Games of War:  A Treasury of Rules for Battles with Toy Soldiers, Ships and Planes"
13556,286885,Mokuru: Card Game
13557,3402,Modigliani
13558,5964,American Civil War 1861-1865
13559,7567,Proteus
13560,18083,Anno Domini: Münzen
13561,251399,Doxie Dash
13562,218489,Clutch Baseball
13563,146262,Formissimo
13564,182225,Drinking Quest
13565,18248,Diceland: Cyburg
13567,12319,Quandary
13568,2836,Dragon Lance Mage Stones
13569,101668,Time's Up! Green Edition
13573,68943,Aether
13574,108679,Mow Money
13575,8046,Alien Space Battle Manual
13576,201917,Mech Command RTS
13577,95607,Killer Bunnies and the Conquest of the Magic Carrot
13578,205496,PaiMiahhh
13579,166991,Addictive Alchemy
13582,69543,Lemonade Stall
13585,308126,The Coding
13586,2161,Tyranid Attack
13587,8089,X-Machina
13588,41428,Consensus Movie Edition
13589,7566,The War of the Worlds
13591,150923,Pirates! Card Game
13592,12142,"The Battle of Austerlitz, December 2, 1805"
13596,8363,Turning Point: The Battle of Stalingrad
13598,165471,Col-Or-Form
13601,246346,Cat'astrophes
13604,289494,Drogi do Rzymu
13605,512,Holiday!
13606,245134,Dackel Drauf!
13607,162578,Collapse
13608,2284,Fight!
13609,183528,Captain Black
13611,148138,Mat Goceng
13612,20643,Friesen-Törn
13613,2720,Shooting Stars: A Tactical Game of Fighter Combat in Space
13615,33692,Brandubh
13616,145206,The Other Hat Trick
13617,17644,Rebels & Redcoats: Volume II
13618,178266,Fate Of Akalon: Tribes
13620,283713,Final Fantasy XIV: Gold Saucer Cactpot Party
13621,12478,Battlegame Book 4: World War II
13622,173240,Fruit Picking
13624,906,Abilene
13625,183305,Science Ninjas: Valence
13626,680,Dune
13628,193854,Gnomi
13630,286658,Ausser Rand & Band
13631,16268,Miss Monster
13633,154811,MERCS: Conflict
13634,2341,Confrontation
13635,234216,Niwa
13637,322148,Pocket Detective: Die Bombe tickt
13638,144486,Them's Fightin' Words!
13639,158495,Da Yu: The Flood Conqueror
13640,278142,Outpost 18
13642,4778,Sinaí
13644,184780,Dark Assembly
13647,15159,Coloretto
13648,4296,Battles & Leaders: A Game of Tactical Level Combat in the American Civil War 1861-1865
13649,104239,bezzerwizzer kompakt
13650,6086,Okinawa: The Bloodiest Battle of the Pacific Ocean
13651,198825,Incantris
13652,155700,Happy Birthday!
13653,22336,"Kreuzverhör: Krimi-Kartenspiel für zwei ""Ermittler"""
13654,1987,Emperor of China
13655,130202,Cock & Bull
13656,288664,Straszyd?a
13658,41757,Opus-Dei: Existence After Religion
13662,12218,"Lille: The Classic Vauban Siege, 1708"
13663,185244,Autumn
13666,31975,Retsami
13667,37477,Osaki ni Shitsurei Shima-su!!
13668,27339,3 Man Chess
13670,16874,Vince Lombardi's Game
13671,25627,SeaRovers
13672,129969,Schlag den Raab: Das Quiz
13673,4815,The Campaign for North Africa: The Desert War 1940-43
13674,95503,Donkey: It's a Kick!
13676,9759,Outta Control
13677,37370,Seii Taishogun
13678,9790,Triumph & Fall of the Desert Fox
13680,26363,Nomads of Arabia: The Wandering Herds Game
13681,89898,Faux•Cabulary
13684,125609,Pixel Lincoln: The Deckbuilding Game
13686,11925,Quizzle
13687,186980,Holdfast: North Africa 1941-42
13688,259064,Das Maß aller Dinge
13690,15721,N-Tropy
13693,9111,War of 1812
13694,287552,TransAmerica & Japan
13695,7815,Secrets of the Deep
13696,288098,Shadow Raiders
13697,288068,Steven Universe: Beach-A-Palooza Card Battling Game
13701,232238,New Lost Legacy
13702,1331,Showdown Yahtzee
13703,173408,Legends of Empires
13705,269504,Two Robots
13706,130685,Construction Zone
13708,119193,Crazy Creatures of Dr. Gloom
13709,208543,"Dwarves: Dig, Delve, Die"
13710,285892,Boss Quest
13711,55999,Les Nettoyeurs
13712,282287,Rescue Animals
13713,229408,Death Show TV
13714,173372,Hawken: Real-Time Card Game – Sharpshooter vs. Bruiser
13715,115370,Cuttle
13716,90375,Mieses Karma
13717,310196,The Original Sherlock Holmes and His Baker Street Irregulars
13718,63433,Tantrix Gobble
13723,41305,Orchard: The Card Game
13724,189218,??? (Mandara)
13725,173514,Meeple Quest
13727,233933,Kitty Cataclysm
13728,303635,Rat Attack Party
13729,175704,Racing Hedgehogs
13730,347146,Salvage
13732,218615,Tropico
13733,1873,Babylon 5 Component Game System: Core Sets
13734,6507,Major Campaigns of General Douglas MacArthur
13735,4021,"Road to Richmond: The Peninsular Campaign, May-July, 1862"
13736,2369,Fiasko
13737,230955,El Aprendiz de Merlín
13738,258512,Communist Cats
13739,37391,Scotland Yard
13740,151972,Village in a Box
13741,231872,Heirs of the Wizard King
13742,320677,Noch mal!: Kids
13743,362,Elefantenparade
13744,10084,Stuff Yer Face
13745,235865,Skogen
13748,256502,Whales Destroying The World
13749,179,Nuba
13750,50560,Sherwood Showdown
13751,4176,Armies of Arcana
13752,1820,Z-G
13753,127572,Battleship Live
13755,134618,Zen Garden
13757,47408,Acqua Dolce
13758,38637,Age of Scheme: Routes to Riches
13759,276832,Fantasy Ranch
13760,1045,Malawi
13761,244725,Show & Tile
13762,234657,TRUT
13763,266421,Ubongo! Fun-Size Edition
13764,143085,7 Dice Wonders
13765,4894,Three For All!
13767,26124,Draco Mundis
13768,179020,La bataille de Jemmapes
13771,209976,Código Enigma
13773,10611,The Battle for Jerusalem 1967
13774,6995,Castle Danger
13775,35546,Aronda
13777,196031,The Pioneers Program
13778,146999,Katapult
13779,20050,Tekeli-li
13780,179973,GobbleStones
13782,68201,Topology
13785,56195,Galaktico
13786,287346,Kai-Zen
13787,150143,Guerra en el Pacífico
13789,129038,Wolsung Steampunk Skirmish Game
13792,200957,NecronomiCORP
13793,130053,Compatibility 15th Anniversary Edition
13794,138127,Night Eternal: The Game
13796,281310,Waters Edge
13797,28454,The New Yorker: Cartoon Caption Game
13798,955,Super Giant Monster Showdown
13799,7378,Sprouts
13804,21188,Liar!
13805,203673,Complicated Board Game the Card Game
13806,216360,Karty D?entelmenów: Epizod Drugi
13807,230146,Obelisk
13810,223790,Neon Knights: 2086
13811,16617,"The Wilderness Campaign: Lee vs. Grant, 1864"
13813,13436,Hopp hopp Häschen
13814,1952,Long Short
13816,46991,À la charge: Normands et Byzantins
13817,256170,Schönbrunn
13818,236905,Castles of Caleira
13820,207335,Mandrago
13821,236827,Vudulhu
13822,1516,USAC Auto Racing
13824,66197,Spiel mit Lukas: Dribbel-Fieber
13825,11469,Phalanx: Tactical Warfare 500-100 BC
13826,241323,Letter GO!
13827,1460,Earthquake
13828,68340,Tell Tale
13829,30879,Police 07
13831,35635,Get to the Chopper!!!
13832,257814,Cats
13833,4196,Fantasy Forest
13834,138682,Spy or Die Trying
13835,148592,"Bigfootses, The Card Game"
13837,247714,Kids of London
13839,25045,Mechaton:  Giant Fighty Robots
13843,41148,Fuzzy Tiger
13847,181083,European Union: The Board Game
13848,20920,Candle Quest
13849,265293,Space Worm
13850,328286,Mission ISS
13851,228420,Schneeble
13852,11937,Red Army: The Destruction of Army Group Center
13853,38763,11 de Setembre. Setge 1714
13856,165737,Flip 9
13858,203002,Zampa La Granja
13859,182869,Hong
13860,76681,The Kingdoms of Crusaders
13862,8428,Shenandoah: A Civil War Games of the Valley Campaigns – 1862 and 1864
13863,17735,Jailbreak
13864,197928,Dreamwars
13866,216367,Taiwan Monsters Brawl
13871,149459,Assaultous
13872,17591,Mohawk
13873,3008,Wicketz
13874,220199,Snappy Dressers
13875,318702,Tumbleweed
13876,9010,Dvorak
13877,33624,Trivial Pursuit: Deluxe
13878,6748,Scum: The Food Chain Game
13879,69632,Greenrock Village: Tatort – Hotel
13880,10605,Stratego Tournament
13881,7939,Vector
13882,204429,More Bloody Nights
13883,14523,Sergeants: On the Eastern Front
13884,5893,Haunted Mansion Game
13885,139627,Dragon Teeth Washer
13888,3528,Priceless
13889,38679,Tenka
13890,72373,R-Eco Recycle
13891,2011,Top Banana
13892,295646,Spyfest
13893,188527,Stramash
13894,315267,Tuppfehler
13897,247394,EXO: Mankind Reborn
13898,196256,TRIUMPH: A card-arranging strategy game
13901,91442,Zwerg Riese
13903,6625,Seapower & the State
13904,195535,The Architect
13905,150197,Les Guerres de Bourgogne 1474-1477
13907,84991,Bizzarie
13908,242900,Brutus
13909,5199,The Lords of Underearth
13910,128072,Vege Tables
13913,2214,Saga
13915,325611,Runes of Zun
13916,2415,The High Kings of Tara
13917,193436,Double Ditto
13918,229910,Gangs of Britannia
13919,204323,Planet Rush
13920,9973,"Cauldron: Battle of Gazala, May 1942"
13921,220674,Mercatores
13922,8911,On to Moscow
13923,11766,SS Amerika
13924,37741,Secrets of the Third Reich
13925,153723,Dr. McNinja's Legendary Showdown
13926,259945,NFL Showdown
13927,269756,3 Secrets: Crime Time
13931,129603,???????: ?? ?????? ???????????
13936,146290,Malacca
13937,871,Fire
13938,1649,Colonisator: The Twelve Planets' War
13939,127093,Stormy Seas
13940,37612,Apples to Apples to Go
13941,144413,Shindig Machine
13942,176642,???? (Hitohira)
13944,198537,Buck: Legacy (2nd Edition)
13945,164091,Reis de Portugal
13946,93997,1000 and One Treasures
13947,121663,S?owoStwory
13949,284323,Cro-Magnon: First Steps of Civilization
13950,244506,Last Stand
13951,13715,Surakarta
13955,1029,Lieber bairisch sterben
13956,261838,Borders of Kanta
13957,35492,Wiede? 1683
13958,931,Corner
13959,218943,WordSpiel
13960,54986,duck! duck! SAFARI!
13961,231801,Party & Co: Extreme 3.0
13962,9988,Solferino 1859
13963,199394,Marooned! A solo game of survival
13964,191906,Family Flutter-By
13965,291048,"Lord of the Chords: The Geekiest, Punniest Music Theory Card Game"
13966,5933,Red Sky Morning
13967,6042,Samurai Sunset
13968,181194,Cucina Curiosa
13969,150827,Monster City Planners
13970,23404,Les morts aux trousses
13971,2160,Robots!
13973,164930,BANG!: Halo
13976,134884,ZnajZnak
13978,231575,Hero's Crossing
13979,194966,Among Thieves
13980,102698,Hull Breach!
13982,154243,Menu Mash-Up
13983,79216,Plateau X
13984,6146,S.F.3.D. Original
13985,179930,Avalanche at Yeti Mountain
13987,7799,Bloodiest Day
13991,35934,Tile Rummy
13992,283076,Combat Arena
13994,145586,sQuizz
13995,29676,Monopoly: Tropical Tycoon DVD Game
13996,10776,Sword & Shield
13998,7650,Battlefield: Europe
13999,2304,Knock Out
14000,162974,Chroma Cubes
14001,221938,Careta
14002,257965,BiberClan
14003,2217,Columbus
14004,39029,Castle Builders
14005,191095,Scoundrel
14006,129322,Kaijudo
14008,273349,Draw Your Own Conclusions
14010,20848,Stratego: The Chronicles of Narnia
14012,257599,Invasions: Volume 1 – 350-650 AD
14013,183649,Escape the Nightmare
14014,166710,Dragon's Ransom
14015,58003,Kenta
14018,176247,Mixtape Massacre
14020,20954,Alpen Express
14021,8990,Bantu
14023,166977,Gangster Dice
14025,933,New Orleans Big Band
14026,37103,Spangles
14027,306072,Merchants of Qultah
14028,286632,Blood of the Northmen
14031,98352,O Último Grande Campeão
14032,25246,Esagek
14033,2917,Age of Chivalry
14036,2779,Sauron
14038,13936,Dark Age
14039,192322,Rory's Story Cubes: Looney Tunes
14040,24186,Treasure Fleet
14042,11399,Black Gold (Texas Tea)
14043,38299,Borkowo 1806
14045,32346,Super Tock 4
14046,36944,Electronic Guesstures
14048,4935,Test of Arms
14051,113066,RR
14052,6478,Dictionary Dabble
14055,138729,Hull Breach: Loyalty & Vigilance
14056,39375,The Battle of Red Cliffs
14057,260,Starship Troopers: Prepare For Battle!
14058,1364,Pillage & Plunder
14059,98780,Aether Captains: The Search
14061,23570,Napoleon
14062,13994,Alsace 1944
14064,312904,Conan the Cimmerian: The Tower of the Elephant
14065,2043,Shogun
14066,19735,Terakh: A Creative Strategy Game
14067,6771,Sceptre 1027 A.D.
14068,2354,Scan
14069,130763,Storage Wars: The Game
14070,7683,Ronda Magica
14072,96266,Aether Captains: Triad
14075,283259,Mint Condition
14077,341426,If It Fits
14081,197551,Hall of Fame
14082,267179,Port Gda?sk
14083,2864,Automania: The Game of the Motor Giants
14084,24025,Attacktix Battle Figure Game Marvel Superheroes
14085,7230,Battle for Normandy
14086,2733,Stimmvieh
14087,17967,Origins of World War I
14088,226358,Altitude
14089,30021,Wavre: The Lost Opportunity
14092,12280,Geistesblitz
14093,86754,I Signori dei Draghi
14094,2889,Golem
14095,7182,TimeLine
14096,257440,Dungeon Duel
14097,121043,Pass-Ackwords
14098,237311,The Smog Riders: Dimensions of Madness
14099,3643,Spellmaker
14102,301541,Latte Throwdown
14103,36431,Time Line
14105,279056,Pompiers!
14106,1000,Corona
14109,2668,Picture Picture
14111,10906,Beggars and Thieves
14113,31887,AmuseAmaze
14114,279649,Balk
14115,410,D'raf
14116,21269,Finger Football
14117,177868,Game Election
14118,281257,Aeolis
14121,284003,Sunflower Valley: A Tile-Laying Game
14122,233284,Bergnein
14125,33958,Rapscallion
14126,9048,Cinq-O
14129,7366,Flix
14131,25999,Hus
14132,8693,1918: Operation Michel
14133,271027,Agents: Sword and Shield
14134,243080,PlingPong
14135,84230,Pirates 2 ed.: Governor's Daughter
14136,8394,Ludoviel
14138,11640,Klabberjass
14139,146157,30 Seconds Junior
14140,113337,Global War 1939
14141,19554,Plext
14143,275738,Knitting: The Card Game
14145,266381,ZU Tiles: Hime Starter Set 1
14147,17267,Laserburn: Sci-Fi Combat Rules
14148,198668,Top Hats And Treachery
14149,173121,Pirato Poker
14150,96672,TieBreaker
14152,99062,Famous Divisions: Grossdeutschland Panzer
14153,171475,Särge schubsen
14154,109786,Serica: Plains of Dust
14155,42685,Connect 4x4
14156,94456,Color Stix
14157,157995,Noueni
14159,26786,Number Rumba!
14160,186089,Sapotagem
14161,174491,Steam Court
14162,227468,Ancient Artifacts
14163,21437,Agora Barcelona
14164,11060,Normandy: The Invasion of Europe 1944
14165,36790,Pickpocket
14167,35054,Meepile
14168,134279,Mafia Casino
14169,27227,Contrario 2
14170,261491,Takla
14171,12520,"Bélisaire, la gloire de Byzance"
14173,313178,Backwoods
14174,222584,Clustered
14175,19908,Clue:  Limited Gift Edition
14178,35254,Monopoly: Indiana Jones
14179,179813,Manhattan TraffIQ
14180,172557,Pretense
14183,313100,"Bye, Felicia!"
14184,312613,Oversiege
14185,170337,Dwarfest
14186,19623,Handy
14187,291154,Timeline: Brasil
14190,5321,The Battle of the Little Big Horn
14191,138470,Erie Railroad
14192,1079,Tokami
14194,244172,Sherlock Holmes: The Beginning
14195,4060,Undead
14198,8043,Gear Krieg Wargame
14199,75668,Whist 22
14201,2319,Trade
14203,166246,Sifaka
14204,198086,Rushi
14205,132322,Snug as a Bug in a Rug
14206,32429,Mouse Match
14207,106631,Space Bastards
14208,69761,Panzer General: Russian Assault
14209,8749,Mukden: Sino-Soviet Combat in the '70's
14210,12662,To the Wolf's Lair!
14211,25772,Astoria
14212,34692,Dino Detektive
14213,18701,Ludus Gladiatorius
14214,63014,Mapominoes: Asia & Australasia
14215,18791,Star Wars: Attack of the Clones Card Game
14216,195489,Slush Fund 2
14217,13316,Operation Overlord: Normandy 1944
14218,337195,Growing Season
14220,183976,Dice Bazaar
14221,159455,Galactic Sabacc
14222,16875,Darter
14223,255696,Jungle Race
14224,169918,Magia Cum Laude
14225,220124,5ive: King's Court
14227,118627,Kalifiko
14228,20300,Chickamauga River of Death
14229,3812,"Breakout & Pursuit: The Battle for France, 1944"
14231,32086,1939-45 Harc Európáért
14232,36751,DC HeroClix: Batman (Alpha)
14233,238968,The Awful Orphanage
14234,24024,Attacktix Battle Figure Game: Transformers
14236,160871,Scotland Rising
14238,5396,Trade Winds
14239,7921,Round-Up
14240,18256,Quartile
14241,40102,Verdun: A Generation Lost
14242,5167,Rubik's Illusion
14244,144253,Amerika
14245,309250,Empyrean Hero: The Card Game
14246,3646,Luftwaffe: The Game of Aerial Combat Over Germany 1943-45
14247,26582,X?ko Mission: Madagascar
14248,9909,Crète 1941: Opération Merkur
14249,165640,Crop Cycle
14250,254230,Thieves
14252,2119,221B Baker St.: Sherlock Holmes & the Time Machine
14253,3954,Baseball Strategy
14254,29146,Okey
14255,209033,"Por favor, não corte minha cabeça!"
14257,145649,Nowheresville: Bandit Paradise
14260,101723,Hungarian Tarokk
14261,8731,Salvo II
14262,319295,National Lampoon's Christmas Vacation: Twinkling Lights Game
14263,94476,New World Colony
14265,159865,Tark Mees Taskus
14266,8979,Oodles of Doodles
14267,803,Dragonhunt
14268,315021,Strawberry Sunset
14271,205072,Disney Eye Found It!: Hidden Picture Card Game
14272,108862,Elfer raus! Master
14274,7254,The Battle of Shiloh
14275,11357,Brewhouse Bash
14276,43168,Scrappers
14277,2159,Kimbo
14278,21036,Stratego: Star Wars Saga Edition
14279,90855,Scavengers
14280,158967,Kaleido
14281,3102,Banque Fatale
14282,35961,Beim Jupiter: Göttliche Sticheleien
14283,2757,Marine: 2002 – A Game of the First Lunar War
14284,186404,Vault
14285,70597,Trollland
14286,209320,Druids
14287,186510,RallyRas
14288,42188,Make 'n' Break CHALLENGE
14290,286138,Dim Sum Jam
14292,164670,Mr House
14293,5226,Rocroi 1643
14294,31797,Classic Battletech RPG
14295,121031,Franco-Prussian War 40: August 1870 - March 1871
14296,226237,RPGQuest: A Jornada do Herói
14299,260524,Beyond Humanity: Colonies
14300,54073,Fish Stix
14302,5858,Clue II: Murder in Disguise VCR Mystery Game
14303,28050,Pixel
14304,250051,The Seals of Cthulhu
14305,5223,Champs de Bataille II: La bataille de Kadesh
14306,21987,Doktor Schlüsselbart
14307,198044,Sign
14309,280148,Gizeh!
14310,14013,In Extremis
14312,5778,Chancellorsville (Second Edition)
14313,250834,Anomia Kids
14314,43693,Delve the Card Game
14317,219208,Poison
14320,163963,League of Hackers
14321,9915,Denain 1712
14323,224635,Dragoborne: Rise to Supremacy
14324,103016,Expedition Sumatra: Dadu Dadu
14326,164778,Encounters: Bravest Warriors
14327,248496,Medv?d WRR: Karetní hra
14328,783,Letter Head
14329,84017,Football Leader
14330,209053,Wicked Apples
14331,8434,Extinction: The Game Of Ecology
14332,132598,Black Swan
14336,2092,Elfengold
14339,12679,Scottish Highland Whisky Race
14340,24927,Scrabble Scramble
14341,231368,Arboria
14342,228724,Dead Throne: World of Veles – Deluxe Edition
14343,217430,Bellum
14344,8787,Armageddon: Tactical Combat 3000 to 500 B.C.
14345,282,Vikingatid
14346,286706,Word Bank
14347,11855,"Tamburlaine the Great: The Battle of Angorra, 1402"
14348,238041,CLUE: The Legend of Zelda
14349,231126,Small Warehouse
14350,1140,Ballonrennen
14351,149705,Croquet: A Cardboard Game
14352,154681,Flizz & Miez
14353,178053,Schatz-Rabatz
14354,117558,Escape: Fighting for Freedom
14355,4574,Slang Teasers
14357,3081,Rubik's Flip
14358,151191,Pan  T'es Mort
14359,18732,Marvel Super Heroes Game
14360,203238,Tricky Dungeon
14362,7141,Crossbows and Cannon II
14363,46925,Kámen – Zbran? – Papír
14364,4049,Hammer's Slammers
14365,8518,Belisarius: The Byzantine Empire Strikes
14367,13885,The Guns of Cedar Creek
14368,243694,Cryptocurrency
14369,2709,The Beastlord
14370,160470,Ice Cream Combo
14371,11056,Fantasy Rules! Fast Play Rules for Miniature Wargames in the Worlds of Fantasy
14372,175735,Rocca Town
14373,5380,Lancelot
14374,64877,Flashpoint
14375,31401,Knjaz'ja
14376,67037,Schatz der Kobolde
14377,126213,When Zombies Attack!
14378,18683,Salta
14380,59309,Orchard: Memo Game
14381,4878,How to Host a Murder: Grapes of Frath
14383,4379,Bug-Eyed Monsters
14384,37743,Consensus
14385,143703,NanoBot Battle Arena
14387,5193,The Fury of the Norsemen
14388,296353,Color It!
14389,248956,Fry Thief
14390,8728,Ultra Marines
14391,174218,You're Fired!
14392,1268,What's That on My Head?
14393,3129,1876: Trinidad
14394,3358,Affenraffen
14395,323352,Timeline: España
14398,12577,Stupiduel
14399,8159,Regista
14400,294723,Dragon Ball Super: Universe Survival
14401,1985,Overturn
14402,193301,Sail Away
14404,1167,Flower Power
14405,2362,Tower of the Wizard King
14407,315624,World Changers
14409,24020,Blitzwar
14410,252141,Monster Slayers of Slawia
14411,126255,Keltis Ór
14413,27751,Organic Soup
14414,200314,Jack the Ripper
14416,6896,MechWar 2: Red Star / White Star
14419,202223,Zoop
14420,234101,Samurai Vassal
14422,829,Battle of the Bands
14423,177209,"Pizza, Spaghetti e Mandolino"
14424,240844,Fungeon Party
14426,86433,Morphology
14427,182400,Poor Choices
14428,5743,Win Place Show
14431,102792,Zero
14433,31935,Scrabble Express
14436,108079,Bibliogamo
14437,1570,Sirocco
14439,40352,Wir spielen Einkaufen
14442,1789,Raiders and Traders: The Heroic Age of Greece
14443,28522,Finger Ball
14444,86025,Captain Jack's Gold
14445,154515,Vampir Mau Mau
14447,32598,Manimals: Dinos 1
14448,5877,Phantasy Realm
14449,11127,"Kursk: Operation Zitadelle, 4 July 1943"
14450,3108,Goblin
14451,36698,The Crusades
14454,35481,The Suitcase Detectives
14456,107181,Scene It? Harry Potter: The Complete Cinematic Journey
14458,236577,Five Ravens
14459,37099,Bharg
14460,117555,CLACK!
14461,210937,Dia de los Muertos
14463,94916,Zed Deck
14464,1896,The American Dream Game
14465,64656,Wampum
14467,255608,The Cleaner
14468,187834,Come to Fishing Village!
14469,319593,Pizzeria
14471,5881,Tet Offensive
14472,412,Yukon Company
14473,1468,Anybody's Guess
14475,29286,Stratego: America's Civil War Collector's Edition
14476,120444,Project Pandora: Grim Cargo
14478,20111,The Golf Game: Par Excellence
14479,219988,In Tenebris Lux
14481,1341,Crib Wars
14482,153388,Faulpelz
14483,252901,Rats to Riches
14485,125436,Word Winder
14488,28121,Fluxx en Español
14491,355,Das letzte Paradies
14494,269982,More Game of Quotes: Neue Verrückte Zitate
14495,70912,UNO MOD
14496,657,Münchhausen
14498,204496,Villannex (2nd Edition + expansions)
14499,220980,Solstice: Fall of Empire
14501,19351,"Dark Millennium: The Warhammer 40,000 Collectible Card Game"
14503,42470,Aljubarrota
14504,86849,Total Soccer
14506,23030,DaVinci's Mancala
14507,1348,Web of Gold
14508,6939,The Battle of Guilford Courthouse
14509,170583,Capture: A Medieval Wargame
14510,133992,Sorcerers of the Magic Kingdom
14511,5492,Zar
14512,6891,24 Game
14513,112445,Disaster Looms!
14515,14077,Nin-Gonost
14516,136029,Le Tricheur
14518,18870,Wykersham
14520,219661,Crop Rotation
14521,22266,Zig-Zag
14522,38334,Logan Stones
14523,218590,Pit Crew
14524,15676,Terrace 6x6
14525,245025,Paradise Lost
14526,5194,Fire When Ready
14528,54707,Fantom Staré Prahy
14529,187769,Rolling World
14530,58707,Truth Be Told
14533,20240,Écarté
14534,287088,Block Happy
14535,260931,Go Go Eskimo
14536,7368,North Wind Rain
14537,174943,Ninja Arena
14538,8103,.hack//ENEMY
14540,7931,Remember Gordon! The Battle of Omdurman
14542,11466,Peppino the Clown
14543,80908,4 Monkeys
14544,256214,Trivial Pursuit: Friends
14545,12479,Battlegame Book 5: Fighting Ships
14546,9736,"Crusader: Battle for Tobruk, November 1941"
14547,4518,Sauerbaum
14548,137780,Thématik
14549,35207,Likewise!
14552,258751,Whiskey Business!
14554,275857,Cat Tower
14555,100278,Tripolo
14556,161429,Who Stole the Cookie?
14557,302316,A Sky of Stars
14558,274205,3D Labyrinth
14559,173389,Rush Hour Shift
14561,272234,Los Muertos No Hablan
14562,192268,Cool am Pool
14563,26353,Scum
14564,187673,Hérois & Monstros
14565,166215,Tricks & Deserts
14567,203884,CINECITTA 1937 (?????1937)
14568,3620,TrainSport: Austria
14569,112462,Schlock Mercenary: Capital Offensive
14570,156406,The Chronicles of Dragon Wing
14573,40006,Herkules Ameise
14574,217095,Magyar népmesék: A társasjáték
14577,188753,ElemenZ
14579,611,Ironman Football
14581,24280,Mimic
14582,142158,Plucky Pilots
14583,3716,Tractics
14584,215110,Kingdom of Aer: Kingmaker
14585,8336,Top Speed
14589,147136,Elemental Blast
14590,121195,Grandpa  Beck's Golf
14591,15430,Marignan 1515
14592,30945,La Bataille d'Orël Octobre 1919
14594,32047,The Circle
14595,231196,Laurel Crown
14596,1580,Legends of Robin Hood
14598,69347,Barca
14599,7506,Operation Konrad
14600,66611,Metropoli
14601,17787,Phoenix Command
14604,8981,Anagram: The Ingenious Game of Juggling Words
14608,282525,Catlantis
14609,84778,Tricky Safari
14610,4620,The Prestel New York Architecture Game
14611,192059,Fano330-R-Morris
14612,59650,Hatalom Kártyái Kártyajáték
14614,175313,AARRR!
14616,15731,The Game of Life: Card Game
14618,178595,Trickster: Fantasy
14619,299191,Migration: Mars
14621,12795,Big League Hockey Manager
14623,1077,Baubylon
14624,262370,Spiky Dastards
14625,183344,Ugah Ugah!
14626,32187,Chaos in the Kids' Room
14627,27852,Taifa
14628,158163,Invazions
14630,879,Tacara
14631,151070,Gladiatoris
14632,650,Fairy Meat
14633,172559,Targets
14634,300090,Rose Ceremony
14635,110570,Black Stories 7
14636,151801,Oddly Obvious!
14637,171889,Sawanna
14639,2989,Instinct
14640,42499,1000
14641,219348,Trivial Pursuit: Star Wars – The Black Series Edition
14644,236199,Steven Universe y las Gemas de Cristal
14646,123587,Triominos Challenge
14647,5197,Helltank Destroyer
14649,22910,Naruto Collectible Card Game
14650,180133,Rubbish Auction
14651,9564,William the Conqueror: 1066
14652,100015,Zoom Zoom Ka-Boom!!
14653,18647,Colpevole!
14655,3155,Lumberjack
14656,165190,Boom Bokken
14657,1650,The Lord of the Rings Adventure Game
14658,255744,Scotland Yard: Tokyo
14659,8128,Atta Ants
14660,6054,Norge: the first battle between the Germans and the Allies
14661,67034,VeloCity
14662,265120,Copernico
14663,171494,Kniffel Master
14664,787,Palermo
14665,16471,Great Medieval Battles Bannockburn and Angora
14667,283820,King Me!
14668,283699,Towers of Am'harb
14669,6414,Genius Rules
14670,3674,Fast Attack Boats: A Game of the Arab-Israeli Naval War 1973
14671,232348,Rise of the Exiled
14672,2207,Land Grab
14673,4316,"Belter: Mining the Asteroids, 2076"
14674,205156,Amis Cube
14675,4962,1914
14676,188198,Zaginione Dziedzictwo: Gwiezdne Ostrze
14677,488,Stake Your Claim
14678,57865,X610Z
14679,84453,Nexos
14680,66888,Dizios
14682,3500,Schmuggler an Bord
14685,36510,The Game of Life Express
14687,127434,Taschkent
14688,1588,Bauernschlau
14689,11510,"Robert at Bannockburn: The Battle of Bannockburn, 1314"
14690,1033,"Xenophon: 10,000 Against Persia"
14691,82577,i9n
14692,130734,Central Market
14693,167463,Kuhlorado
14694,287586,Top Secret
14695,256151,Veracruz 1631
14696,277018,Kanban Menu
14697,791,Löwendynastie
14700,5859,Minuteman: The Second American Revolution
14702,260037,Composition
14703,5343,Hang on Harvey!
14704,153478,Putz die Wutz
14705,129952,Make 'n' Break Party
14706,1833,The Willow Game
14707,267133,Carnavalo
14708,20828,Decipher
14709,501,Dschungelrennen
14710,37307,Fladderadatsch
14715,36412,Goblin Slayer
14716,168900,D. Afonso Henriques
14717,2843,Absacker
14718,127646,Black Stories: Mittelalter Edition
14721,136215,Red Menace
14723,18843,Sombras Sobre Isla Negra
14724,279527,Orbital Conflict
14726,318996,Welcome to Sysifus Corp
14727,162654,Villannex
14729,30286,Territories
14731,233501,Yummy World: Party at Picnic Palace
14732,342,Hong Kong
14733,236533,Magos y Tabernas
14734,275634,Dungeon Royale
14735,4163,Quest for the Faysylwood
14736,311020,Marvel Battleworld
14737,7464,Battleship Card Game
14738,258725,Lord of the Fries: Superdeluxe Edition
14739,39787,Bindle Rails
14740,144420,Nichtlustig: Noch mehr Labor Chaos
14741,519,Mush
14742,10785,D-Day: The Great Crusade
14743,69721,Scrabble Trickster
14744,316760,Assault on the Marmot King
14745,153830,Tic Talk
14746,231538,Goatfish
14748,1637,Situation 7
14749,819,Quacksalbe
14750,212688,Cthulhu Crusades
14751,8748,Golan: Syrian-Israeli Combat in the '73 War
14752,162888,Phoenix Covenant
14753,1277,Fish & Chips
14755,8965,1 Stein + Co.
14756,126168,Oh no... INVASION!!!
14758,42279,Run Wild
14760,39802,Mountain of Inferno
14761,107464,Kabuki
14762,10716,Kemps
14764,16741,System 7 Napoleonics
14765,33208,What?
14766,2400,The Brotherhood
14767,243191,Animale Tattica
14768,97582,Kwizniac
14769,1953,Mystic War
14770,33801,UNO: The Simpsons – Special Edition Card Game
14771,12870,Film Frenzy
14772,8960,Roma
14774,28609,The Game of Life: Twists & Turns
14775,5870,Syzygy
14776,4593,Blooming Gardens
14778,176400,The King's Men
14779,1628,Elric
14781,164201,Okoshki
14782,91440,Expedition Dino
14783,12672,It Came to Pass
14784,288430,Penguinramids
14785,113428,Cazadores de Fosiles
14786,4437,Gaudí
14787,12743,The Battle of Helm's Deep
14788,71304,Iron Man 2: Game of War
14789,158236,Tortilla de Patatas: The Game
14790,35354,Dry Gulch Junction
14791,183677,Rookie Heroes
14794,4971,Viva España: A Game of the Spanish Civil War – 1936-1939
14795,10508,Leinen los!
14796,4554,Phalanx
14797,176634,Arcanya: Magic Academy
14800,158818,Politiko (2nd Ed)
14801,39745,An Loc: 1972 – The North Vietnamese Push Towards Saigon
14802,250463,Stadt Land Vollpfosten
14803,1012,Die Magier
14807,9345,Drops & Co.
14809,229172,Anime Saga
14810,325828,Let's Dig for Treasure
14811,93555,Miss Lupun…und das Geheimnis der Zahlen
14812,146765,Granny Wars:  A Game of Tit for Tat
14814,11131,Hell Before Night: The Battle of Shiloh
14816,17183,1001
14817,155440,Pleasant Dreams
14820,11085,Packen Wir's!
14821,145274,Quest: Awakening of Melior
14822,130286,Volcano Island Countdown
14823,159573,Taxi Wildlife
14824,247107,Catchup & Mousetard: Fast Food Battle!
14825,17352,Subbuteo Cricket
14826,150971,Lucca the City of Games
14827,201012,Chernobyl
14828,6125,Austerlitz: The Battle of the 3 Emperors
14829,43041,Black Stories: Movie Edition
14830,288087,Berridos
14831,18023,Postcard from the Revolution
14832,3731,Stock Market Guru
14833,19793,Robber Barons
14835,166532,Cubo
14836,39245,Neu
14838,258818,Connect 4: Shots
14839,215526,RobotLab: The Card Game
14840,7956,Formel 1 Nürburgring
14841,35618,G.I. Joe Commando Attack
14842,3370,Connections
14843,193134,Memory: The Board Game
14844,257080,Fast Food!
14845,10584,Texas Revolution
14846,15066,Cat & Mouse
14847,27781,Jetsetters
14848,296354,In a Flash Firefighters
14849,140600,Scalawag!
14850,1171,Ricochet
14851,916,Pete the Pirate
14853,4012,"Army Group Center: June 22-28, 1941"
14854,28238,Kitty Bitty
14855,156077,A Fistful of Dinero
14858,39527,Block Buster
14861,1680,Elements
14862,28253,C.S.A. America's Civil War 1861-1865
14863,10304,Julius Caesar: Game of the Gallic Wars
14864,38466,Reflection
14865,324602,Firebase Vietnam
14867,260563,Artline
14868,240825,Planetopia
14869,10836,Moguli
14870,154244,The South Shall Rise Again
14871,251253,Heroes & Treasure
14872,12267,Dwarves and Dice
14873,173752,The Cookie
14874,311751,I Am Death Now?
14875,41788,Striking the Anvil: Operation Anvil Dragoon
14879,285128,Unlock!: Une Aventure – Ralph Azham: Le Foie de l'Axolotl
14881,169574,Zombie Run!
14882,129625,Irezumi
14884,2040,Trippples
14885,310888,Bobail
14886,211485,Wizards' Towers
14887,21634,Cincinnati
14888,235482,Utter Nonsense: Naughty Edition
14889,117975,Impact City Roller Derby
14893,17754,Horror House
14895,164202,Divorce! The Game
14896,135213,Stack-A-Biddi
14898,160868,Last Starfleet
14899,63779,Shake 'n Take
14901,87926,Yago Pool
14902,39124,Huang Dih: O Grande Imperador
14903,217378,BABEL
14904,141577,S?owoStworki
14905,8201,In 80 Karten um die Welt
14906,10780,The Powerpuff Girls: Mojo Jojo Attacks Townsville Game
14908,243927,Boom & Zoom (Second Edition)
14909,227316,Lost in Time
14910,158059,God Hates Charades
14911,213500,1672: The Lost Crew
14912,22392,T.E.G.: Plan Táctico y Estratégico de la Guerra
14913,9350,Das große Fressen
14914,44715,Pega o Pinguim!
14915,295295,Berrymandering
14916,12169,Henry V
14917,9668,MooT
14918,6268,Maze
14919,69973,Ticked Off
14922,34291,Tridom
14923,300094,Droll
14925,19127,Chinese Poker
14927,4300,The Barbarians: Games of the Fall of Rome and the Mongol Invasion of Europe
14928,192500,Brynk
14930,3099,Gettysburg
14932,124992,Komodo
14933,806,West Riding
14934,19186,The French & Indian War: Struggle for the New World
14936,180910,Chronicler
14937,3829,Trainsport: Switzerland
14938,12629,Marching Through Georgia
14939,7307,Cranium Hullabaloo
14943,150691,Rok 1863
14944,22990,Les Aigles
14945,287678,Rat Attack
14947,197433,Miskatonic School for Boys
14949,9018,Trafalgar
14950,173253,Black Stories: Dark Tales Edition
14953,214849,Build or BOOM
14954,127436,Der Hobbit: Eine unerwartete Reise – Das Spiel zum Film
14955,6346,NBA Showdown
14956,188952,Maigo-Neko
14957,237388,Horticulture Master
14958,4855,Crazy Race
14960,171500,El Dorado Canyon
14961,184351,Honey Wars
14962,68251,Loot and Scoot
14963,86882,Medieval Mastery
14964,227018,7 pecados
14965,257633,Nexus Infernum
14966,41329,Fire Bulls
14968,201560,Neverland's Legacy
14969,4957,Timberland
14974,342209,echoes: The Microchip
14975,189434,Lab Wars
14976,139137,Firefly: Out to the Black
14978,116978,CITY Alarm
14980,5897,Lie Detector
14984,141997,Chronos Conquest
14986,11125,The Marne: Home Before the Leaves Fall
14987,294252,Hogs Of War: The Card Game
14988,124248,Tóncc
14989,23920,Border Reivers
14992,269607,Sidekick Saga
14994,200836,Da Yunhe: Der Grosse Kaiserkanal
14996,104798,Evening in the Stable
14999,10893,Allegiance: War of Factions
15000,12506,"La Bataille du Matz, 9-12 juin 1918"
15001,8548,Gounki
15002,55686,Double Series
15006,151530,Golf 'n' Roll
15007,11512,Leipzig: The Battle of Nations – Napoleon vs. Europe
15008,15088,Storm over Port Arthur
15009,235455,Somnicum
15010,17958,Aargh!
15011,194998,Mad Love
15013,284862,Beasty Borders
15014,180916,Saving Time
15018,256621,Trainsilvania
15019,184525,Obama Llama
15020,9233,Royalists & Roundheads
15021,266652,Raid on Takao
15022,124757,Famous Fastballs: The World's Smallest Baseball Game
15023,202589,Chromosome
15024,19540,Simpei
15025,205542,Dark Castle
15026,24127,Pokémon Trading Figure Game
15027,5862,Frigate: Sea War in the Age of Sail
15028,5438,English Civil War
15029,160353,LUGU
15030,35548,Jumbulaya
15032,1557,Space Empires
15033,21141,Eastern Front 2
15035,197020,Andoria Battlefields
15036,93493,Perigon
15038,89610,Mr. M' s????:?????
15040,127258,Blades of Legend
15042,10783,The Official Dealer McDope Dealing Game
15043,20732,La conquista del Oeste
15044,148522,Dice Crawl
15045,32885,Sequence: States & Capitals
15046,180,Pool Position
15047,4784,Test Match
15048,255732,WonderZoo
15049,2384,Safe Return Doubtful
15050,189902,Space Pioneers
15051,7241,Fight for the Sky
15052,14151,Quickword: The Ultimate Word Game
15053,1504,Bakschisch
15054,124647,Top This! A Pizza Flicking Game
15056,9539,Beat the 8 Ball
15059,25448,Khan Tsin
15060,147616,Virgin Seas
15064,283700,Crazy Theory
15065,6365,The Totally Insane Card Game
15067,26033,Maratón Clásico
15068,21001,Alibi Saknas: Herrgårdsmordet
15069,137179,Deck of Thieves
15070,8331,Revolt in the East: Warsaw Pact Rebellion in the 1970's
15071,6566,VisualEyes
15072,63015,Mapominoes: Africa
15074,9597,Vier zu mir!
15076,261738,Blankout
15077,170555,Who Knows Where?
15078,93402,Kart sur Glace
15080,3827,Creature Castle
15081,12776,Dragonchess
15082,1688,Star Commander
15086,144383,Dungeon Dwellers
15088,9398,War Games Rules  3000 BC to 1485 AD
15089,8848,Star Cruiser
15091,2606,Dover Patrol
15092,232874,Die rote Kralle
15097,17807,Inquisitor
15098,237501,Klattschen
15102,30164,Mechwarrior Solaris VII
15104,138015,Swish Jr.
15109,3457,Tabula
15110,41712,Desafino
15111,5120,Doubles Wild
15112,57458,Darwinci
15113,35167,Quadrago
15115,6944,"The Battle of Moscow: The German Drive on Moscow, 1941"
15116,267832,Blanc-Manger Coco 2: Le déluge
15117,20533,Daihinmin
15118,5589,Full House
15119,185246,AGES
15121,254618,"Four pints, please"
15123,1878,Moonshot the Game
15124,185288,Una Notte da Lupi
15126,145653,Hemloch: Vault of Darkness
15128,290500,Flip & Fish
15129,164645,"Mine, All Mine!"
15130,270632,Bon Appetit!
15131,63497,Pochspiel
15132,180915,Storytelling
15133,7526,Welfen und Staufer
15135,142584,"Moby Dick, or, The Card Game"
15137,20204,Drunter und Drüber
15138,38390,Exalted: Legacy of the Unconquered Sun
15139,292,Attacke
15140,28306,Inversé
15142,37686,Où étiez-vous?
15143,1004,Der Feuersalamander
15145,180210,tak•tak
15147,148581,District-Z
15148,210966,Quadrum
15149,118325,RoboTroc
15150,209488,The Game of Things: Travel/Expansion
15151,530,Entenrallye
15152,51624,Know It or Blow It
15153,273699,Weird Alchemy
15155,262443,Shadow Blocks
15156,224596,9 Card Siege
15157,30951,Nanu?
15158,8426,Man to Man
15159,3245,Cerberus: The Proxima Centauri Campaign
15160,10188,Sale of the Century Quizzard
15162,33664,"Red Dragon, Blue Dragon: The Huaihai, 1948-1949"
15163,323236,Penalties: Animal Cup
15164,249658,Burger Party
15165,3535,Nightmare House
15167,24042,La Caída del Imperio Romano
15168,52827,ZoxSo
15170,37770,Palio
15171,34713,Desert Duel: First Alamein
15173,10014,Norway 1940: The Kriegsmarine Strikes
15174,138167,? ???? ???????
15175,2970,Squatter
15179,133637,Temple Run: Danger Chase
15181,5437,Raid on Iran
15182,3657,Redemption: City of Bondage
15185,31302,Advanced Dungeons & Dragons Battlesystem (Second Edition)
15186,41065,Longships
15187,93679,Aether Captains: Capek Golems
15188,68504,Outrider
15189,1076,Captain Future
15190,36985,Logger
15191,92661,O Jogo da Enciclopédia
15194,245385,Papering Duel
15197,3075,Hamlet!
15198,3920,Monster Maker
15199,147418,Ajo y Agua
15201,191923,Roadkill
15202,105602,Dabble
15203,239165,Eastern Front Battle Card Game
15205,229369,Bobbidi Boom
15206,165585,TrakkX
15207,189678,Berserk: Heroes
15208,225979,Jane Austen's Matchmaker: Chapter Two
15209,2487,Why
15210,14128,Jupiter
15211,159501,Hull Breach: Corporate Wars
15212,186947,The Grimwood
15213,67112,Deterrence
15214,288969,Puzzle-Memo
15215,29107,Hop! Hop! Hop!
15216,36332,Field Command: Singapore 1942
15217,175778,Zombies!!! Jr.
15218,88960,Godzilla: Stomp!
15220,17298,Branches and Twigs and Thorns
15221,7795,"Bundeswehr: Northern Germany, late 1970's"
15222,124856,Anno Domini: Penne e Pennelli
15223,242818,Dice Wars: Heroes of Polyhedra
15225,9181,TacForce
15226,138799,LOKA: A Game of Elemental Strategy
15229,505,Goldener Drache
15230,139728,MCS
15231,172168,Tschakka Lakka: Die rasante Würfeljagd nach dem Tempelschatz
15232,21730,Delta
15233,130598,10 Tage durch Deutschland
15234,1310,Auf Achse: Das Kartenspiel
15236,25925,Origin of Failing Water
15239,265715,METAL
15241,43486,The Trial of Socrates
15245,23212,Cockpit
15249,175086,"San, Ni, Ichi"
15251,13832,Vulkan!
15252,124598,Maya
15253,141337,Gold Nuggets
15254,298397,Der verzauberte Turm
15255,137156,Zombie House Blitz
15258,255651,Pocket Dragon
15259,151416,Creative Clash
15262,196234,Clash d'Ardèche
15264,13547,Brain Warp
15268,6044,Attila: The Huns Invasion
15270,136712,"Linus, der kleine Magier"
15272,209447,BaRRacuda
15273,109643,World Conquerors
15274,142963,Cache Me If You Can!: The Geocaching Board Game
15275,202516,Blank Marry Kill
15276,82223,Feast & Famine
15277,500,MARK
15278,31556,The Russo-Swedish War
15279,127994,Heroes of Metro City
15280,147590,Habe fertig
15282,202674,Ore City
15284,207809,Sultans of Wind
15285,120801,Nizam
15287,27618,Classic Statis Pro Baseball
15288,182136,iKNOW: Innovations
15289,8279,Death Angel
15290,144378,Help Wanted
15292,139842,Quinto Império
15293,143666,The Majority
15294,2137,Quest for the Grail
15295,13363,CAV: Combat Assault Vehicle
15296,21879,Mastergoal
15298,274527,antyszczepionkowcy.biz
15299,22062,Le Mur de Pise
15300,6912,Cinch
15301,103745,Plethora
15302,233854,Leviathan
15303,186442,Pictopia: Star Wars Edition
15304,93678,Spring Fever
15305,137047,Pets
15306,213578,Y?kai Quest
15307,39998,Epic Trading Card Game
15308,8408,Siege at Peking
15309,2907,James Clavell's Tai-Pan
15310,11320,Samurai
15312,666,Stump
15313,187806,TimeBomb II
15314,162288,Nightlight
15315,8168,Campus
15316,153107,Masters of the Gridiron
15317,245240,Goblin Grapple
15319,218556,No Game Over
15320,2134,Rage (Second Edition)
15321,169652,Turbo Rally Card Racing: Thunder Track
15322,965,Ben Hurt
15324,131444,Like Dice
15326,7973,My Haunted Castle
15327,165447,UFO Farmer
15328,1571,Sanctuary: Thieves World
15330,131812,[_BLÄNK]
15331,3970,BattleTech Science Fiction Combat Book Game: SHD-2H Shadow Hawk
15332,5669,Salvo!
15335,302911,Mein Königreich für ein Pferd
15336,168226,Black Stories: Funny Death Edition 2
15337,19188,World Cup Cricket
15340,55222,Clue: The Office
15341,66533,Turning Point
15342,250905,???? (Mayfly)
15343,1936,Paparazzo
15344,209661,Supernatural Socks
15346,22305,Sudoku: Duell der Meister
15348,168728,The Hen Commandments
15349,231966,Stworze
15350,14585,Scene It? Turner Classic Movies
15352,1054,Pacific Northwest Rails
15353,259525,Mystical Seeds
15355,157406,LACORSA Grand Prix Game
15357,171543,Pronto
15360,11421,Uisge
15361,90016,Tricky
15362,287863,Monopoly Gamer: Sonic The Hedgehog
15363,6983,Jungle
15364,5086,Electronic Mall Madness
15367,66969,Zag?ada Atlantydy
15368,21412,Take Your Pick
15369,130841,Stratego Card Game
15370,3815,"World War II: European Theater of Operations, 1939-45"
15371,173673,Legendary Showdown: Machines & Magic
15373,267989,Tempus Imperium
15375,39451,Schätzen Sie mal! Mord & Totschlag
15376,108711,The Mystery of the Templars
15377,56759,Tricky Trek
15378,4455,"The Great Invasion: The Gettysburg Campaign June 24 – July 3, 1863"
15379,42336,Ultimate Tic-Tac-Toe
15380,143588,Codename: Oracle
15381,253568,Kings' Struggle
15383,2584,Code Name: Sector
15384,140244,Chains to Champions
15385,190330,In Your Head
15386,5707,Cuckoo Zoo
15387,6698,Shadowrun Duels
15388,20710,Tiger of Malaya
15389,957,PanzerZug
15390,3247,Planet Busters
15391,150530,Moteneba.
15392,67499,Schlafmütze
15393,200407,Rummy 17
15394,144874,Trailer Park Boys Board Game
15395,186722,True Messiah
15396,1719,Dark Emperor
15397,7386,Wake Island
15398,39104,Händler auf dem Forum Romanum
15399,17909,PS
15401,6832,The Siege of Minas Tirith
15402,12811,Strat-O-Matic College Football
15403,101685,Dead Fellas
15404,14715,Dueling Nobles
15405,19201,Who? What? Where? Jr.
15406,35763,Climb!
15407,215806,IKAN
15408,107834,Montana
15410,14377,Windschatten
15411,2299,Lords of the Renaissance
15413,33870,Quest Master
15414,187205,Randomise
15415,99227,Rallytaire
15416,148668,Turbo Rally Card Racing
15417,1866,Brainstorm
15419,4273,Temple of the Beastmen
15420,256526,Zaar
15421,101872,"Win, Don't Lose"
15422,33414,Ghost Hunters
15424,25924,Trivial Pursuit: Genus Edicion II (Spain)
15425,277410,Magazynier
15426,41326,Curious George: Discovery Beach Game
15428,47158,Elemental Clash: The Basic Set
15429,154682,Gib Gas!
15430,229955,Nutz!
15431,57409,Shashki
15432,6879,Super Rack-O
15433,314413,Fluxx
15436,151640,Iron & Ale
15437,173669,Backstab Card Game
15438,29879,Blood & Sand
15439,16608,Jewels in the Attic
15441,162070,Populi Turolii
15442,4675,"Knights of Justice: The Siege of Malta, 1565"
15444,158760,Quack a-doodle Moo!
15445,3499,3-D Chess
15446,98197,Labyrinth: The Paths of Destiny
15448,4979,Blood Berets
15450,1019,Le Gang des Traction-Avant
15451,7181,Myths and Legends
15452,211882,Beyond the Gates of Antares: The Dice Game
15455,47475,Ex illis
15456,23270,Paddle Pool
15457,25069,Med andra ord
15458,8744,"Okinawa: The Last Battle, April 1945"
15459,184861,Hawken: Real-Time Card Game – Scout vs. Grenadier
15460,268377,11:59
15462,12018,1st Alamein
15463,7557,Battlegame Book 1: The Wild West
15464,175468,Foe Hunters
15465,236480,NOVA
15466,32688,Scene It? Movie Second Edition
15469,87876,The Card Game of Oz
15470,113456,POWER
15471,172558,Crashland
15472,242523,Dolly Crush
15473,1622,Strata 5
15474,149332,Trivial Pursuit: World of Warcraft
15476,76442,Those Pesky Humans!
15477,80833,Michigan Rummy
15479,113324,Dungeon Delver
15480,186141,Tong
15482,8382,Light Division
15485,143070,Even Steven's Odd
15486,91313,Ataxx
15488,161881,Fin Finaud questionne tout
15489,124760,Famous First Downs: The World's Smallest Football Game
15491,179304,Fisticuffs!
15494,168436,Pièces MontéeS
15495,32025,Einfach Genial Knobelspass
15496,226529,Bitten: A Game of Survival
15497,200825,Glyph
15498,2149,Renfield
15499,286891,The Last Station
15500,124264,Zombies at Your Heels
15501,138206,How Many?
15502,7336,Trivial Pursuit: The Lord of the Rings Movie Trilogy Collector's Edition
15504,17836,Warhammer English Civil War
15505,268408,Robin Hood: Hero of the People
15506,216740,Czas Zaora? Socjalizm
15507,157838,Roll For It! Express
15508,146728,Badass Zombie Killers
15509,4213,Mao
15511,41587,??????
15512,112210,Metro 2033
15516,61383,VerTIPPT nochmal!
15517,1365,Olix
15521,132261,Cosmic Empires
15522,8134,History of War
15523,2680,Stock Ticker
15525,2111,Nix für Ungut!
15526,70488,GloBall
15528,235249,Alchemistry
15530,2756,Alien Contact: Extraterrestrial Empires in Conflict
15531,5902,Man-Eater!
15532,6130,Wohrom: Swords and Magic Against Evil Forces
15533,150422,"Bloody Ridge: Guadalcanal, 12-14 September 1942"
15534,257955,3x8
15535,153213,Livestock Uprising
15536,11124,Operation Sea Lion
15537,176887,Perspective
15538,7026,"Grunt: Tactical Combat in Vietnam, 1965"
15539,231331,Tilting at Windmills
15540,16389,Undercut
15541,173292,Cup-A-Cup
15542,242649,War Vikings
15543,280202,Social Train
15544,3435,Zwergen Ziehen
15545,219564,Final War
15546,3552,Infinity
15547,229131,Terra Shifter
15549,203760,Estado de Sitio
15552,230065,Ink Monsters
15553,256399,Game to Pick a Game: The Gateway Edition
15554,217268,Wy?cig Odkrywców
15555,5519,Air Charter
15557,11562,Crimean War
15558,4434,The Poll Game
15559,261112,Predator: Partida de Caza
15560,26956,Cranium Super Showdown
15561,192352,Super-Vampire
15563,178038,Think It Up!
15567,198142,TMNT HeroClix: Mouser Mayhem Starter Set
15568,9133,When Dragons Fight
15570,46957,Square Shooters
15573,210935,10 Dwarves
15574,7081,Portable Adventures: Lair of the Rat-King
15575,155113,Ark of Animals
15578,1993,Troke
15579,94596,Geistermühle
15581,4245,Asteroid Zero-Four
15582,216301,Scotland Yard: Das Kartenspiel
15583,11027,Reich: The Iron Dream of German Unification
15584,172509,Asterix & Obelix: Das große Abenteuer
15585,251593,From Batavia
15587,208661,Legends of Labyrinth
15588,4580,Who Is Going to Do the Dishes?
15589,64520,Gongor Whist
15590,5724,The Great Patriotic War: Nazi Germany vs. the Soviet Union
15591,8746,"Bloody Ridge: Turning Point on Guadalcanal, September 1942"
15593,3664,Grand Mastermind
15594,4537,Baston
15595,66277,Sync Up!
15596,22614,Petróleo
15597,11195,Karottenklau
15598,4272,Punk sucht Lady
15599,22594,Universal Fighting System: Soul Calibur III
15600,587,Sumera
15601,21012,Pentago XL
15602,9784,Cold Days in Hell
15603,14474,The Final Frontier
15604,26446,LovePigs (Porcellini)
15606,166071,Combate de San Lorenzo
15607,94363,Vizia
15608,11689,Noble Armada
15609,21849,UNO H2O Splash
15612,165095,Pirate Loot: Base Set
15613,29489,Tai Chi Chuan
15614,314893,Fox Matters
15615,2597,Jurassic Park III: Island Survival Game
15617,167718,Escola de Dragões
15619,156113,Grim End Manor
15624,3746,Star Trek Trivia Game
15628,140097,Imagem & Ação: No Limite
15630,122867,Four Taverns
15631,179561,Black Stories: Das Verhör
15633,3325,Chartbuster
15635,235293,Apocalypse Z: The Board Game
15636,3305,Anticipation
15637,15334,Sag's mit Symbolen
15638,286714,Division: Throne Room
15639,88011,AstroNuts
15640,10472,The East is Red: The Sino Soviet War
15641,24826,Zatre: Das Kartenspiel
15642,257076,Vollpfosten
15643,11149,It from the Pit
15644,136415,Alles Käse!
15645,233994,Sunken Sailor
15646,15196,Flunkern
15648,330555,5 Minuten Puzzle
15649,147931,End of Atlantis: Revised Edition
15650,117885,Chef Cuckoo!
15651,198984,Oligarchy: A Dystopian card game
15652,75783,Draco
15654,266525,Yoz
15655,158851,Play Me: Alice in Wonderdice
15656,166556,Aqua Brunch
15658,37,Dragon Masters
15659,1132,Top Secret
15661,4892,Dragon Strike
15663,38331,Fiese Kühe
15664,882,Derby
15665,3557,Steppe
15666,35901,Verfühlt nochmal!
15667,88900,Yaniv
15668,10326,Woods & Water
15670,9343,Stapelei
15671,9189,"Rostov: The First Soviet Counter-Attack, 1941"
15672,169465,Shinobi: El Juego del Asesino
15673,36538,Dracula: El Vampiro del Castillo
15674,2532,New York
15675,135598,Pub Trivia
15676,13767,Scene It? 007
15677,7948,"Dark Ages: Tactical Warfare, 500-1300"
15678,131895,Holyland: Full Spectrum Warfare in the Middle East
15679,13017,Animal Olympics
15680,239982,The Enigma Box
15681,167579,Hawaiki
15683,6988,Nile
15685,529,Charlemagne
15687,3249,Rescue from the Hive
15690,26560,Asalto al Banco de Inglaterra
15691,5224,Vitoria 1813
15692,31380,Modern Society
15693,129224,HERO versus GUARDIAN: A Game of Dungeon Craft
15694,1173,Millionenspiel
15695,237831,Seimi in the Super Crazy World
15696,161887,Amber Route
15697,8756,Eastern Front Solitaire
15699,168220,"Deal, Gentlemen Collectionneurs"
15700,219312,MINDJOB
15701,6810,Star Wars: The Interactive Video Board Game
15702,201345,Kerosene
15705,19039,Fullmetal Alchemist: Trading Card Game
15706,10753,Ações Exame
15707,202776,Imps: Devilish Duels
15708,2599,Valkenburg Castle
15709,20642,CubiCup
15710,123514,Tweegles
15712,38949,Córdoba
15713,162120,Schraube Locker
15714,8741,Indo-Pakistani Wars
15715,6053,Little Big Horn
15716,2209,Klondike
15717,4570,Wordsters
15718,94633,Conquest Tactics
15719,244269,Wizardz Bluff
15721,152761,Aztack
15724,1884,Fireside Football
15726,76085,Unauthorized Production
15727,209642,Sherlock Holmes and Moriarty's Web
15728,277424,Narwhal Free for All
15729,118001,Kleine Fotosafari
15730,284417,Mister Rogers' Neighborhood Game
15731,14196,Ocean Trader
15732,2098,Heresy
15733,6774,High Ground
15734,40171,Peeper
15735,10855,Le Paresseux
15736,38263,Sushi Bar
15737,65333,Das Magische Labyrinth Kartenspiel
15738,30081,Salvo!
15739,33359,Weilong
15740,115944,another damn Civilization game
15741,4285,Chattanooga
15742,10348,Second Front Now!
15743,1700,Outpost Gamma
15745,182540,Robots & Rockets
15746,245401,The Veil
15747,160420,Catalogue
15749,157291,Alpaca Pakapaka
15750,329230,Bluffaneer: Dice Game
15751,5860,Descent on Crete: May 1941
15752,28109,Malaya: V-Mail Postcard Game #1
15753,19361,Casablanca
15754,37059,Charioteer
15755,7491,Princess
15757,300007,Showdown Tactics
15758,231019,Competition Kitchen
15759,272803,Monopoly Gamer: Overwatch Collector's Edition
15760,34218,Slush Fund
15761,210350,Contária
15762,148117,All Hands on Deck!
15763,33803,Octego
15764,1355,Willy Waschbär
15765,218459,Think 'n Sync: The Great Minds Think Alike Game
15766,2634,Quo Vadis
15767,198886,Warage: Extended Edition
15768,3293,König Artus Tafelrunde
15769,2296,Bermuda Triangle
15770,306029,Dark Force Incursion
15773,17285,Alfredo's Food Fight
15774,4479,Ratrace
15775,268901,"Objective Nuremberg: 7 Days to the Rhine, Volume 1"
15777,41529,Creepers
15778,227599,Brew Dice
15779,112811,Search for Gnomes
15780,25470,Summertime
15782,139660,Tasnia
15783,182193,Stealing Mona Lisa
15785,206087,Garden Gnomes: Violent Vendetta
15787,5502,Yu-Gi-Oh! Dungeon Dice Monsters
15789,186905,Monopoly: Pokémon Kanto Edition
15790,207911,Trivial Pursuit: 2000s
15791,9379,Escalado
15792,3543,Spider-Man
15793,247488,King of Con
15794,5210,Scarab
15795,259638,10 Latidos
15797,252373,Azimuth: Ride The Winds
15798,323367,Outsmarted!
15801,218988,Debtzilla
15802,175274,Labyrinth: The Paths of Destiny (Second Edition)
15804,4579,Pirates des Caraïbes
15805,188292,Ten
15806,322705,Hórreos
15809,1065,Vigo
15810,198634,Möbi
15811,129988,Over/Under
15812,192017,Trivial Pursuit: The Big Bang Theory Edition
15814,41354,Sueca
15815,2863,The Great Downhill Ski Game
15817,43080,Miksi juuri Mäntsälä...?
15819,150033,Sheepzzz
15820,121295,Coven
15821,73759,Kemomimi Panic
15822,30583,Black Ice
15825,4295,Murfreesboro: A Game of the Battle of Stones River
15826,280378,Fluxx: Rick and Morty
15829,26920,Turkish Checkers
15830,4853,Tripoley
15832,36993,COLORS
15833,124199,Raid sur Bruneval 1942
15836,2428,Battle-Cry
15838,153820,Spot it! Freeze
15839,126771,Moo's Code
15840,259727,Owly Tribe
15841,166300,Twistocity
15842,236114,Hida-furukawa
15844,250870,Formosa Flowers
15846,42352,Morgan's a' Comin'!
15848,21488,Petteia
15850,117862,Step by Step
15851,40774,Lucky Sock Dip: The Card Game
15852,5875,Last Battle: Twilight – 2000
15853,85948,Scho K.O.
15855,16830,Over the Top! Lemberg 1914 & Verdun 1916
15856,88296,BOLSA: the board game
15859,18590,RPGQuest
15860,25104,Absolut överens
15861,66537,Kakuzu
15862,176523,Zombie Sheep
15863,223892,Jeopardy! Card Game
15864,334543,Rolling Dice
15865,145872,Vici
15867,10898,Tricky Fingers
15868,1616,Remember the Alamo!
15869,276264,Dominate Grail War: Fate/Stay night on Board Game
15870,184266,Wongamania: Banana Economy
15873,84247,Âge de Bronze
15874,212668,Drawing Dead
15876,195623,Politricks: Dirty Card Game
15877,286659,Voll verasselt
15878,20810,Jenga Ultimate
15879,217838,Babylon Tower Builders
15880,3423,Equations
15881,26067,Kropki
15883,85999,Black Stories Stadt-Land-Tod
15884,15164,Rag'narok
15887,2833,Wanted!
15888,8330,Rapid Deployment Force (RDF)
15889,180570,Undercover
15890,32410,Papillons
15891,85474,Verona
15894,1146,Shadowlord!
15895,12062,Pro Draft
15896,109936,Fliegende Teppiche
15898,26293,Kreta 1941
15899,93134,Einfach tierisch
15901,231620,Food Chain
15902,3159,Zahltag
15903,14102,Toss Up!
15904,23402,Die unendliche Geschichte
15905,246822,Partners+
15906,19417,Third World Debt
15908,19442,Tally-Ho
15909,19414,H2Olland
15910,146204,Ruckus: The Goblin Army Game
15911,1960,Last Word
15912,31358,Cranium Triple Triumph
15913,180238,RevoltaaA
15914,132406,Shadow of the Sun
15916,137332,That's It!
15917,4139,Rommel's Panzers
15918,67695,Nab-It!
15919,217230,The Walking Pet
15920,1861,Dragonfire
15921,792,Megiddo
15922,164187,The Battle of Bushy Run
15923,1599,StarGate
15924,13654,Yut Nori
15925,201973,Trivial Pursuit: Star Trek 50th Anniversary Edition
15926,23891,Die Kullerbande
15927,42257,Battle Spirits: Trading Card Game
15928,25013,Fagin's Gang
15929,135107,Paradise Fallen: The Card Game
15930,220198,BOLD
15931,8364,Assault on Leningrad
15932,11547,Carambouille
15933,40961,Topas
15934,153372,NichtLustig: Fäkalini
15935,7680,The Match Game
15936,155836,Hollywood Game Night Party Game
15937,131200,Quarantine Z
15938,2676,Demo Derby: Saturday Night at the Track
15939,14471,The Terminator: CCG
15940,200115,Rollers
15941,178177,Orkensturm
15943,213260,Zoar
15944,41860,Kangaroo
15945,6003,Donau Front
15946,6124,Waterloo: The Last Great Battle
15947,7712,Cluedo  Passport to Murder
15948,16826,Barbarossa Solitaire
15949,68743,Jin Li
15950,183874,Balloon Challenge
15951,148049,Heroes of the Three Kingdoms
15952,173800,Adorable Pandaring
15953,182168,F**k. The game
15954,104351,Raphia
15957,26386,RPGQuest: Oriental Adventures
15959,38747,Accused! Getting Away With Murder?
15960,194820,Mission to Mars 2049
15961,70922,Vicious Fishes
15962,165926,Calçotada Wars
15963,6660,Cubus
15965,83378,King Maker
15967,7080,Portable Adventures: 8th Grade
15971,9844,Batailles pour le Canada
15972,5460,The Deck of Dice
15973,92499,Djam
15974,5411,Die Schatzinsel
15975,19671,Battlestar Galactica Collectible Card Game
15976,231587,Hockey on Cards
15978,5786,Star Trek: The Enterprise 4 Encounter
15979,3885,Gold Digger
15980,415,Espresso
15981,2839,Fair Play
15982,191216,Gob'z'Heroes
15983,140702,Cat Hiding
15984,5059,Gazala: The Clash of Armor
15985,69602,Phase 10: Das Brettspiel
15986,253705,Plucky Penguins
15989,153432,Blöder Sack
15990,2051,Pico
15991,104858,Rock Science
15992,24069,Jogo dos Conquistadores
15994,1133,Organized Crime
15995,24794,Line Up!
15997,183197,Serengeti: A Race For Life
15998,55828,"Mees, kes teadis ussisõnu"
16002,2763,Touché
16004,72751,Fleeting Foxes
16005,4239,Korea: The Mobile War 1950-51
16007,6119,Laser Attack
16008,29020,Party & Co: Extreme
16009,274206,ESCAPE Dysturbia: Falsches Spiel im Casino
16010,70262,Long Live The Revolution!
16011,1385,Aber Hallo!
16012,2503,Godsfire
16013,93575,Double Double Dominoes
16015,6610,Spinergy
16016,218165,La Macarena
16018,209836,Wild West Shepherds
16019,3634,Iberos
16020,3468,Panzer Pranks
16021,176884,Reign: The Card Game
16023,283363,What Came First?
16024,70376,Super Comics
16025,175263,4 the Birds
16026,109044,Spline+
16029,231273,TerrorEyes
16030,24267,Hatu Matu: Chief of Easter Island
16034,11680,Agora
16036,141920,Supremacy 2020
16037,97990,UNO Roboto
16039,13357,Like Minds
16040,209812,Calabozo: La aventura de los anillos
16041,221208,MBL Pocket Pro Tour
16042,139963,FrogFlip
16043,205776,Gentleman's Deal
16045,236903,Snollygoster
16046,199689,Tavern's Tales
16047,2730,Quadwrangle
16048,146161,Arche Noah
16051,12291,Animal Party
16052,29258,El Último Puente
16053,136246,Feuer & Flamme
16054,7140,Sink the Bismarck!
16056,237082,Verdammt Nochmal
16057,156962,Shazam
16059,164010,Moriarty's Machinations
16060,64426,Zug
16061,99881,Triominos Gold
16063,13388,The Moscow Option: Guderian's Gambit
16064,4392,Dragonstar Rising
16065,9845,Verdun 1916
16066,2958,Let's Buy Hollywood
16067,200527,Moogh
16069,781,Tabloid Teasers
16071,11446,La Ruta del Tesoro
16073,18788,Take Your Daughter to the Slaughter
16074,36523,Castellers
16075,35256,Caledea: The Epic Strategy Game
16076,3049,Blood on the Tigris
16077,227196,Marauders of the Great Wastelands
16078,25204,UNO: Cars
16079,42066,Hotel Amsterdam
16080,19432,Hexagonal Chess
16081,236479,Alex Colt: Cadete Espacial
16082,145209,404: Law Not Found
16084,90092,Bezzerwizzer Entertainment
16085,159502,Island Dice
16088,2609,Das Störrische Muli
16089,40001,Mars
16090,130520,Kumbu: Dubbelzijdig Kaartspel
16092,124761,Famous Fairways: The World's Smallest Golf Game
16093,174404,Robot X
16095,2195,Globbo!
16096,279996,Sumo Gnomes
16097,5515,Grand Master
16098,234166,Gobblin' Goblins
16099,261449,Sugar Blast
16100,31858,Geominos
16104,232510,Timberman
16106,144417,Der Hobbit: Smaugs Einöde
16108,255,Jena-Auerstadt: The Battle for Prussia
16109,144631,Futterneid
16110,290565,Hasty Baker
16111,20414,RPGQuest: Greek Mythology
16112,168457,HexAgony
16113,216695,Blindes Huhn extrem
16114,4516,Ragnarok: The Twilight of the Gods
16117,265286,War of the Three Kingdoms
16120,136283,Memento
16121,8892,IGOR: The Mad Scientist's Lament
16122,2260,Blood and Iron
16127,257725,Bingolino
16128,6221,Caper
16129,7063,Double Star
16130,32946,Fluffy Bunny Tea Party
16131,1274,Cue Me!
16132,1007,Die Hanse
16133,10471,"The Franco-Prussian War: August 1 to September 2, 1870"
16134,8740,Imperium Romanum: The Clash of Legions
16135,62344,Tomb Raider: Underworld
16136,21861,Three Musketeers
16139,166,Black Death
16140,194094,Verti-Go
16141,215004,The Great Dragon Race
16142,3760,Trinity: Battleground
16143,31335,Jantaris
16144,10171,RisiKo! Master
16145,1581,London Cabbie Game
16146,11888,Bataille de la Marne 1914
16147,25758,Trüffel-Schnüffel
16149,122069,Land of Enin
16150,188204,De 7 geitjes
16151,3059,Rebound
16152,4246,Checkpoint Omega
16153,233951,Vilar de Mouros
16154,140940,In the City: Origins
16155,257411,This Game Goes to Eleven
16157,6759,Dispatcher
16158,217671,Mag-O-Mag
16159,2131,Wildstorms
16160,252165,Role Quest
16161,10842,Insel der Schmuggler
16162,194974,DAWAK
16163,166443,Sing it!
16164,259554,Spoilers: Popcorn Edition
16165,170608,People-Person!
16166,4799,Dicemaster: Cities of Doom
16168,7102,City of Sorcerers
16169,159570,SOS: Sheep in Trouble
16170,8262,Mücke mit Tücke
16172,5221,Quantum
16175,8360,Lost Battles: Operational Combat in Russia
16176,40083,Cluedo Chocolate Edition
16178,24373,Bumper Car Arena
16179,142043,Stack & Attack
16180,168535,Mops Royal
16181,91394,Ring-A-Ding-Ding
16183,237415,Espinas
16184,72622,Rattenkrieg: Assault on the Tracktor Factory
16185,207719,Hop le j'ton
16186,204410,Kamozza (?????)
16188,25476,Hooker and Lee: The Battle of Chancellorsville
16189,1343,Mad Monks and Relics
16190,32004,Chaos
16191,179600,Fantasy Fantasy Baseball
16192,7232,Initial D
16193,141679,PicWits!
16194,4843,Give Me Liberty
16195,8652,The Haunted Clock Tower
16196,73251,Leipzig: Napoleon Encircled
16198,178933,Compact Bowling
16199,1091,Explosiv
16201,217863,Unauthorized
16203,141107,Anno Domini: Avvenimenti bizzarri
16204,2645,Prize Property
16205,37401,Scrabble: Chocolate Edition
16208,178028,Sort it Out!
16210,286001,Dwar7s Duel
16214,224937,Status Report!
16216,203170,Unlocked: The Mansion of Mana
16217,2731,Upthrust
16218,137331,Terzetto
16219,35163,Swashbuckled!
16220,59308,Volldampf voraus!
16221,20192,Meikyu Kingdom Card Game: Make You Conquest
16224,16970,Fanhunter Batallitas
16227,4445,Delphi
16229,219666,Ciudad de Cartón
16230,69356,Kalua
16231,110160,Old Men of the Forest
16232,170676,Nosocomio
16233,8365,Napoleon at Lutzen
16234,151334,Overlords: The Card Game
16235,29741,Banqi
16238,10820,Master
16239,168055,Roots: A Game of Inventing Words
16241,202303,Western Front
16242,2372,Gazza! The Game
16244,127947,Eagles & Missiles
16245,298477,Tellstones: King's Gambit
16247,209667,Golden Snitch: Snitch Snatcher – The Quidditch Game
16248,5134,Peg Poker
16250,109456,Nova Cry
16251,1945,Ultimatum
16252,43295,Distrito 21
16253,277061,Dino Duel
16254,10463,Quick Chess
16256,32784,Russian Bank
16257,159410,Alpha Bandits
16258,103638,The Bridge to Treasure Cave
16259,251136,GiriGiri Curry
16260,11899,Le Docte Rat
16261,50356,The Bugman's Game
16262,192730,Baba Yaga
16264,5338,Ocean
16265,64430,Niche
16266,147673,Squashed
16268,61902,Disney Apples to Apples
16269,264410,Dinos Not Assembled
16270,40609,Az Ezüst-tó kincse
16271,7143,Crossbows and Cannon
16272,86587,Monster auf der Flucht
16273,129465,Black Stories 8
16274,4851,Civil War Game 1863
16275,23596,WaveLength
16276,142859,The Offensive Band Name Generator
16277,34065,Scrabble Me
16278,1956,Game of Dracula
16279,201458,Band Manager: The Boardgame
16281,251444,Penny Rails
16282,182736,Swords & Sails
16283,455,Am Fuß des Kilimandscharo
16284,180208,Witkacy
16285,172980,Double Mission: Beyond the Object
16286,6342,Switchboard
16287,192032,Aljubarrota: The Royal Battle
16288,31070,Horse Fair Card Game
16293,21219,Red Hot Silly Dragon
16294,3527,Iliad: The Most Renowned War Legend
16295,1996,Face Off
16296,180147,Clue: Doctor Who
16297,41021,Tangram Master
16298,231,Geronimo
16299,18584,BauSquitMiao
16300,36373,The Truckers
16302,191205,The Ants Go Marching
16303,145765,Cucco 21
16304,3540,Tic Tac Chec
16306,30010,Ninja Sen So
16307,8476,Le Saghe di Conquest
16308,104633,Castelli
16309,258752,Bitcoin Hackers
16311,14142,Das Prestel Nasenspiel
16312,10095,Pogo
16313,5185,Field Marshal
16314,11136,End of Empire: The French and Indian War and the American Revolution
16315,189919,Doctor Who: The Card Game – Classic Doctor Edition
16317,9076,Say When!
16318,67609,Way of the Dragon
16319,9569,The Last Starfighter Combat Game
16320,873,Offline
16321,4410,Barn Buzzin' Goofy
16323,266744,Rick and Morty: Look Who's Purging Now Card Game
16325,65575,Hide and Eeek!
16326,4623,"The Fast Carriers: Air-Sea Operations, 1941-77"
16328,5174,Lingua
16329,98978,Take-Back-Toe
16330,6406,Hannibal: The Second Punic War
16331,9248,Taxi!
16332,11177,Cardmaster: Adventure Design Deck
16333,118697,Hand aufs Herz
16334,16802,Mastermind Challenge
16335,101766,Slate
16336,26947,Italian Checkers
16337,185393,El Macanudo
16338,5231,Orcwars
16341,2364,Black Monday
16342,137841,Tic Stac Toe
16344,22344,Fatal Rendez Vous
16347,19957,Blitz
16349,238915,Dragoon: Heads Will Roll
16350,601,Take Two
16351,316594,Break In: Area 51
16352,285623,Firefly Dance
16353,25461,Pai Gow
16354,2942,Admirals
16355,148434,Gormenghast: The Board Game
16356,9070,Blood Race
16358,6805,Air Empire
16359,3077,The Game of Real Life
16360,11464,Alquerque
16361,131144,The Perfect Heist
16362,11924,Struggle
16363,155994,Movie Plotz
16366,151215,Cat & Chocolate: Business Is Business
16367,133104,"Wilk, Koza i Kapusta"
16368,856,"New York, New York"
16369,172642,Dynamite: The Game
16370,3376,The Company War
16371,9319,The Train Game
16372,1727,Summit
16375,27,Supremacy: The Game of the Superpowers
16376,148215,Sárkánytojás
16377,227318,Deadly Premonition: The Board Game
16378,2014,Thrill
16379,8863,Horus Heresy (2003)
16380,4861,Cookie Fu
16381,301946,Bivouac
16382,288648,Canosa
16383,8788,Grenadier: Tactical Warfare 1680-1850
16384,43927,Trivial Pursuit: Team
16385,140960,Raccoon Rumpus
16386,27939,Schneller als Kurz
16387,116948,Cartoona
16388,34221,Atoll
16389,3677,Ultimatum: A Game of Nuclear Confrontation
16392,51067,Monopoly: The Nightmare Before Christmas
16393,25168,Magellan
16394,131450,DrachenSchatten
16395,4772,Simon de Montfort
16396,8406,Operation Solace
16397,6725,Battleship: Star Wars Advanced Mission
16398,255597,Everyone Loves A Parade
16399,42453,Triviathon
16400,4909,Fun City Game
16401,203818,Akua
16402,93577,Rocket Jockey
16403,2210,The Last Spike
16404,252990,Gift Party
16405,20112,Composio
16406,277565,Ashes to Ashes
16407,104029,Node
16408,221643,Strawberry Ninja
16409,189816,Taco Takeover
16410,243707,Fat Fish
16411,3005,Chess for Three
16412,3989,Remote Possibilities
16415,8962,The Jewish War
16416,17918,The Transformation Game
16417,10966,Battle Rider
16418,73360,Soft Underbelly: The War in Southern Italy 1943
16419,224454,Numeracy Legends and The Rainbow Unicorn
16420,41844,African Park
16421,3558,Quizzard
16422,111841,Top Promoter
16423,84454,Wer war's?: Löst das Rätsel von Schräghausen!
16424,191473,Speed Dice
16426,4271,Artifact
16427,128419,Dice of Arkham
16428,2317,Mückenstich
16430,235616,Valhal
16431,264654,Possession: A Daemonic Card Game
16433,216330,Irány a Kincses Sziget!
16434,17926,Babel
16436,277434,Liski: Ojojanie
16437,2349,Inspector Higgins
16439,202025,Pod-X
16440,166764,Würfel Kung Fu
16442,2690,James Clavell's Shogun
16443,75292,Paying the Peiper
16444,145068,Piwne Imperium
16446,4625,Millennium: The Era of Invasion
16447,91513,Princess Magic Fairy
16448,15214,The McDonald's Game
16450,113360,32 Dice
16451,78647,Lexigo
16454,78247,Campos
16455,73367,Yamy
16456,173931,Holy Roman Empire: The Thirty-Years War
16458,178442,Alkemia
16459,235699,Würfelblitz
16460,166510,Magi Kitchen
16461,9246,L'Attaque
16462,31527,Formu?a 1
16463,172517,Zmiennicy
16464,225481,Lowdown
16467,22644,La Guerra Civil Española (1936)
16468,41573,Schweinebammel
16470,8471,Trenchfoot
16471,16727,Play on Wordz
16474,224010,Medical Frontier
16475,11187,Advanced Dungeons & Dragons Battlesystem
16476,227221,Click Click Boom
16477,1120,Silver Mine
16478,4611,Haithabu
16480,171221,Kniffel Kids
16481,2657,Auweier
16485,33962,Match of the Season
16486,19978,Maunz Maunz
16488,3112,And They're Off!
16489,4259,The Trojan War: The Game of Gods & Heroes
16490,7006,Management
16493,6824,Gold und Rum
16494,120000,Shadow Era
16495,268921,The Goblin King is Angry
16497,30000,Stratego: Transformers
16498,274635,Dual Clash Poker
16499,217827,Battle Yahtzee: Deadpool
16500,141102,DuCo
16501,860,Scotland the Brave
16502,9156,Fette Fünfzehn
16504,23695,Robot Face Race
16505,194079,ROX
16509,234874,Fieber
16510,30838,Les 7 Blasons
16511,4607,Omnigon
16512,197066,Time Management: The Time Management Game
16514,167468,Kuh Vadis
16515,293739,EL: The Chicago Transit Adventure
16516,209737,The Fairy Game
16517,1291,Input
16518,10797,Hoorah!
16519,113311,Ghost Pirates
16520,3417,Tribulation
16523,91197,Baby Boom
16526,4268,Razzle
16527,2176,Willi
16528,3174,Titan Strike!
16529,163478,Lunte
16530,12584,Cloak & Dagger
16531,32109,Electronic Catch Phrase: Music Edition
16532,123828,Battleship Movie Edition
16533,176859,MasterIslands
16534,3096,Ascension at Firepeak
16535,5854,Azuma
16536,162223,Mood X
16537,3349,Die Safeknacker
16539,180489,Los Aprendices
16540,178229,Adventure Time: Adventures in the Land of Ooo
16541,165999,Peng!
16542,4789,Trivial Pursuit: Genus III
16543,143200,Jungle Speed: Silver
16544,147824,TF22 Mine
16547,3793,Pig Pong
16548,160488,Faras
16550,230619,Link: un juego de mesa en 8-bits
16551,67144,Frutti di Mare
16552,157586,Linkage: A DNA Card Game
16553,5118,Deduction
16554,19531,Charoodles
16555,83117,Kings of Mithril
16556,35247,Qubix
16557,8945,Stadium Checkers
16558,14024,Piracy
16560,6921,Bloodtree Rebellion: Guerilla Warfare on the Planet Somber
16561,129290,YOU are the Maniac!
16562,1192,Nanuuk!
16564,7536,Battlegame Book 3: Galactic War
16565,43489,Politix
16568,3958,Songburst: 70's & 80's Edition
16571,40943,bOOLeO
16572,19802,Martian Backgammon
16573,66416,The Crow and the Pitcher
16574,12823,Harry Potter: Adventures Through Hogwarts Electronic 3-D Game
16575,245376,Yu-ca-tan
16576,99707,Artefakt
16577,136563,Stack Up!
16578,16474,"Geißlein, versteck dich!"
16579,194184,Silly Street
16582,17748,Tic Tac Doh!
16583,6706,Xerxes
16585,123085,MafiaDollar
16586,9565,James Bond 007 Assault! Game
16587,18780,El Día Más Largo
16588,151078,Kung Fu
16589,13031,ABC Monday Night Football
16590,65556,Sumo Ham Slam
16591,141980,Alarm!
16592,166248,Release!
16594,4237,"El Alamein: Battles in North Africa, 1942"
16595,223329,Blood Royals
16596,15614,Fantasi
16597,188389,Dragon Master: BGG Convention Promo
16598,4360,Attack in the Ardennes: The Battle of the Bulge
16599,10757,Marco Polo: Dragonda
16601,15958,Sphinx
16603,167466,Zum Kuhkuck
16604,220721,Star Plus
16606,11498,"Centurion: Tactical Warfare, 100B.C.-600A.D."
16607,3039,Swordquest
16609,5797,America's Cup
16611,252580,Monster Maker 30th Anniversary Remake Edition
16613,18875,Alsace 1945
16614,23285,AirWar: Pacific!
16617,46800,Tensão Total
16618,195214,Monster Lab Card Game
16619,25001,Fleet 1715
16620,140675,Enchanted Cupcake Party Game
16621,3569,Robin Hood
16622,16499,Architekton
16623,18840,Wissens-Spektrum
16625,2127,Overpower
16626,239940,Fishing for Words
16628,12222,Ancients: Thapsos & Alexandria
16629,291957,Canal King Brugge
16630,451,Beutelschneider
16631,131496,Attack the Darkness
16632,53,Brauerei
16633,2473,Winkeladvokat
16636,109017,Launchpad 23
16637,112233,FrankenDie
16638,13745,Puluc
16639,28388,Some Poles Apart: The Battle of the Westerplatte
16640,810,Amoeba
16642,6915,1942
16644,20888,Assault on Narvik
16645,5054,War in the Falklands
16647,2674,Coppertwaddle
16650,2943,Lepanto
16651,27155,J'te Gage Que...
16652,202566,Fly High
16653,21716,La Guerre de Troie
16654,5295,Tactics (25th Anniversary Edition)
16655,184443,BEARanoia
16656,3276,Skittles
16657,286261,Chrono Corsairs
16658,289720,Igen? És...
16660,231042,Sakura Hunt
16661,207987,No Regerts: The Game of Art and Poor Life Choices
16662,31477,Polarity
16663,4393,Elevator Eddie
16664,5779,D-Day
16665,242553,Einhorn Glitzerglück: Funkel-Bingo
16666,114405,Astronauts: The Ultimate Space Game
16667,180339,Roadkill Rivals
16668,277671,RisiKo! Edizione Torneo
16670,110864,Speedway Champion
16671,12539,Amnesia
16672,42227,rioMino
16673,181089,Raben schubsen
16675,249825,GrimmoiR
16676,85472,The Art of Science
16680,132616,Deutschland: Finden Sie Minden? Pocket Edition
16682,198269,En tu casa o donde sea
16684,217322,Caramba
16685,2038,Skirrid
16686,262622,Absolutely Aces
16687,17517,Clue Mysteries
16688,19971,Tuppen
16689,116970,Kokoriko
16690,33086,Biafra!
16692,242550,Wobble King
16693,37694,Street Paintball
16695,5030,No Respect: Rodney Dangerfield's Game
16698,153380,Tangrams Competitive Party Game
16699,145911,Desktopia
16700,4948,Play It By Ear
16702,320505,Mattock
16703,164838,Flip Hue
16704,39587,Machi
16705,13623,Who's in the Bag
16707,40388,Dictator. Control
16708,6578,Electronic Dream Phone
16709,11292,Blood & Steel
16710,257598,MacGyver: The Escape Room Game
16711,12496,Over the Top! Mons & The Marne
16713,259704,Wizard Thieves
16714,23831,Ruck Zuck
16715,2495,Boggle Bowl
16716,310076,Roundforest
16717,992,Alcazar
16718,156358,The Black Rose
16721,14119,Der Prestel Schlossgarten
16722,153807,Room Party: The Game!
16723,217320,Halli Galli Party
16724,6954,InterUrban
16725,209541,Dead Cat: A Quantum Physics Card Game
16728,281429,Mammalath
16729,11476,The Atlanta Campaign: Bald Hill and Ezra Church
16731,208360,Venture Party
16732,1142,Sabotage
16733,40964,Unikato
16734,133886,Keep Running!
16736,225932,Imperial Storm
16737,66245,Party Alias (Travel)
16738,4303,The Fall of South Vietnam: A Game of Combat in South Vietnam
16739,1790,Rollout: The Game of the Risk-Takers
16740,141681,Troll Hunt
16741,11116,Yarmuk
16743,32471,Mafia
16744,40417,Der Palast von Eschnapur
16746,3946,Pyramid
16747,153484,Hedbanz Act Up!
16749,154721,Boxes
16750,1735,Evade
16751,186461,Hunt: The Unknown Quarry
16752,3983,Sabotage
16753,251060,Saint Poker
16754,38141,Bitwy II wojny ?wiatowej
16755,7977,Balkan Hell
16757,277892,The Great Escape
16758,11972,Monte Rolla
16761,6526,Dragon Lords
16762,6404,Seven Days Battles
16763,15712,Egyptian Ratscrew
16764,173875,Superfight: The Loot Crate Deck
16765,139177,Terrene Odyssey
16766,33782,Bonanza
16767,171430,Do Not Forsake Me (Oh My Darling)
16769,58861,Pajaggle Boards
16770,9791,¿Pasáran? The Spanish Civil War
16771,1983,Frontier-6
16772,16760,Richthofen
16773,11126,Moscow 1941: The Enemy at the Gates
16774,11235,Golf the Perfect Game
16775,7060,NORAD
16777,8388,Napoleon's Later Battles I
16779,128910,Pyramid Raiders
16780,235940,Chill & Chili
16783,27408,Dragon Ball Z CCG
16784,3338,Nimm's Leich!
16785,305587,Gierki Ma??e?skie: Znamy si?
16786,271942,Bathroom Rush
16787,281245,Conflicting Legends (Second Edition)
16788,60872,Rio Grande
16789,7131,Napoleon's First Battles
16790,3198,Hecht im Karpfenteich
16791,2558,Comeback
16792,29317,War: Império Romano
16793,192635,Life Is Life
16794,60210,Korruptivity
16795,8745,"Leyte: Return to the Philippines, October 1944"
16797,6687,Lords Of The Middle Sea
16798,149078,Light Line
16800,19498,Kille
16801,900,City
16802,9418,"Eastwall: Battles for the Dnepr, September 1943 - February 1944"
16806,153509,Out of Mine!
16807,22674,M?awa 1939
16808,174057,Kajko i Kokosz: Przygody Wojów
16811,11456,Zilch
16813,1665,Airport
16814,227981,Black Stories Investigation
16815,5002,Pro Golf
16818,231040,Nitro
16819,154180,Bania
16821,145793,Dungeon Attack!
16823,88088,Cranium: Disney Family Edition
16824,260815,kNOW!
16825,6129,Jena
16826,3374,Scrabble Crossword Cubes Game
16827,282483,Escape from Iron Gate
16828,10885,Royalists & Roundheads II
16829,975,The Keep
16831,22123,Enkounter
16835,36603,Huuue!
16837,290462,Banana Bandido
16838,77548,Arkham Express
16839,99166,Monza: Das Kartenspiel
16840,94683,Coronation
16842,17792,ZigZag
16843,40804,Huntik: Secrets and Seekers Trading Card Game
16844,13010,Interpol
16845,230885,"Guardians of the Galaxy, Vol. 2: Gear Up and Rock Out! An Awesome Mix Card Game"
16846,198574,Verticality
16848,118342,Skittykitts
16849,2586,Trivial Pursuit: Game Show
16850,113780,Titty Grab
16851,21990,Lightning Reaction Extreme
16853,27546,Champions of Faith
16856,324,Ponte Vecchio
16857,223762,Atari's Missile Command
16859,104809,Kleiner Obstgarten
16860,9474,Flying Pirates
16861,235471,Utter Nonsense: Family Edition
16862,877,Troia
16863,15509,Scene It? Movie Deluxe
16864,199825,Danger! Danger! Dinosaur
16865,7178,Schützenfest
16867,2442,Tiles
16868,211175,Undermine
16869,13863,Junta
16870,165888,Wongamania
16871,18857,Cluedo: Magnetic Pocket Edition
16873,154327,City
16875,120924,Hug Me
16876,9681,Nosey Neighbor Card Game
16877,48867,Bourré
16878,18805,Pacifist
16879,140961,Leelawadee
16880,131182,Swintus Junior
16881,66044,Scary Tales: Prince Charming vs. Hansel
16882,27876,The Dragon's Wrath
16883,12568,Obsession
16884,207203,War Titans: Invaders Must Die!
16886,129287,War: Batalhas Mitológicas
16890,231674,Who's the Dude?
16891,201243,Baby Blues
16894,2527,Attack Force
16895,13371,"Ia Drang, Vietnam 1965"
16896,113995,Jask
16897,20409,History of War: Pacific Edition
16898,25479,"Battle of the Wilderness: Gaining the Initiative, May 5-6, 1864"
16899,5905,Energi
16900,4585,Seaside Frolics
16901,234473,Coral Reef
16902,5216,Space Master: Star Strike
16904,3384,Kerrunch
16905,3844,Pez
16907,1550,Chebache
16908,4997,HellRail
16909,145275,Neptune
16910,118294,Distraction
16911,232412,Ogre Cheerleaders
16912,13495,High Finance
16913,90968,Knock Your Blocks Off
16914,56197,Bezzerwizzer +
16916,192245,Shadow Master
16918,19028,Secret Tijuana Deathmatch
16920,1512,Hexagony
16921,5619,The Fastest Gun
16922,88549,Bible Taboo
16923,279967,SPACE INVADERS: THE BOARD GAME
16924,8188,Die wilden Fußballkerle
16925,170447,Kard és Korona
16926,1682,The Challenge
16927,87829,Quest: Edição Família
16928,4147,Spellbinder
16929,25223,¿Resiste Stalingrado?
16930,117908,The Big Fat Tomato Game
16931,36225,Playbook Football
16932,11112,Rommel at Gazala
16933,301366,Caves of Rwenzori
16935,165552,Shark Mania
16937,13026,Strato Chess
16938,7267,"Warlords: China in Disarray, 1916-1950"
16939,29433,Buen Viaje
16940,169459,The Princess Bride: A Battle of Wits
16943,19534,Blitzkrieg 1940: Hannut et Stonne
16945,169328,Falling (Revised Edition)
16946,177002,Buy The Rights
16949,13912,"The Sedan Campaign, 1870"
16950,117891,Das Ligretto Fußballspiel
16951,16368,Wie Waldi
16952,135431,Geek Battle: The Game Of Extreme Geekdom
16953,118258,Zebra-Schwein
16954,10353,Playoff One-On-One Hockey Challenge
16955,93867,A Dash of Peiper
16956,156015,Turbulence
16958,5322,LEGO Soccer
16960,236556,Artifact Stack
16961,243343,Dino Battle
16962,218236,Metal Mania
16963,14253,Desperados
16964,9385,Yoté
16966,37423,Het Groot Van Dale Spel der Nederlandse Taal
16967,20153,Klumpeduns
16968,2753,Demon's Run
16971,319,Top It
16972,69819,Mercury/Market Garden
16973,6466,Pirates' Gold
16974,137910,Triple³
16975,90919,PRRRT...
16977,192275,Olympians War
16979,5043,The Forever War
16982,36687,Revenge of the B-Movie
16983,36639,Battle for Olympus
16984,229736,¡Ruiz!
16985,3156,The Warriors of Batak
16986,216631,Tower of London
16987,111327,Black Stories: Christmas Edition
16989,28296,Gruble
16992,196220,Battle Gnomes
16993,10543,The Drive on Metz
16995,32409,Wiochmen 2
16996,5382,Oil War: American Intervention in the Persian Gulf
16997,117823,FitzIt
17001,3669,Moon Base Clavius
17002,207965,GrowerZ
17007,8459,Schwarzarbeit
17008,161528,The Great Debate
17009,239116,Passaportas
17010,10008,Rifle & Saber: Tactical Combat 1850-1900
17011,10215,The Fire Next Time
17012,190104,Activity Family Classic
17014,13614,Chancellorsville
17015,8252,Lods 1914: Blitzkrieg in the East
17017,167723,Bin'Fa: The Tao of War
17019,179956,The Arabian Pots
17020,11494,The Battles of Bull Run: Manassas – June 1861 and August 1862
17021,99038,Monkeyland
17022,31764,Tobynstein
17023,194496,Risk: Captain America – Civil War Edition
17024,10631,Age of Heroes
17026,127317,Thousand Islands Railway
17027,172940,Suspend Junior
17028,1913,Transsib
17029,6665,Legend of Camelot
17030,179433,Creature College
17033,19725,Scene It? Harry Potter Deluxe
17034,29018,Take It!
17035,3918,Raiders of the Lost Ark Game
17036,285048,Pirate Map
17038,1954,Kalahen
17039,86033,Mobbing: Reine Chefsache
17040,178930,Walls:  Race Through a Changing Maze
17041,3360,Lexicon
17043,66218,Who Wants To Be A Millionaire? (2nd Edition)
17044,143780,Texas Zombies
17046,114689,BITS Mitbringspiel
17047,27678,Quest for the Auburn Pelt: A PageQuest Game
17048,50995,The Toast of the Town
17049,177572,?? (Monkey Road)
17050,10154,Treasure of the Pharaohs
17052,214486,Mise: Kolonizace
17053,130682,Air King
17055,197073,Bureaunauts
17056,62979,Alchemicus
17058,5757,Bakerstreet
17059,9989,Mare Polare
17060,19392,Fruit Bandits
17063,38328,The Looney Bin
17064,2198,Ergo
17065,1325,Wild Pirates
17066,23485,"Dice 10,000"
17068,141042,Kenya
17069,1785,King's Bounty
17070,57767,Unter Geiern
17072,727,Chinese Civil War
17075,77454,Trivial Pursuit: Tim Burton's The Nightmare Before Christmas Quick Play Collector's Edition
17076,1451,Dimenticato
17077,259972,Roll & Wall
17078,203997,Locos Crononautas
17080,2337,Droids
17081,97339,Compañeros
17082,8899,Rimini
17083,219374,Chicken out!
17084,16253,Montanara
17085,254585,Bad Doctor
17088,125585,W Zak?adzie: Lubelski Lipiec '80
17089,11726,Knucklebones
17090,135851,Connect the Thoughts
17091,613,Overboard
17093,59226,Beugró
17095,2320,Worldbeater
17096,65087,Beyblade
17097,32324,Szczury Pustyni
17098,31138,Amazing Space Venture
17099,101660,Witty Chronos
17100,52626,Family Alias
17101,313875,Rambo: The Board Game – First Blood
17102,3144,High Hand
17104,6902,Tetris
17106,2927,Slasher: The Final Cut
17107,1559,Wabbit's Wevenge
17109,313695,Lost In Straya
17110,4000,Scan
17112,14424,Emperor's First Battles
17115,130185,Speedy Recall
17116,145400,Strajk! Skok do wolno?ci
17119,1211,Race Through Space
17120,270133,Sumo Slam!
17121,24884,Funny Fishing
17123,69292,Guardians of Graxia
17124,76684,Launch Pad
17125,2203,Suppenkasper
17126,288019,Mirror Garden
17127,239523,Misantropia Express
17128,1087,Matschig
17129,21366,RPGQuest: The Knights Templar
17130,3001,The Godfather Game
17131,175868,Metro 2033: Breakthrough
17132,34296,Cobra
17133,24784,Piraci: Córka Gubernatora
17134,286535,#MyLife
17135,36238,Timestreams: Deck 2 – Medieval vs. Modern Day
17136,1127,Encounters
17137,258775,The Cats of Ulthar Card Game
17138,10052,Bongo Kongo
17139,26292,Bzura 1939
17141,194819,Make a Mess: Holy Cat Edition
17143,257324,The Lord of the Rings: Quest to Mount Doom
17144,148814,Boom Boom
17145,39435,Iron Man Battling Card Game
17147,29080,Twelve Men's Morris
17148,8644,Masquerade
17149,57183,Jurassic Wars
17150,13786,Monogamy
17151,116972,Mini-Taurus
17152,652,X-Net
17154,6367,Make 7
17155,129295,Quartex
17156,209168,Get Reelz
17157,301102,Battleship: Card Game
17158,2563,Hot Dog
17159,3045,Pentantastar
17160,2616,Janus
17162,124378,Die kleinen Drachenritter
17163,22815,Situação Limite
17165,2760,Knights of the Dinner Table: Orcs at the Gates
17166,163242,CHEW: Cases of the FDA
17168,164300,Pixel Guardians
17169,194034,Fire! Fire! Fire Fighters!
17170,3062,Pyramis
17171,37854,Cluedo Party: Tudor Mansion Edition
17172,8526,Claymania
17173,327797,Monopoly Bid
17174,2104,Speculate
17175,27336,PowerShot Soccer
17176,6567,007 James Bond: Goldfinger
17178,83278,Captain Cool
17180,12600,G.I. Joe TCG
17181,206082,Eye Sea
17182,127505,Buffalo
17183,121324,Operation Cerberus: The Channel Dash
17184,6705,Batman: Gotham City Mystery
17186,8032,4 CYTE (Foresight)
17187,176872,"Sun, Moon, & Stars"
17189,215796,Spank the Yeti
17190,148940,Kings Under Mountains
17191,228370,TerroriXico
17193,40092,Hobiti
17194,3335,Ganoven Jagd
17195,10742,Foxy
17197,326804,Rorschach
17198,212288,Rainbow 35
17200,34096,Hotel
17201,266747,Challenge of the Superfriends Card Game
17202,91995,Pass the Bomb Card Game
17203,17693,Piranha
17204,9776,The Incredible Hulk Smash
17205,5463,Mind Maze
17206,12519,Fontenoy 1745
17207,1031,TV Wars
17208,32154,Down Under
17210,4646,Bommerz over da Sulphur River
17212,15431,Trivial Pursuit: Globetrotter
17215,25988,Asalto
17216,7808,Solar Trader
17217,165208,Aruba: Battle Race
17218,9610,Travspelet med V65
17219,6680,Murphy's Magic Island
17220,13091,Megaman NT Warrior Trading Card Game
17221,12943,Go Mental
17223,2401,Globetrotters
17224,141569,CrossWays
17225,96608,LEGO Champion
17226,266259,Caffeine Hit
17230,18288,Psychologizer
17231,4093,Exit
17233,15527,Jorden runt på 80 dagar
17234,123930,Pint Craft
17235,3065,Monopoly: Stock Exchange
17237,5966,Sequence Dice
17238,2097,Middle Sea: Empires of the Feudal Age
17239,6453,Doktor Igel
17240,8233,Lords & Wizards
17241,22257,Joakim von Ankas fantastiska affärer
17242,8220,Civil War
17243,3512,Doorways to Adventure
17244,170511,Slap .45 Mini
17245,197075,Devils & Black Sheep
17247,5039,"The Battle for North Africa: War in the Desert, 1940-42"
17248,2380,Gridiron Fantasy Football
17249,3999,Diabolo
17250,90125,Acuity
17251,17136,DaVinci's Challenge
17252,6087,Sicily '43: The Beginning of the End
17253,136265,Aliens vs. Zombies
17257,18613,"Khan: The Rise of the Mongol Empire, A.D. 1206-1295"
17258,3127,Age of Empires: Expandable Card Game
17260,194033,Magic Feathers
17261,151603,Scrabble Twists & Turns
17262,182090,The Game of Nasty Things...
17263,108554,Super Showdown
17264,61996,Deluges
17265,39087,The Chronicles of Narnia: Prince Caspian – The Shield of Courage Card Game
17266,1729,Wide World
17267,236893,Fish & Ships
17268,215609,Monopoly: Pokémon Johto Edition
17269,10651,Deflection
17270,93578,Ugh!
17271,154728,Kosmiczna misja
17272,67041,Monstermania
17274,33779,Go 500 Racing Dice Game
17275,6350,Zomax
17276,32245,Fortuna
17277,11441,The Last Panzer Victory: The Battle of Debrecen
17278,22790,Cephalopod
17282,169393,The Lord of the P.I.G.S.
17283,101239,Ponder
17284,171087,Jenga Quake
17285,287676,Gravity Falls
17287,246740,Meteors
17288,10845,Napoleon
17290,15265,Hopp Galopp
17291,9110,Superpowers at War
17293,153501,Mit Mist und Tücke
17294,160658,Postcard Cthulhu
17295,172510,Asterix & Obelix: Mission Zaubertrank!
17296,2630,Die Bombe
17297,12226,Minestrone
17298,104234,Sour Apples to Apples
17299,13921,"Cemetery Hill: The Battle of Gettysburg, 1-3 July, 1863"
17300,156927,The Walking Dead: The Prison – Board Game
17302,2151,Stomp!
17303,105550,Rolling Bones
17304,140859,Maccabees
17305,152621,Black Stories: Medizin Edition
17309,3425,Skunk
17310,287474,The Isle of Pan
17311,261168,Wannabe Football
17313,126749,Bim Bamm!
17314,36250,Spanish Checkers
17315,14897,Space Blast
17316,150276,Squillo: Bordello d'Oriente
17317,202945,Zona Mágica
17318,30852,Transformers Battling Card Game
17319,307,Candidate
17320,7185,Weapons & Warriors: Power Catapult Set
17322,4969,Manhunt
17323,119474,Act Too
17324,5137,Ellery Queen's Mystery Magazine Game
17325,101628,The Bagged Peiper
17326,56889,Kajko i Kokosz: Wielki Wy?cig
17328,7539,Galactic Starfire
17329,9506,Ooga!
17330,174146,Batman: Road Trip
17331,312726,Kopi King
17332,93463,Picnic Blitz
17333,13295,Sorry! Card Revenge
17334,20057,Phantom Rummy
17335,54745,Scene It? The Simpsons Deluxe Edition
17336,120618,1000 Bornes Express
17337,17181,Stad - Land - Rivier
17338,202975,Galatune
17340,15163,Disney Magic Kingdom Game
17341,22259,Kroko Loko
17342,181376,G.Nome
17343,245528,Grimslingers: Advanced Duels
17344,226013,Geisteruhr
17345,147149,A Game For Good Christians
17348,130626,The Hobbit: An Unexpected Journey – Das Kartenspiel
17349,33907,Have You Herd?
17351,21986,Ramba Samba
17352,76416,NCIS: The Board Game
17354,67977,Politico: The Fall of Caesar
17355,193681,ButaBabel
17356,90735,Chaos
17358,8930,Buffy the Vampire Slayer CCG
17360,106929,Top-A-Top
17362,15112,Subbuteo Rugby
17363,7679,Busine$$ GO
17364,175924,Trash War
17366,116124,Lokus
17367,146707,Space Junk
17370,62374,Lorrein
17372,23613,La vallée de la mort
17373,4247,Boarding Party
17374,32968,Shark Alarm!!!
17375,157593,Krash Karts
17376,90460,OlymPeak
17377,201971,Super Hack Override
17378,311192,Farts & Fairies
17380,2361,U.F.O.s
17382,212042,Gnomes and Associates
17384,18858,UNO: Nintendo
17386,132717,Words with Friends
17387,2030,"Twinkle, Twinkle, Little Star"
17388,145587,Alley Thieves
17389,1027,Konzern
17390,159087,"I Say, Holmes! (Second Edition)"
17391,9847,Plutôt mort que Perse !
17393,3649,Power Play
17394,138064,Line Dice
17395,10354,All-Pro Football
17396,7088,Warangel Card Game
17397,4171,Sailor Moon CCG
17398,8253,Moscow Burning: The Next Russian Civil War
17399,33288,T.E.G. II
17400,7269,Monopoly: The Heirloom Edition
17401,15559,Quak
17402,286263,La Muse
17403,11402,Antietam Campaign
17405,126464,Array
17407,6938,"Global War: The War Against Germany and Japan, 1939-45"
17408,95800,Eckolo
17410,202517,Wordstacker
17411,3639,Strange New Worlds
17412,42702,Jackal
17413,185769,Remember When ...
17414,27291,AtmosFear: Khufu – The Mummy
17415,149322,"Cthulhu!!!: Hastur La Vista, Baby!"
17416,118713,Peek-a-Boo!
17417,73574,Rainbow
17418,12317,Brouhaha
17420,2776,Heavy Gear Fighter
17421,28246,Zanzibar
17422,1981,Schwarzmarkt
17424,172555,Loaded Questions Party
17425,181080,Pitch Fleet
17426,91759,Pamplona: Viva San Fermín!
17427,3575,The Plot to Assassinate Hitler
17428,148442,nullern
17429,9488,Mancala 4
17431,236332,Animator vs Animation
17432,190064,Explorers of the Lost Valley
17434,165584,Crowns
17435,38702,Sink the Bismarck
17436,24245,Laser Battle
17437,264154,Thrown
17438,69904,Quack in the Box
17439,17773,CrackeD ICE
17440,181466,Asterix & Obelix Mau Mau
17441,6809,007 James Bond: The Man with the Golden Gun
17442,11071,Austin Poker
17443,9013,Battle of the Five Armies
17444,170609,Treatment: A Psychiatry Card Game
17445,13072,Airways
17446,36237,Timestreams: Deck 1 – Stone Age vs. Future Tech
17447,51367,Mad Arena
17448,151985,Evolution: Random Mutations
17449,34014,Ruin
17450,8503,Arkansas Bluff
17451,8700,Empire (Third Edition)
17452,3047,Rails Through the Rockies
17453,7443,Electronic Scattergories Platinum Edition
17454,22048,Trivial Pursuit: DVD – Disney Edition
17455,5790,Chutes Away!!!!!
17456,7418,The Winning Ticket
17457,258377,Polar Smash
17458,77344,Atlantis Treasure
17459,182634,Qwordie
17460,14021,Geister & Gespenster
17461,5876,Grav-Ball
17462,7344,Challenge Golf at Pebble Beach
17464,17021,Dinosaur Dice
17465,80719,Monopoly: Franklin Mint Collector's Edition
17466,81561,Monkey See Monkey Do
17467,26052,Canossa
17468,22080,Brain Trainer
17469,1984,Material World
17470,11508,Katego
17472,189615,Pingwiny z Madagaskaru
17473,18262,Hide & Seek Safari
17474,176502,Awesome Kingdom: The Tower of Hateskull
17476,29491,Dipole
17477,15624,Gangster
17478,32682,Scene It? Disney Second Edition
17480,3814,Desert War: Tactical Warfare in North Africa
17482,2806,U-Boat
17483,13475,Schätzbold
17485,235807,Reanimator
17486,11121,"Operation Shock Troop: The Israeli Counterstroke Against Syria, 1973"
17488,173100,Monsters' Tower
17491,111830,DiceAFARI
17492,159858,Speakeasy
17493,165743,In Love and War
17494,14163,Foto-Electric Football
17495,189735,Monsters Party: Voodoo Madness
17496,30896,Fackel+Keule
17498,192728,Ranglin' Rabbits
17499,2172,Stealth Chess
17500,204671,Dear Leader
17501,15412,Tunebaya
17502,17830,Miskatonic Madness
17503,1320,The Dog's Meow
17504,133337,Bezzerwizzer Mini
17505,106836,Ostfriesisches Schafe-Schubsen
17507,27730,Eollis: Pirates des Vents
17508,179227,3 Seeds: Reap Where You Sow
17509,148660,Clumsy Thief
17510,1227,Stonewall
17511,8519,How to Host a Mystery: Star Trek – The Next Generation
17512,1947,Robin Hood
17514,5077,Chaos
17515,17195,Gettysburg: Three Days in July
17516,100758,Abtei der Rätsel
17518,93594,Keezbord
17520,183479,Happy Party
17521,1247,Gangland!
17523,201028,Farmers Finances
17524,240698,Apokalypsis
17526,3492,Dragon Storm
17527,19044,Holidays
17528,237712,Floppy Ears
17529,22578,Transport
17530,13440,Horrific
17531,2765,Too Many Cooks
17532,4621,Cloak & Dagger
17534,30952,The Witcher: The Adventure Card Game
17535,93164,Spline
17536,238884,13 Chefs
17537,146384,The Amberden Affair
17538,142517,Grabolo
17540,129609,Foreclosed!
17541,32330,Arnhem 1944
17542,905,Vagabondo
17543,33625,Indicios
17544,3239,Nessie Hunt
17545,775,Die Tafelrunde
17546,185028,Giraffometer
17547,113544,Monopoly: Klingon Edition
17548,220406,Oh Sh*t!
17549,3023,VCR 221B Baker Street
17550,14354,2ème D.B. 'I' Normandie
17551,4695,Weapons & Warriors: Lashout Launcher Set
17552,35371,El Juego de la Liga
17553,5863,Canadian Civil War: La Guerre de la Sécession du Canada
17554,5165,Code Breaker
17555,267884,Silicon Valley Startups
17556,1351,Legend of Heroes
17558,16632,GOPS
17559,112844,Swintus 2.0
17560,31216,Whack a Catgirl
17561,153319,Query
17564,37379,Netzwerk
17566,1162,Burp
17567,128290,SET Junior
17568,1500,Zocken
17569,6689,Alien
17570,150539,Big Picture Apples to Apples
17571,199026,Neko-in
17574,247008,Pun Intended
17576,177437,YAK
17577,7711,Hats Off
17581,5539,Swoggle
17583,194534,Awesome Kingdom: Mines & Labyrinths
17584,22616,Crystal Faire
17585,12675,The Simpsons Group Photo
17586,31767,Outburst II
17588,234974,Picture Party
17589,75445,Grunwald: Walka 600-lecia
17590,5640,Bombay Bazar
17592,54604,High School Drama: Varsity Edition
17594,5000,Tuf-abet
17596,10459,Tilt'n Tumble
17597,5215,Australian Menagerie
17598,6913,The Battle of Agincourt
17599,139690,ApocalypZe Card Game
17601,88521,Pharaoh
17603,65592,Dragon's Ordeal
17605,29226,El Zorro del Desierto: Norte de Africa 1941-1942
17606,19030,Frankenstein
17608,12737,Goofy Golf Machine
17610,16314,Party Scrabble
17611,3805,Domino Dice
17614,195073,Das verdrehte Labyrinth
17617,24168,Pirates: Quest for Davy Jones' Gold
17618,7918,Eagle Eye Agency
17619,27372,Bonaparte
17621,173057,Go Fish Yourself
17622,27853,Aunt Millie's Millions
17623,3295,Athos
17624,93041,Guilty Gods
17626,80028,The Game of LIFE: The Haunted Mansion – The Disney Theme Park Edition
17627,208736,Lawless Empire
17628,1777,Dark World: Village of Fear
17629,43775,Monopoly: Onyx Edition
17630,176663,Wordariffic
17631,17738,Ostfriesenlauf
17632,138746,Teenage Mutant Ninja Turtles: Clash Alley Strategy Boardgame
17634,118699,Streifen Toni
17635,19036,Villainy: The Supervillainous Card Game
17636,9901,Electric Jeopardy Game
17637,148918,Scriba
17638,234383,Mucho Macho
17641,3598,Tracks to Telluride
17642,7917,Granny's House
17643,126206,Dragon Whisperer
17645,27460,Power Yahtzee
17647,159774,Rycerze i Zamki
17648,40853,Trivial Pursuit: Genus VI
17649,80972,Meteor Strike
17652,330806,Silverwood Grove
17653,64219,Scattergories To Go
17654,147472,Shooting Star
17655,2996,Dodge City
17656,3628,Freche Frösche
17657,98426,Super Tock 6
17658,58139,Donna Leon: Gefährliches Spiel
17659,169462,The Princess Bride: As You Wish
17661,166390,Moscow to Paris
17662,302238,Crazy Farmers and the Clôtures Électriques
17663,4814,Rubout
17665,90972,Mermaid Beach
17666,191512,Kuhno
17667,8997,Scattergories Junior
17669,216072,Top Gun: Plot Twist Party Game
17671,14567,Pro Foto-Football
17672,177080,Lord of the Dead
17673,542,Animocrazy ????
17674,208170,Stellar Armada
17675,1138,Army of Darkness
17676,2701,Schuss und Tor
17677,201139,Haiku Warrior
17678,17284,Kazink
17679,179629,Panda Head
17680,227070,Scrooge: The Board Game
17681,15654,Blizzard of '77 Travel Game
17683,8178,Constellation
17684,821,La Trel
17685,1619,The Roaring 20's
17686,203401,Luther: Das Spiel
17687,2897,In Pursuit
17688,141544,Cluedo: Die drei ???
17689,76567,Maailmatrivia
17690,20146,Der Weg nach Drakonia
17691,123491,Si j'étais Président...
17692,152822,Xoom Cubes
17694,231362,"Sweet Honey, Bee Mine!"
17695,18907,War in the Aegean
17696,33383,WobBally
17697,85429,"?esko, otázky a odpov?di"
17698,19379,Banzai!
17700,7493,Caves & Claws
17701,198991,Dragons
17702,5517,Mine!
17703,274906,Scram
17704,18128,Solferino: 24 Juin 1859
17705,248899,Tex: Fino all'ultima pallottola
17706,2116,Cartino
17707,9969,Speculation
17708,103077,Copié Collé
17709,16914,Shrieks & Creaks
17710,107549,Crocodile
17711,266308,100% Beef Showdown
17713,171126,Clue: Supernatural
17714,123495,Dreaming Dragon
17715,56244,Honfoglaló
17716,26025,Tumba
17718,218460,Giant UNO
17719,4738,Dead Stop!
17721,18983,La Segunda Guerra Mundial
17722,8670,Der Herr der Ringe: Die Rückkehr des Königs
17723,155494,Game Developerz
17724,4123,Gambler
17725,10196,Farlander
17726,230881,Rollers Deluxe
17727,269624,Barnyard Bunch
17728,105866,Seven!
17729,168204,"Sesam, puzzle dich!"
17731,3357,Wie Hund und Katz!
17732,35466,With Sword and Shield
17733,239504,Spy Code: Break Free
17734,213268,That Snow Moon
17735,1427,GRO: Battle for the Petri Dish
17736,11215,Numeri
17737,23304,"""Oh My God! There's An Axe In My Head."" The Game of International Diplomacy "
17738,32280,Hættuspil
17740,1226,Babuschka
17741,152359,Machiavelli
17742,187550,Irresponsibility: The Mr Toast Card Game
17745,2974,Scoop
17748,148179,Oss
17749,8502,Big League Baseball
17750,11600,Table Soccer
17751,129272,Prime Wars
17752,21382,In10sity
17753,5836,Wordrop
17754,172035,Thumbs Up!
17755,172118,Cave Pilot 55
17756,5266,Scorpion
17757,9471,Crazy Bugs
17758,40617,Würfel Express
17760,153038,Gone Viking!
17761,7270,GOLO
17762,93271,Convocados
17763,42006,Glücks-Piraten
17764,17699,Polarity
17766,156746,Kombat Kittens
17767,19916,Cups
17768,297345,Family Feud: Platinum Edition
17769,266651,Tangled Timelines
17772,185228,Rolf
17773,113332,Bookmaker
17774,98472,Strain
17777,3894,Brilliant Lances
17778,147396,Dr. Hrubec
17779,40808,J'te Gage Que... 2
17780,227010,Game of Trolls
17784,14343,Zeepkistenrace
17785,101629,Just a Peiper Dream?
17786,4219,Goal
17787,59602,Upwords Deluxe
17788,148211,"Sexy, el juego del arte del flirteo"
17789,239189,Chronicle X
17791,3037,Escape from Altassar
17793,15520,Kids On Stage
17794,29939,Animal Express
17795,4568,Racko Plus
17798,1453,Pain Doctors: The Game of Recreational Surgery
17800,11551,Casbah
17801,194040,Star Wars: Rule the Galaxy
17802,482,Sky Runner
17805,14233,Caramba!
17806,191714,Lil' Cthulhu
17807,157452,Cultists of Cthulhu
17808,3465,Black Hole
17811,111418,ARC
17812,62811,Two Bridges
17813,15877,Abbeville 1940
17814,40072,Domo Caption This! Game
17815,9083,Grunwald 1410
17816,16699,Such & Such
17817,24969,Pit Fighter: Fantasy Arena
17818,157061,Superbohaterowie
17820,3571,Spitfire: Tactical Aerial Combat in Europe 1939-42
17821,62533,Rolit Travel
17822,10203,ASAP
17823,67429,Shapes & Colors
17826,198855,GearSeed
17827,160537,Code Monkey Island
17828,3951,Octrix
17829,27982,Operation Rescue Kit
17831,1611,Bullwinkle and Rocky Role Playing Party Game
17832,4614,The Touch
17833,8221,The 90's Game
17834,582,Kampf um Rom
17836,8675,Tops
17841,1207,Big Deal
17843,4972,Lost Gold
17844,4022,Diceball!
17845,6272,Junior Stratego
17847,4426,Adeptus Titanicus II
17848,172063,Ring it!
17849,154585,Groovy Pips
17850,7651,Europe at War
17851,4232,SS Panzer: Bloodbath at Kursk
17853,2390,Race to Riches
17854,41834,Lunar Command
17855,180311,Squillo: Marchettari Sprovveduti
17856,134547,??????? (Cowardly Bat)
17857,188601,Spoilers: The Game
17860,131530,The Hobbit: An Unexpected Journey
17861,11873,AMC Reel Clues
17862,119792,Edition Wars
17863,7802,Tank Commander: The Eastern Front
17864,31715,IQube
17866,6109,Mafia
17867,6574,Mad Dash!
17868,14591,Bushi
17869,9571,Baha
17870,7762,Transfer
17871,153168,Karten Kniffel
17872,26976,Kingdom Hearts TCG
17873,14662,NE-spelet
17874,3996,Sudden Death!
17875,336,Jumpin
17876,117815,Mapominoes: United Kingdom
17877,183883,Port of Piraeus
17878,182238,Joe Connaissant
17879,1008,Die Schlangen von Delhi
17881,3914,Splat!
17882,167764,Life & Legend
17883,177750,Wild Cats
17885,25229,Rommel y Montgomery
17886,40801,Docker
17887,184473,Mystery! Motive for Murder
17888,165828,Truths Too Terrible
17890,16746,Evolution
17891,183881,Goblin Dice
17892,177048,Barking Up The Wrong Tree
17893,34958,Six
17895,1400,Columbus
17896,1267,Polar Dare!
17897,63900,Pirate Plank
17898,4968,Big Foot
17901,11347,Seega
17902,137354,Trifecta
17903,31820,Festival
17904,122820,Mistrz S?owa
17906,5435,North Sea Oil
17907,9087,KRASH!
17908,208888,Il Trono di Mortadella
17909,17420,"Rette sich, wer kann!"
17910,2169,Arcadia: The Wyld Hunt
17911,1567,Stockers!
17912,7183,Weapons & Warriors: Lashout Launcher
17914,4555,Das Blaue Amulett
17915,11258,Abagio
17916,8419,Operation Apocalypse
17917,177680,Ninja Dojo Fight!
17918,2103,Project KGB: The Double Agent
17919,5011,Monsters of the Midway
17920,10525,Football Champions
17921,2867,The Baton Races of Yaz
17922,202624,80's 90's Trivia Game
17923,152245,Cards vs Dice: Strategically Lucky
17926,20429,"Supercharge: Battle of El Alamein, October 1942"
17927,163685,Captain's Wager
17928,19697,Taverne de la Crypte
17929,28068,Four Twenty-one
17931,206753,Blank White Dice
17936,4118,Slide 5
17939,20833,Code Sudoku
17940,12281,Versailles
17941,29626,Robotics
17942,160413,Shadow of the Elder Gods
17944,9816,LEGO Time Cruisers Game
17945,6553,Pussy Cat
17947,9022,Im Reich des weißen Bären
17950,2933,Ringside
17951,13070,Revolución
17952,7541,Killer Angels
17953,17348,InuYasha TCG
17955,11208,Hopple-Popple
17957,284839,St. Noire
17958,2315,Saratoga: 1777 – Burgoyne vs Gates
17959,135581,Pointless: The Travel Game
17960,201453,Hip Hops: Brews of the World
17961,220597,INTERACTION: No more boredom!
17962,761,The Great Brain Robbery
17963,4372,Froop!
17964,137685,Muses
17965,5999,The Italian Campaign: Salerno
17968,38340,Scene It? Seinfeld
17970,130624,Feed the Woozle
17971,22799,Legie
17972,4473,Pompeii: The Last Days
17974,105434,Dingbats
17975,13024,James Bond 007
17977,9868,Tobrouk 1941-1942
17979,205873,Freaky
17980,173005,Gondola
17981,6355,Cirondo
17982,31274,Zacrobates
17983,6766,Top Gun: The Game of Modern Fighter Combat
17984,25967,Scene It? Marvel Deluxe
17986,154841,Knuckle Sammich: A Kobolds Ate My Baby! Card Game
17987,72560,Cranium Junior
17988,2923,Listen Up!
17989,22682,"Panda, Gorilla & Co"
17991,32415,Srebrna flota
17992,136244,Miau!
17993,127590,Movie Trailer
17994,122873,Cartes sur Table
17996,120254,The Presidential
17997,9049,Teenage Mutant Ninja Turtles Game
17998,21563,Avista
17999,3682,Go For The Green
18000,2545,Contigo
18001,200083,UNO: Frozen
18003,99286,Raiding Parties: Golden Age of Piracy
18004,32365,Bailen
18005,212902,Do Eat!
18006,201047,Youtopia: The world of imagination
18008,183665,Squish'Em!: Fantasy
18009,5605,I Think You Think I Think
18010,205604,Tricksters
18011,137358,Mau Mau Extreme
18012,1686,Spy vs Spy
18013,153516,Zombeasts
18014,35674,Arktia
18017,19696,Taverne de la Licorne
18018,17635,Mob City
18020,125832,Pittsburgh 68
18021,365,Tricks
18022,150615,Fanhunter: Las Montañas de la Locura – Electric Boogaloo
18023,165557,Quizduell: Das Spiel
18024,10590,The Big One
18025,4903,Columbo Detective Game
18026,276817,Tetris Speed
18027,21,Gateway to the Stars
18028,3351,Wer ist der Täter?
18031,7186,Weapons & Warriors: Cavalry Attack Set
18036,86040,Koekie Loeren
18037,15121,Exago
18038,197571,Pie Rats of the Carob Bean Farm
18039,3209,Pennant Race
18040,182284,Motto
18041,4069,Don't You Forget It
18043,10917,Don't  Quote Me
18044,144346,Mess Machine
18045,4097,Raise the Roof
18046,130724,Mimikri
18047,180066,Espada Negra: Juego de Mesa – Edición Dormenia
18048,258544,Marble Bobsleigh
18049,156567,Would I Lie to You?
18050,1624,Quest of the Magic Ring
18052,22469,Avatar: The Last Airbender Trading Card Game
18053,232950,Dare to Dream
18054,6395,Combat
18055,2264,Isaac Asimov's Super Quiz
18056,128282,Party & Co Disney
18058,19763,Taboo Quick Draw
18059,6449,"Murder à la carte: Pasta, Passion & Pistols"
18060,8497,Torches & Pitchforks
18061,20525,Knock Out Whist
18062,220642,This Belongs in a Museum
18064,132145,Two Crowns
18065,34383,Kalle Kanalratte
18066,35896,Succesvol slecht zijn
18067,1397,Crash Pilot
18069,12956,FutuRisiKo
18070,136385,Influence
18071,33950,Solo Tower Hack
18072,7031,"Flying Circus: Tactical Aerial Combat, 1915-1918"
18073,10718,The Garden Game
18074,8475,Tempus Draconis
18075,41310,Wiggling Cow
18076,159525,Apocalypse Universe: Galactic Arena
18077,171385,Shuffle My Little Pony
18078,603,Putsch
18079,11955,Waz Baraz
18080,141725,Justice League: Axis of Villains Strategy Game
18081,5067,Lifetime
18082,462,Esels-Rennen
18084,114284,Monopoly: Futurama Collector's Edition
18085,3896,Struggle For The Throne: Star Trek III
18087,241490,Pool Party
18090,7944,Tortuga
18091,16067,Star Wars: Electronic Galactic Battle
18092,2854,Exploration
18094,23389,Les Cabanes de M'sieur Robinson
18096,1537,C&O/B&O
18097,2911,Point-Blank
18098,5156,Crime Solvers
18099,26349,Wojny Napoleonskie
18100,8585,Home Improvement
18101,5799,Mattix
18102,109732,Three Little Pigs
18104,74098,Trivial Pursuit: The 90s
18105,63788,Freecell
18106,332317,Blaze
18107,24779,UNO House Rules
18109,8600,up N dn
18111,4129,Snapshot
18112,145632,NFL Game Day
18114,8725,Red Star/White Star: Tactical Combat in Europe in the 1970's
18116,244691,UNO: Minecraft
18117,152286,Demigods Evolution
18119,129955,Dragi Drache
18120,26687,The Really Nasty Motor Racing Game
18121,1857,Time War: A Game of Time Travel and Conflict
18122,49454,Chicago Gangsters
18123,3356,Musketeers
18125,31585,Piek?o na Pacyfiku
18126,85992,Kaiten Sushi
18127,2143,UNO Hearts
18128,108156,Tante Trudels Trödel
18129,6869,Bethump'd with Words
18131,2625,Das Pferd von Troja
18132,3516,Option
18134,183481,Rackare!
18135,58374,Chelsea
18136,10813,Aya
18137,132785,Monopoly: CityVille
18141,7586,An Enchanting Evening
18142,54743,Scene It? 80s
18143,146309,Kronen für den König
18144,313457,The Dark Village
18145,82037,Chicken Chase
18146,18050,Argue
18147,27863,Lützen
18148,171211,Muertoons
18149,28511,Scene it? Disney Deluxe Edition
18150,41894,Activity professional!
18151,306142,Amigos de Mierda
18153,10915,Simply Suspects
18154,232162,Kitten Casualty
18155,59060,PsychoPet: The Nutty Pet Clinic
18156,40908,Trivial Pursuit: Genus Edition – Bite Size
18157,58672,Hit the Hat
18159,4649,Tower Siege
18160,179975,Secret Santa
18161,9368,Ave Tenebrae
18162,180292,Stingy
18163,6708,Eureka!
18165,214276,Bounce-Off Rock 'N' Rollz!
18166,23656,Chuck-It Chicken!
18169,168390,Set Schnupperspiel
18170,406,Meteo
18172,119472,Konito?
18173,196953,Battle Yahtzee: Alien vs. Predator
18174,152247,Quizmysteriet
18175,154477,Canopy Walk
18176,62637,Viewpoint
18177,11483,Vittoria
18178,220226,Sapphiro
18179,90471,Hippo Hopp
18181,2417,Charge it!
18182,794,Foil
18183,15109,Tegn og gæt
18184,1322,Chip-Chip Hurra
18185,14032,Finders keepers!
18186,41955,Eurooppa Tietopeli
18187,177807,King Arthur
18188,21746,Pionjär
18189,202742,OrgasMe!: Sex turned into a card game
18190,65889,Seven Card Samurai
18191,11751,No Peeking!
18192,237704,Grande y Peludo
18193,218349,Fortresses & Clans
18194,88005,Aguila Roja
18196,16649,Prickly Pile-Up
18201,93275,Conquian
18202,3473,RisiKard!
18203,4025,Lankhmar
18204,14040,¡New Amici!
18205,3107,Mömmen
18207,122711,"""La Garde recule!"""
18208,18163,Balancing Moon
18209,211047,Steal This Game
18210,5089,Harry Potter Halls of Hogwarts
18212,6678,Cube Checkers
18213,154878,Little Dungeon: Turtle Rock
18214,223811,Archmage Origins
18215,176011,Wacky Challenge
18216,153470,Japanese: The Game
18217,37497,Bilekuosi
18218,41783,Hochstapler
18219,5265,Commando
18220,2178,Römer
18222,4248,City States of Arklyrell
18223,3150,Taktvoll
18224,7960,Flags of the World
18225,5851,Quest
18226,48154,Take a Chance
18227,154022,Clairvoyance
18229,6233,Trivial Pursuit: Know-It-All Edition
18230,4431,Chess Race
18231,604,Verrat!
18232,24487,Pirates of the Caribbean Buccaneer
18233,32742,Bookchase
18234,18968,Barbacan
18236,124958,1984: Animal Farm
18237,27387,Bungee
18239,12057,Mini Funny Bunny
18240,1862,Avalon
18241,208,Ex & Hopp
18242,4655,Battle of the Halji
18243,17849,Xochintlan
18244,161743,TacDex: Pirates
18245,131684,Chop Chop
18246,161206,"Pequenas Igrejas, Grandes Negócios"
18247,28444,Chaotic
18248,1654,Double Crossing
18252,14625,Stare! Junior Edition
18255,13460,Obscura Tempora
18256,119500,Wanna Bet?
18257,148115,Dubious Alliance Fantasy Card Trading Game
18259,34091,Trivial Pursuit: Genus (2) Edition (German)
18260,45437,Trivial Pursuit: Best of Genus
18261,43167,The Livestock Market
18263,41152,Out of Sight
18264,1975,Stamp
18266,192696,Orphans & Ashes
18268,7187,Finding Nemo
18269,136,Robin Hood
18270,9272,Jade König
18271,254149,Señor Pepper
18272,16145,Mango Tango
18273,157942,Teratozoic
18274,65559,Take the Cake
18275,179124,Air Alliance
18276,1617,Icebergs
18278,107811,For Fame & Fortune
18279,20781,Café Race
18280,31909,Die Jagd nach dem Gral
18281,7296,Goth: The Game of Horror Trivia
18282,166371,El Luchador Fantastico Grande
18283,39389,Turtle Shells
18284,190737,Star Wars: Star Battle
18285,23456,Trivial Pursuit: Star Wars – Bite Size
18286,197788,Final Boss: The card game
18287,31361,Battleship Torpedo Attack
18288,103811,X Marks the Spot
18290,15991,Jenga Casino
18291,28699,Kryptonim: Lew Morski
18292,7604,Final Fantasy IX Tetra Master Card Game
18293,153496,Azteka
18294,148534,Sauschwer
18295,57276,Crazy Dancing
18296,157294,Cat 10
18297,4849,The Charade Game
18298,173637,Monopoly:  80th Anniversary Edition
18299,37267,I Drank What?
18301,2089,Das Letzte Kamel
18302,1909,Nomadi
18303,18913,Tabu Body Talk
18304,6333,Mighty Warriors
18307,2991,Mandala
18308,6945,Carrier Strike
18310,131477,Burg Klettermax
18312,183478,Ciao!
18313,130388,Hungry Hungry Hipsters
18314,229165,The Open Road
18315,221633,Mascletà
18316,4654,Rigamarole
18317,259310,Sheep Boom Bah
18318,15613,Scruples: Millennium Edition
18319,6582,Let's Do Lunch!
18320,5282,Raise the Titanic
18321,10075,Claim to Fame
18323,185497,Dwarves in Trouble
18325,312951,Alien Puppies
18326,1715,Od
18327,7194,Centipede
18328,9646,Where in the World?
18329,66256,Triplica
18330,1297,Trivial Pursuit: Star Wars Classic Trilogy Collector's Edition
18332,87681,Za Dan
18333,10175,The Wonderful World of Disney Trivia 2: The Sequel
18336,165559,Sau-Bande!
18337,11965,Topminos
18339,166509,Pinocchio: True or False
18340,1232,Saludos Amigos!
18342,4586,Bärenspiel
18344,2935,Tashkent Domino
18346,34866,Crossword
18347,7811,Stranded
18350,165551,Moustache Smash
18351,86174,Arlecchino
18352,203410,Ascended
18353,131499,Counting Fun
18354,241083,City Explorer: Kyoto
18355,21809,Apples to Apples: Bible Edition
18356,36230,Dogfight
18359,129944,Hey Froggy!
18360,224664,La Famiglia
18361,11701,America Triumphant: The Battle of the Bulge
18362,169988,Pancake Pile-Up
18363,14758,Slammer
18364,4299,Battle: The Game of Strategy
18365,3915,Won Over
18366,4340,Combots
18367,13513,Skåål
18368,158053,Henchling
18370,10574,Rock Jocks
18372,246729,450 Things to Do in Your Life
18373,133246,Bop-It Extreme
18374,2383,Blue Line Hockey
18376,114316,Ace of Spies
18378,6230,Snafooey
18379,41995,Monopoly: Star Trek Continuum Edition
18380,2175,Willi Wacker
18381,25642,Kasl
18383,21051,Tooor!
18385,2101,Orbit War
18387,168278,Firefly: Tall Card
18389,191657,Dr. Gomb
18390,185375,Stormweavers
18391,12316,Sky My Husband
18392,93094,Gotcha!
18393,5429,Blurt! Card Game
18394,90930,Witty Pong
18396,106935,Ichigorilla
18397,5679,Mario Party-e
18398,192729,Jump Ship!
18399,6892,Tarawa: Bloody Betio
18401,4297,Dallas: A Game of the Ewing Family
18402,175855,Epic Roll
18403,5819,Star Reporter
18404,193272,Bücherwurm
18405,133557,Red Code
18406,256540,The Brady Bunch Party Game
18407,23293,Räuber
18408,10341,Disney Charades Game
18411,19475,Spingo
18412,1941,Sjörövarön
18413,237572,Butts in Space: The Card Game
18415,7231,Sahara
18416,4152,Scooby-Doo! Expandable Card Game
18417,136856,Simsala Hopp
18418,4999,Jet World
18419,8193,Chainmail
18420,10544,Master Quiz
18421,4221,Quest for the Dragonlords
18422,14001,Speed
18423,6235,The Perilous Parlor Game
18424,248430,Zener
18425,159044,The Hobbit: Enchanted Gold
18426,7982,DeltaVee
18427,5798,United Nations: A Game of World Domination in Our Time
18428,3554,Rich Uncle
18429,2577,Face-it
18434,17005,Bonaparte: the Napoleonic Campaigns
18435,3701,Smear
18436,3863,007 James Bond: Live and Let Die
18438,169782,Noppa-Alias
18440,233565,King Ozo
18441,3089,Bounty Hunter: Shootout at the Saloon
18442,32751,Ghosts
18443,20131,Texas Roll'Em
18444,1242,Cut and Run
18445,5936,Sorry!  Card Game
18446,166567,Sequence Letters
18447,209284,Hamster Clan
18448,35312,Repeat Pete!
18449,2440,The Way
18450,151981,Geared: Build Your Bike
18451,2499,Equate
18453,1093,Jolly Roger
18454,131856,Boom
18456,3848,Ultimate Combat!
18457,27667,RisiKo! Pocket
18458,2746,Asteroid Pirates: A Game of Ship to Ship Combat in the Asteroid Belts
18459,254417,Clickbait
18460,3631,Flinke Flitzer
18461,4257,Crafty Badger
18463,33836,Le Cercle
18465,21577,M is for Mouse
18466,88167,Apples to Apples: Family
18468,146226,Witch Hunt
18469,13392,"Perfidious Albion: Napoleon's (Hypothetical) Invasion of England, 1814"
18470,10291,Ready! Set! Spaghetti!
18471,21374,Napoleon Dynamite: It's Pretty Much My Favorite Animal Game
18472,147039,Larceny
18473,120264,Turista Mundial
18474,10593,Hepta
18475,2147,Vegas
18476,2489,Chaos Tiles
18477,8470,"Pearl Harbor: The War Against Japan, 1941-1945"
18480,204541,Demon Espionage
18481,23576,CooCoo the Rocking Clown!
18482,3698,Clontarf
18483,66852,Neuron
18484,109105,Sparta
18485,24388,Paparazzi
18486,111426,Terra Evolution: Tree of Life
18487,260268,DIG IT UP
18488,12133,"Last Battles: East Prussia, 1945"
18489,32450,Money Lisa
18490,163957,Alien Entity
18492,3626,Demons
18494,6543,WorldKiller: The Game of Planetary Assault
18495,279646,Your Worst Nightmare
18496,85389,Vampire Werewolf Fairies
18497,13917,"Hurtgen Forest: Approach to the Roer, November 1944"
18498,5735,Dragonriders of Pern: The Book Game
18501,37988,Trivial Pursuit: 25th Anniversary Edition
18502,29517,Konkurencja
18503,21465,Crazy Diamond & Karatino
18504,39193,Voll Verladen!
18506,15236,M.I.G. (Mobile Intelligence Games)
18507,312762,The Joker
18508,142194,???????
18510,167827,Butim
18512,3689,Think Alike
18513,131484,Hoppa Galoppa
18514,14174,Monopoly: Chicago
18515,81486,Split Decision
18516,11496,Bastogne
18518,22045,Ditto
18519,266079,Galactiquest
18520,40656,Catch the Mice
18521,121790,Mines of the Sacred Dragon
18522,28755,Die Sprache des Manitu
18523,33418,"Therapy, The Second Session"
18524,182049,Taste of Poland
18525,1640,Blockbusters
18526,3585,Sorcerer: The Game of Magical Conflict
18529,9016,Treasure Hunt
18530,176631,Stratos
18532,16809,Suds
18533,30760,Penguin Soccer
18534,14116,Bad Hollywood
18537,97287,Great Western
18538,117987,Einfach Genial: Das Würfelspiel
18539,2026,Um Kopf und Kragen
18540,1480,Imperator
18541,25271,Das Jagdspiel
18544,187719,The Banner Saga: Warbands
18545,127048,Penny Arcade: Paint The Line ECG – Red Tide
18546,8517,Master and Commander: The Far Side of the World
18548,53279,Wo war's?
18549,9507,Dynamite
18551,39180,Wordquest
18553,65557,Order's Up!
18554,246986,Star Wars Fluxx
18555,20018,Aloha
18556,132357,Sloop
18557,19120,High Stakes Drifter
18558,3633,Sid Meier's Civilization: The Boardgame
18559,64064,Life's a Pitch
18560,2110,No Bluff!
18561,4810,BattleBoard
18562,17869,Heroes of Might & Magic IV Collectible Card & Tile Game
18563,22338,Spin & Trap
18566,107029,Simon Flash
18568,81445,Hyves Ranking Game
18573,9250,UNO Madness
18574,15563,Double Sens
18577,2196,Out of Context
18578,34590,Skoki Narciarskie
18579,6475,3 SPOT game
18580,158747,Knee Jerk
18581,23616,Kakuro Challenge
18582,3233,Ballast
18583,6789,Die grosse Auktion
18584,21622,Monopoly: Simpsons Treehouse of Horror
18586,238825,Cards Against Downtime
18587,8491,Dino Dice
18588,128885,Blockers! The Card Game
18589,1859,Doomtrooper
18590,5304,Basketball Strategy
18592,41958,Mäuse Würfeln
18593,9211,Screwball Scramble
18594,2832,Great Western Railway Game
18595,25986,Scene It? Nick
18596,14034,Autobridge
18597,198549,Give or Take
18598,238883,The Great Tour: European Cities
18599,2066,"Teufel, Teufel!"
18600,27712,Tintenherz
18602,33959,Het Huis Anubis
18603,47258,Soul Hunters
18604,238721,Stumped
18605,41898,Epäillyt
18609,14953,Backpacker
18613,150659,Warage Card Game
18614,283229,I Dissent
18615,31360,Laborigines
18617,9249,När & Fjärran
18618,5272,Hilarium
18619,6132,Kangaroo: The Jumping Game
18621,285699,Mine Deeper
18622,731,Escape from New York
18624,181245,OMG
18625,214427,Hex Casters
18628,28292,Deluxe Weed!
18629,2819,Trivial Pursuit: Genus 5
18630,21555,Rumble in the Jungle
18632,40966,In Love
18633,71899,Gremlins: Gizmo's Great Escape
18635,37127,Uno: 30 Year Anniversary Edition
18636,225653,Castellers!
18637,27663,Junior Cluedo
18638,24977,Es geht seinen Gang
18640,257851,Picnic
18641,13488,Redneck Life
18644,137152,Mucca Pazza
18645,19512,Tintin et le Piège du Totem Dhor
18646,13648,Ligretto 2
18647,74310,Falklands Showdown: The 1982 Anglo-Argentine War
18649,240004,Find the Pickle
18650,22866,UNO: Family Guy
18651,11800,Fantasyland
18652,2190,Star Trek: The Card Game
18653,12289,Rooster Booster
18654,136585,Bejeweled
18656,7318,Bob the Builder: Scoop's Construction Site Game
18657,10949,La Maldición del Templo Cristal
18658,119856,Button Up!
18659,234623,Penguin Brawl: Heroes of Pentarctica
18660,103640,Carré
18661,7097,Go: The International Travel Game
18662,22571,Spit!
18663,653,Shit!
18664,187186,Movies Trivia Game
18665,5789,Bombs Away
18666,121122,The Lost Dutchman
18667,15284,Scavengers Gold
18668,10368,Numbers Up
18669,6426,Kage
18670,33646,Flippin' Frogs
18671,10960,Swärje
18672,13827,UFOs! Fritten aus dem All
18673,175923,Hoagie
18674,24142,Monopoly: Rudolph the Red-Nosed Reindeer
18675,124393,Cavemen Playing With Fire
18676,43799,Coral Sea Solitaire
18677,33125,Blasphemy
18678,176286,A.D.A.P.T.
18680,5465,Space Fleet
18681,90974,Splish Splash!
18682,6675,Madeline
18683,5638,Monopoly Playmaster
18684,32444,Bello
18686,153780,Black Sheep and White Sheep
18688,19552,Universal Fighting System: Penny Arcade
18689,2581,Kismet
18690,4260,Odyssey: The Gods Clash
18691,22268,Asterix & Obelix
18692,2450,Deuce
18694,13154,Monopoly: Popular Edition
18695,9808,Solotaire
18697,138091,Guile
18698,36299,Indiana Jones Akator Temple Race Game
18699,8477,"10-Four, Good Buddy"
18700,934,Die Kette von Saba
18703,942,Snail's Pace
18704,6702,Battlecards: World Conflict – The Russian Front – Starter Set
18705,126463,Spectrix
18706,16440,The Alley Cats Game
18707,4185,B.S.: The Game of Being Sneaky
18708,6383,Life Style
18709,564,Die Seidenstraße
18710,137244,Monopoly Hotels
18711,32194,Saba: Palast der Königin
18712,108100,Total Mania
18713,2102,Project CIA: The Secret Formula
18714,1136,Domain: The Warlock's Challenge
18715,5678,Thieves Guild
18716,3668,Tribbles Customizable Card Game
18717,163724,My Monopoly
18718,113312,Grill Party
18719,15396,Linkity
18720,168236,My Little Pony Rainbow Magic Game
18722,32495,Murder City
18723,24443,Idol Quest
18725,195195,Monster Rejects
18726,95115,Sopio
18727,1368,Tuf
18728,200792,All Hands On Deck
18731,28861,Kingdom Quest
18732,169256,Hoverkraft
18733,28053,Tunnelz
18734,22122,Fleeced!
18735,183888,Star Wars Death Star Boom Boom Balloon
18738,252374,FReNeTiC
18739,721,Oregon Trail
18742,91664,Auf die Birne
18743,223034,Dungeon Hustle
18744,11138,Tank Command
18745,169077,Medicine Whoops
18746,56409,Activity Travel
18747,4634,Warhammer Warriors: Kal Jerico
18749,617,Alles Futsch
18750,2845,Star Fist
18751,169714,The Game of Life: My Little Pony
18753,10033,Monopoly: Las Vegas
18755,171626,Lotti Karotti: Das Hasenrennen
18756,10104,Take 5
18757,38464,Crash by Crash
18758,19530,Toot and Otto
18759,2186,Dino
18760,2784,Plague!
18762,165578,Astro Jam
18763,124758,Famous Forehand: The World's Smallest Tennis Game
18766,36777,Showtime Hanoi
18767,21209,Thin Ice
18770,2749,The American Civil War
18771,181263,Falling Coin
18773,4383,Oskar
18774,207713,The Lords of Rock: Mosh Pit
18775,103687,Lamborghini: The Official Race Game
18776,3319,Neutreeko
18777,10565,Fits
18779,6883,Cthulhu Mash
18781,6840,Teams of Enemies
18782,188968,Bacon Wars
18783,57702,Monopoly: Family Game Night Championship Edition
18784,5449,Planet Hollywood: The Game
18785,2148,Huzzah!
18786,9415,Microdot
18788,16130,Trivial Pursuit Junior: Fourth Edition
18789,204142,Cheers
18791,26516,Boxers or Briefs?
18792,5882,Europe Aflame
18793,180940,Top Face!
18794,90467,Monsta
18796,2140,Eldorado
18800,288920,H?i Ph?
18801,47462,Killer Bunnies and the Quest for the Magic Carrot: Remix
18802,471,Totem
18803,36905,Eesti mälumäng
18804,124589,Flame War
18805,2871,Kookaburra Game
18806,91448,Scene It? Comedy Movies
18807,35023,The Origin of Expressions
18810,4560,Fast 111's
18811,141594,Fleet Admiral
18814,4441,PornStar
18815,2650,Infection
18816,89620,Monopoly: Canada (Electronic Banking)
18817,110525,Sagaland Mitbringspiel
18818,63897,Shave a Sheep
18819,87871,Bra$ilis
18821,169463,The Princess Bride: Miracle Pill
18822,8400,Travel Buff
18823,18164,Black Cannon
18824,155327,Stand & Deliver
18826,180746,Los Viajes del Capitán Foucault
18828,7334,Knockout
18829,2404,Sorcerer King
18830,192801,Among Us
18831,1672,Open Fire: Solitaire Tank Combat in WWII
18832,162071,Vaults
18833,42368,Inquisitio
18834,83658,??????
18835,11047,Barbarossa: Game of the Russo-German War 1941-45
18836,21513,Hercules: The Legendary Journeys Trading Card Game
18837,33406,Who Am I?
18838,94958,Drôles de petites bêtes Domino
18839,5688,Trolls in the Pantry
18840,3434,Golden Deuce
18841,8560,Make 5
18842,32996,Yucatán
18843,4508,Warchon
18845,6630,Intercept: The Electronic Search and Destroy Game
18846,5715,Petropolis
18847,3566,Thinking Man's Football
18848,22379,aBRIDGEd
18850,41190,At Full Throttle
18851,4175,Diskwars: Legend of the Five Rings
18852,7912,Sand Castles
18853,17785,Seti
18856,65197,Le Marché de Samarkand
18857,195,NASCAR Champions
18861,3203,Contack
18865,37490,"Lumps, the Game of Big Rolls and Smart Holds"
18866,191133,Monopoly: Here & Now World Edition
18867,107583,Ding!
18868,181153,Butts away! Heroes
18869,11115,Saipan
18870,2858,Mathable
18871,7329,Neopets: Adventures in Neopia
18872,266092,MonsterSlap
18873,136286,Star Wars: Bounty Hunter – Das Würfelspiel
18874,8847,Jargon
18875,22595,Axis of Evil: A Strategic Wargame
18876,32464,Sorry! The Simpsons Edition
18877,3501,Fantasy
18878,189833,Monopoly: Cthulhu
18879,5616,James Bond Secret Agent 007 Game
18880,4897,Shake Up
18881,34785,Murder Mystery Mansion
18882,4119,Challenge Yahtzee
18883,144066,Family Feud Strikeout Card Game
18884,161720,Rumplestiltskin!
18885,150216,QuickWits
18886,9594,Double-Play Baseball
18887,42380,Linwood
18888,206508,Disney Tsum Tsum Bubble Fever
18889,6710,Luck Plus
18890,3909,Pirate's Treasure
18891,4319,Zeppelin
18893,6977,Mission Command Land
18894,158256,Last One Lost
18897,10578,Super 3
18898,1193,The Bottom Line
18899,103844,Castle Dash
18900,288361,Clash of Vikings
18901,3016,"Stand & Die: The Battle of Borodino, 1941"
18902,2550,Snarf Quest
18903,205865,Naova
18904,2626,Das Phantom
18905,3371,September
18906,5530,Burger Battle
18907,155912,Monopoly: Marvel Comics Collectors Edition
18908,107938,Dicecapades! Kerfuffle!
18909,17166,Clout Fantasy
18910,147685,Hook!
18911,9251,Whot
18914,203083,"Zombies, Run! The Board Game"
18916,145963,Wetland
18917,30239,Der Goldene Kompass
18919,1006,Die Erbraffer
18920,58396,20000 Mijlen onder zee
18921,6949,Garfield
18922,151367,Heads Up! Party Game
18924,87280,Danse Macabre
18926,169755,Woof Meow Biscuits
18927,29268,Party & Co: Junior
18928,136588,Bejeweled Frenzy
18930,149323,Yahtzee Steal the Deal
18931,240135,Catch the Fox
18932,1994,Distant Seas: The Merchant Marine Game
18933,34974,Pasapalabra
18934,12274,Bloody Legacy
18935,13106,Dad's Army
18936,1657,Space Pigs
18937,165470,100!
18941,10306,King Kong
18942,4325,Conflict
18946,8319,Sixth Fleet: US/Soviet Naval Operations in the Mediterranean in the 1970's
18948,88996,Bag-O-Loot
18949,2336,S.P.I.V.'s
18950,174927,Masterline
18952,170927,Kortslutning
18953,24522,Suspect
18955,10769,Herzlos
18956,1473,Barbarians: 70 BC - 260 AD
18957,124833,Tentacle Bento
18958,41095,Clue: Secrets & Spies
18959,33845,Nibble Nibble
18960,32685,Warriors of the Promised Land
18962,283544,25 Outlaws
18963,128180,Farkle Flip
18964,165414,Dudab
18967,144337,Doodle Jump
18968,2139,The X-Files Collectible Card Game
18969,26578,Tumbling Tower: Rainbow!
18970,7837,Drago Mago
18971,9621,Battle for the Galaxy: Zylatron
18972,218722,5 Second Rule: Uncensored
18973,151220,Monopolino
18975,3525,Act One
18977,408,Zoon
18978,9959,WCW Nitro Trading Card Game
18979,207167,Monopoly: Ultimate Banking
18980,39431,Name Chase: Historical Figures Edition
18981,30335,Murdero
18983,4790,Trivial Pursuit: Volume II
18984,4502,König der Maulwürfel
18985,23228,Evo
18987,186185,Aladdin's Flying Carpet
18988,12420,Throw 'n Go Jenga
18991,12162,UNO Blitzo
18992,8998,Taboo Junior
18994,3273,Cat Attack
18995,10570,To the Far Shore
18996,1414,Decathlon
18997,192225,Pickle Letter
18998,174468,Guess Who? Shuffle
19000,18499,Fuldrigger
19001,63217,Scabs `N` Guts
19002,3884,Mana Burn
19003,25270,Stop & Go
19004,572,Battle Cattle
19005,104770,Monopoly: Crazy Cash
19006,24627,Star Wars Miniatures: Starship Battles
19007,8247,Hoppla Lama
19008,12683,Cookin' Cookies
19009,6874,Müller & Sohn
19010,3080,RSVP
19011,10688,Advanced Dungeons & Dragons Battlesystem Skirmishes
19012,4405,The Big Deal
19014,34745,Battleship Express
19015,5527,Memo Street
19016,684,Monopoly: The Card Game
19017,3314,Lügenbeutel
19019,130470,Marauders
19020,146151,Käse Würfeln
19021,947,Trivia for Dummies
19022,147523,Risk: Battlefield Rogue
19023,15195,Monopoly: X-Men
19026,110434,Farkle Frenzy
19027,30334,Fort Boyard
19028,136092,Blitzed!
19032,24706,Where is Moldova?
19033,180257,Molecular: The Strategic Chemistry Tile Game
19034,43042,Black Stories Junior: Blue Stories
19035,42542,Monopoly: Seinfeld Collector's Edition
19038,7156,UNO: Hello Kitty
19039,18399,Fan Tan
19040,169045,Star Wars Galactic Dice Game
19041,9633,Barbie Queen of the Prom Game
19042,13262,Spider & Fly
19043,12976,The Mutiny on Little Blue
19044,13115,Taki
19045,3514,Game of Knowledge
19047,140153,T.E.G. Cartas
19056,10345,Safari Round Up
19057,5621,Bleeding Sherwood
19058,190409,Star Wars: Duels Card Game
19061,17580,Koffer packen
19062,72482,Heroes of Graxia
19063,762,Formula C Minus
19064,157352,Doom and Bloom SURVIVAL!
19065,22802,Pandabo
19066,40871,Crunch: The Game for Utter Bankers
19067,15830,Scene It? Disney
19069,11408,Monopoly: United States Navy
19070,181246,Crazy Bullets
19072,177633,Ciak! Il gioco di carte
19074,595,Escape from Elba
19075,1306,Krakatoa
19076,144374,Once Upon a Time... Life
19077,1998,Tutankhamen's Revenge
19078,22254,Narnia Risk Junior
19079,192904,Destroy BCN!
19080,149324,Escape from Sunset Island:  Zombie Apocalypse Simulator
19081,154889,Toasted or Roasted
19082,3298,Schleck und weg!!
19084,9508,Golden Trivia Game: M*A*S*H Edition
19085,13916,Mr & Mrs
19089,24743,Machina
19090,15806,Knowing Me Knowing You
19091,133423,Rocket Game
19093,6620,Den of Thieves
19094,4866,Park and Shop
19095,161553,Drecksause
19096,116596,Fruit Ninja Card Game
19097,1303,The Squirrel Game
19098,9929,Touch and Go
19102,4073,Malarky Card Game
19103,5689,Squelch!
19104,6647,Ökolopoly
19106,24379,Celebrity Head
19108,15031,Jochen der Rochen
19110,2572,Quicksand
19111,67486,Bubble Talk
19113,198147,Awful Fantasy: The Card Game
19117,10152,Super Simon
19118,182062,Movie Buff
19119,15090,Scrabble Dice
19120,5026,Don't Wake the Dragon!
19121,13879,Scene it? Jr.
19122,192353,Spooky Castle
19123,51505,Seinfeld Trivia Game
19125,28834,Heli Hopper
19126,6681,Back Off! Buzzard
19127,167589,Cut the Rope: The Card Game
19128,254494,Dodoresque
19129,10511,Gute Freunde
19130,181616,8-28
19131,1450,Jagd der Vampire
19132,34825,4-mation
19133,171547,Tornado Ellie
19134,7549,Stone Soup
19135,4885,Chicken Out
19136,4081,Nick at Nite Classic TV Trivia Game
19137,15455,Värsta Språket
19138,535,Power Barons
19141,23200,Dylan Dog
19143,193049,Mau Mau!!
19144,50912,NichtLustig: Labor Chaos
19145,34277,Gisborne: Die ersten Kartographen
19146,89222,Bloodsuckers
19149,71837,The Hunger Games: Training Days
19150,189969,Orange Quest
19151,261307,5 Second Rule Jr.
19152,235695,Frontier: The Card Game
19154,3189,BAS-KET
19156,7631,The Game of Sniglets
19158,267030,The Singaporean Dream
19159,40559,Trivial Pursuit: Family
19160,3271,Battlesuit
19162,40386,Disney Club Penguin Trading Card Game
19163,2314,Off to the Tower
19164,12544,Dungeons & Dragons Adventure Game: Diablo II Edition
19165,101519,Rise or Fall
19166,14696,The Horse Race Game
19169,135492,Minderheiten-Quartett
19170,26986,Retro
19172,4952,"Trivial Pursuit: TV Edition – 4,800 Questions and Answers"
19174,24754,Sneaks
19175,11585,Sum Swamp
19179,139975,Twisted Farkel
19180,858,Blindes Huhn
19181,1542,Calamity!
19182,43231,Balance of Power
19183,8177,UNO: Spider-Man
19184,36615,The Game of Life: Indiana Jones
19185,4353,Vector 3
19186,171447,Bad Bunnies
19187,78436,Apples to Apples Mod
19188,3762,Mister Diamond
19189,2492,Doctor Faust
19190,3673,Hot Spot
19191,13972,Party & Co
19192,214343,Fantastic Gymnastics
19193,2430,Phlounder
19195,28063,Het goud van de Farao
19196,166661,Paititi
19197,2664,Push Over
19198,19062,CardChess
19199,5666,Strolling Bowling
19202,240130,Rubik's Battle
19205,33497,Celtyckie Miecze
19206,12912,Monopoly: Golf
19207,164542,Expeditie Robinson
19209,125013,Next!
19210,22801,Rapido
19211,15819,Snifty Snakes
19212,9174,Leonardo
19213,89915,Top & Down
19214,19447,WWE DVD Board Game
19215,1937,Lao Pengh
19216,22380,CSI: Senses
19217,27552,Élve fogd el
19218,119165,Serpent Stones
19219,206681,Space Base Mutiny
19220,188129,Heroes and Tricks
19221,185195,Urbis
19222,1221,Crossed Wires
19225,14374,Monster Match
19226,2391,Risky Strategy
19227,4310,Sting
19228,40433,Crazy Old Fish War
19229,190685,We Detectives
19230,997,Canaletto
19231,9578,Goosebumps: One Day at Horrorland Game
19232,7471,Breaking Point
19234,1063,Schraumen
19235,14617,Mikado Magnetico
19236,3232,Fraggle Rock
19237,31069,Medievalia
19240,954,Pony Express
19241,26563,Upturn
19242,1099,Downspin
19243,129053,Meins!
19244,2193,Food Fight
19245,13052,Missionary: Impossible
19246,256375,Star Wars: I've Got a Bad Feeling About This!
19247,3842,Wing Commander
19248,1641,Bounty
19249,154642,Cinelinx: A Card Game For People Who Love Movies
19252,325413,ONE
19253,242289,Cat Chaos Card Game: Celebrity Edition
19254,29019,Gildia
19256,269573,Dracarys Dice
19261,14347,UNO: Disney Princess
19262,14422,Pride and Prejudice: The Game
19263,4519,Yum
19264,5302,SPI Baseball
19265,4486,Dragonslayer
19266,98857,White Elephant
19267,32684,Scene It? Pirates of the Caribbean
19268,11052,BRIDG-IT
19269,167850,Zombie Mania!
19272,28301,Trivial Pursuit: Music Edition 1990-Now – Bite-size
19273,32702,Foodie Fight
19275,63899,Magma Monster
19278,5433,The Crocodile Hunter Game
19279,12491,UNO: Disney
19280,1398,Chicago
19281,5347,Edge City
19282,58375,Eine gegen Eine
19283,38860,Switch: Secrets of the Temple
19285,75762,ego: love
19287,148628,Age of Soccer
19288,102965,Agent Doppelnull
19289,141250,Pirackie Skarby
19291,4577,Hollywood Squares
19292,62478,Mâamut
19293,6886,Capital Adventure
19295,158771,Hogger Logger
19296,9639,Aladdin: The Magic Carpet Game
19298,5209,Rondo
19300,2326,Pirate and Traveler
19301,26778,Machina II: Prze?adowanie
19302,40236,A Conclave of Wyrms
19304,5204,Dimension Demons
19305,4797,Guinness Game of World Records
19308,80935,L'Aventure c'est dur
19309,252544,Dice Summoners
19310,8484,Xena Warrior Princess: The Board Game
19311,26122,Monopoly: Spanish
19316,35262,Monopoly: Here & Now Electronic Banking
19318,33599,Der schwarze Pirat: Das Duell
19320,89931,Frog Rush
19321,158343,Hand Made Wonders
19322,18063,Goldrush
19323,4788,Quad-Ominos
19324,808,Pipeline: The Oil Game
19325,4042,Dweebs Geeks & Weirdos
19326,264714,The Game of Life: Quarter-Life Crisis
19327,32683,Scene It? Harry Potter Second Edition
19328,23812,Drachenjäger von Xorlosch
19330,162915,8 the Liar
19332,33614,Adventurer: Card Game
19334,147112,Monopoly: My Little Pony
19335,109252,Creature Clash! Card Game
19336,36650,Quick
19337,225313,Spoilers: The Beginning
19339,37168,El Palé
19340,36236,Living Labyrinth
19342,107435,Campbell's Alphabet Dice Game
19344,40507,Skip-Bo Junior
19345,32431,Altamira
19346,188576,GG
19347,1200,Sagarian
19349,11563,Forgotten Axis: The Finnish Campaign
19350,257880,The Golden Girls: Any Way you Slice it
19351,9583,UNO: SpongeBob SquarePants
19352,9188,SPI Football
19353,162571,PBL Robots
19355,180975,Crimson Creek
19357,206851,Kivi
19358,9357,East Wind Rain: The War in the Pacific 1941-1945
19360,2406,Whosit?
19362,154009,Mondo: Der rasante Legespaß
19363,246,Politika
19364,2649,Spider Wars
19365,4561,Carrera de Mente
19366,5244,Star Wars: Destroy Death Star Game
19367,86443,Color-A-Do
19368,33701,Wahoo
19369,298,Lang lebe der König!
19370,43233,Nmbrs!
19372,10999,Abracadabra
19374,2068,Der Herr der Wichtel
19377,676,Ninja Wars
19378,6839,The Bionic Woman
19379,15791,Alerta Roja
19380,3324,Railroader
19381,32107,Cro-Magnon
19382,8429,Combat Command: Tactical Armored Warfare
19384,239074,Color Smash
19385,35468,On Top
19386,663,Siege
19387,137201,Epic Death!
19388,18464,White Rabbit
19389,64438,Uno Tippo
19390,55820,Santa Timea
19391,3253,Perpetual Notion
19393,8038,Eagles of the Empire: Napoleon in the Desert
19396,12030,WWF Wrestling Challenge
19397,9785,Twelve Caesars
19398,287741,The Furglars
19400,8806,Trivial Pursuit: All American Edition
19401,21967,Trivial Pursuit for Kids
19402,5121,Knock Out
19403,5810,Trivial Pursuit: Warner Bros. All Family Edition
19404,67712,Susume!! Kaizoku-san
19405,297,Stadens Nyckel
19406,15542,Orangino
19408,25469,SchreckLicht
19409,675,4th Dimension
19410,13169,My First Rummikub
19411,215532,Misantropia
19413,95589,Bad Grandmas
19415,19425,Daemonibus
19417,4443,Am Rande des Gletschers
19418,10090,Turmbau zu Babel
19419,273933,Techlandia
19420,35658,Malta Convoy: Operation Pedestal
19421,19991,London 1888
19422,39,Darkover
19423,11883,Trivial Pursuit: Volume 6
19424,6386,Nibelungen
19425,253048,Legends of Signum: Battle for Vallor
19426,22501,See Sek
19427,3919,Chute-5
19429,182380,Robogem
19430,134615,Zogar's Gaze
19431,10599,Tempest of the Gods
19433,29010,Walk the Plank
19435,2370,Cows Can't Dance (But They Like to Be Asked!)
19436,27374,Europareise
19437,325628,?????????? ????????????? (Medieval Suffering)
19438,2074,Murphy
19439,328,Damn the Torpedoes!
19440,13384,Election USA
19441,26017,Space Checkers
19444,172257,ZomBee
19445,10612,Schampus
19446,157083,Dragon Valley
19447,3342,Soccerama
19448,139769,Robotech RPG Tactics
19449,147423,Jumping Jack
19450,14360,Trivial Pursuit: Star Wars – Episode I
19452,137014,Professor Tempus
19453,8100,Frik
19454,2724,Apache: A Game of the Old West
19455,4976,Derby Days
19456,266031,Meme: The Game – Disney Edition
19457,66590,Just4Fun Colours
19458,2925,The Dukes of Hazzard Game
19460,8088,Scrabble Rebus
19461,88554,MythBusters: The Game
19462,11573,Celebrity Taboo
19463,18812,"Ship, Captain, and Crew"
19464,19381,Quest Cards
19465,1259,Pivot
19466,10432,Hercules: The Legendary Journeys
19467,174065,Pan tu nie sta?! Demoludy
19468,85562,LineUp
19469,1973,Outburst Junior
19470,170190,Time Jockeys
19471,3941,Dragonriders of Pern
19472,74936,War Cards
19473,8448,Bible Challenge
19474,25455,Mercante in Fiera
19476,97824,Sanitarium
19477,4745,Battlecards: World Conflict – Western European Campaign – Starter Set
19478,39276,Casino Hot Dog
19479,16262,Race
19481,6661,Corda
19482,914,Battle Platform Antilles
19484,195696,Magicka Mayhem: The Card Game
19485,3533,Arena of Death: Heroic Combat in the Fantasy World of DragonQuest
19486,31421,Skräll
19487,118315,Ruse
19490,5108,The Disneyland Game
19491,9426,Long Cours
19492,12453,Atmosfear: The DVD Board Game
19494,57239,Locale
19495,38678,Novem
19496,99254,Monopoly: The Lord of the Rings Collectors Edition
19497,2517,Ulcers
19498,5841,Quick Wit
19501,3030,Baggage Claim
19502,1636,The Quest of the Philosopher's Stone
19503,9293,Turbulent Top
19505,31235,The Witcher
19507,4326,Virus & Co
19508,5609,Oxford Dilemma
19509,155465,Peasant Buffet
19510,19914,Hexxagon
19511,237213,Rhino Hero: Active Kids
19512,6524,VH1 Pop Up Video Game
19513,1752,Haps
19514,24009,Battleship Command: Pirates of the Caribbean
19515,6963,Monopoly: Scooby-Doo! Fright Fest
19516,12624,Trivial Pursuit: 10th Anniversary
19517,8349,Farm Families
19519,19000,Marvel Trivia Game
19521,65134,Sorry! Revenge Card Game
19522,172707,Z First Impact: Opus 1 Chapter 1
19523,5564,Oh What a Mountain!
19524,67364,3D Tic Tac Toe
19525,156118,The Red Dragon's Lair
19526,206410,Nothing To Declare
19527,152724,Are You Normal?
19529,121471,Banditos
19530,220741,Yummy Yummy Pancake
19531,89927,Ramses Return
19532,201842,Cup of Bluff
19533,4912,G.I. Joe Adventure Board Game
19534,87929,Ninjago
19535,149069,The Great Snowball Battle
19536,4893,The Real Ghostbusters Game
19537,11784,Instant Recall
19538,172580,"The Vampire, the Elf & the Cthulhu"
19539,4181,Tri-Trac
19540,8210,Monopoly: The Wizard of Oz – Collector's Edition
19541,230995,Deadland
19542,4267,Jaunty Jalopies
19543,8618,This Vs That
19544,28508,Loaded Questions: Adult Version
19545,9706,Tis The Season: Christmas Trivia
19546,6513,Don't Panic!
19547,22289,Geni!
19548,31315,Brin de Jasette
19549,209551,Zombergeek
19550,31848,Wall Street
19551,600,Die Weinhändler
19552,58339,Amos Daragon
19553,1084,Das Gold der Maya
19556,61470,Phase 10 Master
19558,58713,Lübeck
19560,11393,Tummy Ache
19562,23025,Shoot Out
19563,4034,Triazzle
19564,21705,Scene It? Friends
19565,5084,Berzerk
19566,5361,Doubletrack
19567,2311,Wild Life
19569,15182,Destination London
19570,7864,Wildside
19571,2357,Nizza
19573,246345,Ninja Rush
19574,64706,Monopoly Free Parking Mini Game
19576,110598,Isegrim
19577,14342,Scene It? TV
19578,15354,Race Around Britain!
19579,11641,Lemony Snicket's A Series of Unfortunate Events: The Catastrophic Card Game
19580,1391,Aura Poku
19581,23257,Antarctica
19583,2821,UNO Stacko
19585,19842,Alpen Roulette
19586,156930,Pizza XXL
19587,6965,Monopoly: Muppets
19588,32922,Camper Tour
19589,6958,Monopoly: Justice League of America
19590,8619,Pictionary: Bible
19591,180654,Zombie Road Trip
19593,13126,Tetris Tower 3D
19594,11642,Harry Potter Hogwarts Dueling Club Game
19595,275,Extinction
19596,38227,Wolsung: The Boardgame
19598,55279,Ergo
19599,94073,Hit the Deck
19600,157979,Tau Ceti: Planetary Crisis
19601,169502,Firefly: Fistful of Credits
19603,207670,Nectar
19604,4558,Take Off!
19607,4904,Wicket The Ewok
19608,1056,Piratenpoker
19609,1802,Zwickern
19610,13412,What's in Ned's Head?
19611,316927,Sweet Existence: A Strange Planet Card Game
19612,168005,Alien Invasion
19613,10303,F*ck This!
19614,3255,Cash Flow
19615,10270,Media Mogul
19616,13478,StrataGem
19617,19616,Monopoly: Vintage Game Collection
19618,304021,Lost in Valhalla
19619,605,Banana Republic
19621,8691,The Top 10 Game
19623,207917,Scandinavia and the World: A Heap of Trouble
19624,27584,Schafe Schnappen
19625,4433,Acrobats
19627,246015,Hearing Things
19628,178569,CatTube Famous
19629,3302,Machu Picchu
19630,3020,Monopoly: Looney Tunes
19631,10582,Who Wants to Be a Millionaire Junior
19632,243093,5 Second Rule Mini Game
19633,3268,Bunker Poker
19634,674,J.U.M.P. Into the Unknown
19635,2962,Inner Circle
19637,10282,Masters of the Universe 3-D Action Game
19638,11262,Monopoly: NFL Official
19639,22342,Amazones
19641,6232,Market Day
19642,2306,Bewitched
19643,149328,Trivial Pursuit: Party
19644,282080,Posing Pandas
19645,16191,War II
19646,4374,Crosstrack
19647,141059,Shelby's Snack Shack Game
19648,3650,The Twilight War
19650,172506,Speed Snacks
19651,3622,eBay: The Card Game
19652,2348,Lotus
19657,4736,Armor Supremacy
19658,5794,Landyland
19659,852,Pop Belly
19660,89926,Sunblock
19661,43043,Black Stories Junior: Green Stories
19662,7611,Differix
19663,26134,Die Drachenbändiger von Zavandor
19665,197068,Trick-Taking: The Trick-Taking Game
19666,32224,4th Corner
19667,51512,Super WHY ABC Letter Game
19668,331666,Zola
19669,246398,Exploding Kittens: Newbie Edition
19670,175730,Surviving: One month in
19675,2840,Heuchel und Meuchel
19676,156648,Blood of the Werewolf
19677,11673,Spanish Civil War Battles: Vol. 2 – Guadalajara & Penarroya
19679,286309,UNO Dice Game
19680,1156,Bram Stoker's Dracula: The Board Game
19681,62854,Humpty Dumpty's Wall Game
19682,5646,Stap op
19684,4280,Starleader: Assault! – A Futuristic Man-To-Man Combat Game
19685,773,Beim Zeus!
19686,400,Shanghai
19687,10626,Pacific War Classics Vol 1: Tarawa & Saipan
19688,209378,Totem
19689,98371,Jolly Octopus
19690,7235,Interstellar Wars
19691,3205,Da geht was ab im Morgenland
19692,6712,Monopoly: Coca-Cola Collector's Edition
19693,170054,Accentuate
19694,65581,Hamunaptra: Aventures dans la Grande Pyramide
19695,9234,My Word
19696,131164,Barbeque Party
19697,3451,Coffee!
19698,26522,High School Drama!
19699,2463,Scavenger Hunt
19700,1105,Titus
19702,5617,Bionic Crisis
19703,7999,Airlines: United States Set 2
19704,5585,UNO: Harry Potter
19705,189520,Politisk ukorrekt
19706,25248,Dragon
19707,6563,Sweet Valley High
19708,26729,Blanko
19709,5742,Escape from Colditz Castle
19710,50458,Billy Biber
19711,149611,Greedy Wizards
19713,95128,Startup Fever
19714,2750,Imaginiff
19716,11822,The All Canadian Trivia Board Game
19717,22923,Dragon Stripes
19718,232944,Where in the World is Carmen Sandiego? Card Game
19719,4381,Back to Iraq
19720,202726,Suicidium
19721,145621,Mad QUAO
19723,161928,Utter Nonsense
19725,197435,Santa VS Jesus
19726,188930,Tue Fourre Marie... et pire encore!
19727,30820,Wind & Wetter
19728,140829,Hunter's Guild: The Vampire Forest
19729,5427,TriBond Card Game
19730,103191,Pergamemnon
19734,22445,Guru
19735,8256,LEGO Constructionary Game
19736,9406,The Simpsons: Don't Have A Cow Dice Game
19737,1184,Zug nach Westen
19738,3090,Doctor Who: The Game of Time & Space
19740,62633,Undercover in Europa
19741,109932,Miskatonic School for Girls
19743,7331,Rum Rebellion
19746,152867,Unita
19747,26089,Dschingis Khan: Bewegung an der Großen Mauer
19748,31294,Dead End
19749,41646,Sushi Roll!
19750,3629,Start Your Own Riot!
19751,290506,Finity
19753,5540,Höhlengrölen
19754,124960,3012
19755,89569,Uskoci: A Card Game of Croatian Pirates
19756,32794,Disney Pictionary DVD Game
19757,12819,The Dinosaur Game: Survival or Extinction
19759,1534,Jump!
19761,3329,Hans Dampf
19762,2429,Barnabas Collins Dark Shadows Game
19763,5208,Six Cubes
19764,134477,Temple Run: Speed Sprint Card Game
19765,1299,Trivial Pursuit: Genus IV
19766,5961,Battle for Basra
19767,26700,Monopoly: Dutch Edition
19768,175879,Ruddy Vikings
19769,249816,Taco vs. Burrito
19770,5804,Marvel Trivia Game
19771,154085,How to Human
19772,136554,Rock Me Archimedes
19773,39898,Word Pirates!
19774,36415,90°
19775,151005,Wands
19776,556,7 Safari
19777,14314,Deus Vult!
19778,1946,Ali Baba
19779,39252,Hexus
19783,12637,X-Men: Crisis in the Danger Room
19784,11561,Forgotten Axis: Murmansk 1941
19785,3214,Avalon Hill Game Company's Game of Trivia
19786,184044,Cul-De-Sac Conquest
19788,127,Princess Ryan's Star Marines
19790,24125,Gangster
19792,107056,Ninjutsu: Battle of the Ninjas
19793,2075,Restaurant
19795,167669,The Best of TV and Movies
19796,46147,???????
19799,9227,Weed!
19800,7610,Fowl Play
19801,1714,Moonstar
19802,2788,First to Reverse
19804,3846,Ghostly Galleon
19805,42920,UNO Moo!
19806,22354,Dagon contra el Hechicero de los Reinos Negros
19807,797,Flucht aus Mangrovia
19808,183868,Awkward Turtle
19809,138195,City Blocks
19811,24151,Skullduggery
19812,20096,Toru
19813,5430,Best of TriBond
19814,174988,4 en Letras
19815,98203,Redakai
19816,13951,Guess Where?
19817,11635,Harry Potter and the Chamber of Secrets Trivia Game
19818,3486,Bataclan
19820,167465,Laser Cat Attack!
19821,3524,Geeks: The Convention
19822,38950,Halma
19823,9115,Questo Gioco del Calcio
19825,8254,Balance
19826,11714,Bunte Vögel
19828,265832,WTF?
19830,10419,Adversity
19832,160273,Virus the Card Game
19834,97888,Monopoly: Doctor Who
19835,9541,The Addams Family Family Reunion Game
19837,8970,Herd Your Horses!
19839,66499,Roope-Setä Liikemiespeli
19840,120579,Spuzzle
19841,16158,Wangaratta
19842,4922,Clever Endeavor
19843,11556,Money Bags
19844,33623,Larry
19845,38154,Electronic Pictionary Man
19846,15380,The Game of CHIPS
19847,120268,Monsters & Maidens
19850,2549,Top Hats
19851,84514,Monty Python's Really Silly Board Game
19852,41186,Monopoly City
19853,4404,Gold!
19854,34173,"Si, Oscuro Padrino!"
19856,28860,Totem Land
19857,5512,Fighting Fantasy Battle Cards
19858,177502,Monopoly: Marvel Avengers
19859,195545,Oppai Go!
19860,3687,Picture Pursuit
19861,12424,Daring Eagle
19862,11938,The Dukes of Hazzard Card Game
19863,10575,Lightning Reaction
19864,7713,Dingo
19865,13239,Dragon Master
19866,69275,Yakari Wettlaufspiel
19867,2295,Astérix et les Romains
19868,1625,Pokémon Jr. Adventure Game: Pokémon Emergency!
19869,27468,Book of Mormon Battles
19870,20224,Geld & Börse
19871,8654,Grand Prix
19872,11530,Don't Be A Dork: The Ultimate Party Adventure Game!
19873,179876,Jailbreakers: Plan Your Escape
19874,13165,Owzthat
19875,1610,The Worlds of Boris Vallejo
19876,32601,Rubik's Revolution
19878,165294,"Zobmondo!! Would You Rather...? twisted, sick and wrong"
19879,230976,Bard Saga
19882,39552,GoLong Football Dice Game
19883,25754,Wildlife DVD Boardgame
19884,35877,Piston Cup
19885,1638,Archimedes
19886,6412,Humm...ble
19887,18828,Monopoly: Singapore
19888,8191,Snail Race
19889,181471,Catan: Chocolate Edition
19890,32369,Mind Twist
19891,496,Dilemma
19892,1626,Krull
19894,230768,Out of the Woods
19896,35499,Fight Klub
19897,9547,Are You Afraid of the Dark?
19898,13989,Mad About Movies!
19899,39778,Big Brain Academy Cardgame
19900,5885,Meschugge
19901,66276,Awans: Zosta? Marsza?kiem Polski
19902,57422,Climate-Poker
19903,24323,Yahtzee Turbo
19904,13817,Monopoly: 1935 Commemorative Edition
19905,8321,Beirut ‘82: Arab Stalingrad
19906,7715,Porca Miseria
19907,3427,Blockhead!
19909,186212,Win/Lose Revolution
19910,29924,Monopoly: Transformers
19913,7249,The Legend of Zelda
19914,4509,Funny Bones
19915,9573,The Dick Tracy Game
19916,9947,The Smurf Game
19917,5649,Rock Trivia
19918,20231,Die Pyramide des Krimsutep
19919,10275,The X-Files Trivia Game
19922,4157,Hail to the Chief
19924,27981,Candy Land Castle
19925,24254,Simulations Canada's Battleship
19927,37847,The Dangerous Book for Boys Game
19929,1653,Coup
19930,63443,Dilbert: Escape from Cubeville
19931,20989,Krusade
19932,246037,Misdirection
19933,198305,Bandits on Mars
19934,13935,7 Deadly Sins
19935,220546,Speak Out: Kids vs Parents
19936,2258,The Stock Market Game
19937,6486,Save the President
19938,23308,Pirates of the Caribbean: Trading Card Game
19939,1126,Car Wars: The Card Game
19940,26768,Stixx
19941,40514,Scrabble Apple
19945,57129,Pop N' Drop Penguins
19946,1939,Kismet
19947,2002,Magical Maze
19948,1178,Sphinx
19950,145842,Monopoly Empire
19951,3175,The ElfQuest Boardgame
19952,88608,Cranium Cards
19954,150162,Pirates vs. Ninjas
19955,141991,Yorsh
19956,169558,Noches de Sangre
19957,171369,Schlafmütze
19959,4596,Ein Nilpferd kommt selten allein
19960,19621,Mental Floss Game
19961,17521,Golf
19962,36380,FATAL
19964,101954,Rollin' Bones: Pirates of the Caribbean (On Stranger Tides) Dice Game
19965,8204,Star Wars: Death Star Assault Game
19966,3753,Estanciero
19967,88881,Zoo Yatzy
19968,14991,Elementalis
19970,194032,Dragon Rapid Fire
19971,12601,NFL Showdown
19972,9805,Habana Taxi
19973,2283,Flip
19974,6228,Rolling Thunder
19975,31508,ReFraze
19976,217007,La Criatura
19977,182865,Engineering Ants
19978,100670,Défis Nature
19980,228687,Champion of Earth
19981,17159,Survivor: The Game
19982,105123,Bananas
19983,2225,Bamboozle
19986,22090,Destruct 3
19987,1191,Card Caper
19988,194575,Lo?a Szyderców
19989,11037,El Capitán Alatriste
19990,5899,Fantasy Adventures
19991,6990,Ultra Ducks
19992,24053,Section X
19994,14361,Trivial Pursuit: Disney – The Animated Picture Edition
19995,13128,Yundao
19996,53373,Kazaam Dice
19997,24137,Monopoly: Pirates of the Caribbean
19998,5532,Where in the USA is Carmen Sandiego?
20001,10094,Weakest Link
20003,32743,Black Stories: Mystery Edition
20004,6994,Scrabble Card Game
20005,21124,Monopoly: Disney Theme Park
20006,21529,Poker Tiles Game
20007,32740,Zakgeldspel
20008,103922,Star Wars: Angriff der Rebellen
20010,5717,Girl Talk
20011,13309,Sicilianos
20012,296420,Bids
20014,39145,GemBlo Pyramid
20015,235534,Pummeleinhorn: Der Kekfe Marathon
20017,122598,Beer & Vikings
20018,100374,Atlantida
20019,166537,RuneCast
20020,136116,Primo
20021,15497,Millionær
20023,158947,Fantasy Dice Battles
20024,199247,Hypnose
20025,280149,Mastabas
20026,148517,S-Evolution
20027,134255,Angry Birds: Star Wars – Jenga Death Star Game
20028,11854,Kameltreiber AG
20029,19484,Wiochmen Rejser
20030,20924,The Guinness Game of Records
20031,236639,Flaming Pyramids
20035,38418,Inwigilacja Luksusowa
20036,18919,Duel Masters: Battle of the Creatures Board Game
20037,206540,Banana Bandits
20038,33169,The Wrong Game
20039,31271,French Military Game
20040,3867,The Hammer of Thor: The Game of Norse Mythology
20041,17755,Schnipp Schnapp
20042,99949,Eragra: The Game of Eras and the First Step
20043,183778,Star Patrol: Carrier Commander
20044,154008,The 7th Dwarf
20045,6152,Stop it!
20046,13918,"Remagen: Bridgehead on the Rhine, March 1945"
20047,4460,Green Ghost
20049,187033,Irrational Game
20051,170395,BoardGameGeek: The Card Game
20052,33292,Operation
20053,82216,Trivial Pursuit: Steal card game
20054,24786,SuDoku: The Card Game
20055,85504,Don't Let the Pigeon Drive the Bus Game!
20056,13886,The Princess and the Pea
20057,259708,Diced Tomatoes
20059,189203,Le Dernier Peuple
20060,40767,Feste Druff
20061,3719,British Square
20062,10625,Håtunaleken
20063,2547,Emperor's Challenge
20064,131389,Castle: The Detective Card Game
20065,2012,Titanic
20066,37224,Huída del Imperio Cobra II
20067,29625,59 Seconds
20068,145401,Crisis: Tokyo
20069,3114,Poleconomy
20070,33906,Komandosi
20072,10744,Corx
20074,13114,8 1/2
20077,111299,I Will Survive
20079,21257,Eat It!
20080,76551,Hirelings: The Ascent
20081,34938,Beware of the Dog
20083,66603,Killer Bunnies and the Ultimate Odyssey
20085,95893,The Impossible Machine
20086,15490,Geni
20087,89956,Ninjago: The Board Game
20088,110511,Fall of the Roman Empire
20090,4038,Skip-Bo Dice
20091,21566,Scene It? Sports powered by ESPN
20092,146596,Logo Party
20094,95705,Urknall: The Big Bang
20095,28650,The Transformers Game
20096,12494,Goodnight Moon
20097,6693,Scooby-Doo! Thrills and Spills
20100,108176,Over Under Game
20101,2656,Inferno
20102,186295,Pick the Lock
20105,32992,Tàin
20106,24988,Lie Detector: The Crime Solving Card Game
20107,1435,4000 A.D.
20108,5181,Operation Cannibal
20109,130823,Titten Ärsche Sonnenschein
20110,10424,Crazy Crocodiles
20111,14990,Troja
20112,29117,Sherpa
20113,6398,Close Encounters of the Third Kind
20114,25167,Project Skyline
20115,168840,Bonje in de stal
20117,2408,Digimon Digital Monsters
20118,11628,Trivial Pursuit: Young Players Edition Master Game
20119,276801,Valhallamas
20121,1409,Spawn: The Game
20123,2426,Hit the Beach
20124,1723,Alpha Omega
20126,40350,XLR8
20127,40886,Heist
20128,3830,Doctor Who: Battle for the Universe
20129,202375,Race
20130,1703,Kula Kula
20133,2866,The London Game
20135,6731,Donkey Kong
20136,10808,BSZZZZ!
20137,195161,Rooster Rush
20138,3160,Holy War
20139,144790,Angry Dice
20140,23970,Pokémon Master Trainer III
20141,3021,Origins
20143,356,Ab die Post!
20144,38577,Monopoly: Clone Wars
20145,207311,Card Rogue
20146,11968,Harry Potter Gnome Toss Card Game
20147,5661,Trivial Pursuit: 1960's Edition
20148,3883,4th Reich: Puremen vs. the Mutants for Control of the World
20149,14379,Harry Potter and the Sorcerer's Stone Mystery at Hogwarts Game
20150,35482,Mini Cat & Mouse
20151,67630,U-Build Sorry!
20152,9153,Monopoly: NASCAR
20156,32679,Hero: Immortal King – The Den of Dementia
20157,14275,Black Molly
20159,3476,Shadowrun: DMZ Downtown Militarized Zone
20160,205876,Azuchi Castle
20161,16860,Kaboodl
20162,29419,Chicken or Egg?
20163,103573,Scurvy Dogs: Pirates and Privateers
20164,42686,Pictureka! Flipper
20165,2352,Treasure Quest
20166,2916,File 13
20167,30364,Those Pesky Garden Gnomes
20168,9559,The Hamburger Game
20169,9581,Into the Forest
20170,4058,Chaos Progenitus
20171,4150,Bakari
20172,16987,Diggity Dog
20173,262381,Amazed: the Game
20175,9454,Double Trouble
20176,5759,Monopoly: Star Trek Limited Edition
20177,16052,Merlin
20178,32828,The Really Nasty Golf Game
20179,13944,Escape The Mad Mummy
20180,7388,Trivia Adventure
20181,6971,Jeopardy! Simpsons Edition
20183,150018,Alternatywy 4
20184,5952,Xena: Warrior Princess CCG
20187,167505,Star Wars Force Grab
20188,112692,Goblins: Epic Death
20189,98350,Kamakura
20190,1517,Ani-Mayhem
20192,9320,Bottles and Bins
20193,6363,Monopoly: World Cup France '98 Edition
20195,12243,Ziff Zoff
20196,39636,Aku Ankka
20197,3849,Red Zone
20198,2635,Finance
20199,3378,The Inventors
20201,6245,Quest for the Dungeonmaster
20202,216906,Across the Iron Curtain
20204,95765,Joe Name It
20205,19456,Frog Game
20206,1488,Trailer Park Gods
20208,14132,Project Pornstar
20209,286126,Monopoly: Socialism
20211,4279,Flux
20213,9607,Enigma
20214,256861,"Yeti, Set, Go!"
20215,26093,Koala
20217,8638,Monopoly Junior: Travel Edition
20219,9160,Neopets TCG
20220,159437,iGranie z Gruzem
20221,5675,The Rolling Moon
20222,6052,Yorktown: The Siege Which Determined the Birth of the United States
20223,5690,Oi! Dat's My Leg!
20227,21652,Silence in Class!
20228,3850,Galactic Empires
20229,124160,The Strategy Game
20235,20624,Captain Bones Gold
20236,3686,Yu-Gi-Oh Millennium Game
20237,6364,Monopoly: Hong Kong
20238,5366,Batman Returns 3-D Board Game
20240,147581,The Rats in the Walls
20242,85286,Skyscrapers
20244,67948,Mahjong Solitaire
20245,11683,Chicken of the Sea
20246,40974,Superpoly
20247,119316,United Square
20248,10518,I Spy Memory Game
20250,21331,Quip It!
20251,8943,Superfection
20253,2823,Finish Lines
20254,168687,Pete the Cat Groovy Buttons Game
20255,158198,MiFuChi
20256,24116,The Game of Life: Pirates of the Caribbean – Dead Man's Chest
20257,7605,The Suicide Bomber Card Game
20261,32849,Cat in The Hat:  I Can do that!
20262,3944,The Honeymooners Game
20263,136494,Jake and the Never Land Pirates: Who Shook Hook?
20264,25950,Masters of the Universe
20265,133334,Where's My Water?
20267,176918,Rotten Apples
20268,2106,Imperium: 3rd Millennium
20269,10414,Poppa's Pizza Topple
20270,6953,Lara Croft: Tomb Raider – The Angel of Darkness
20271,145764,Zero Hour: Survival Horror Card Game
20273,13039,Digimon Digi-Battle Card Game
20274,2566,Die Erbtante
20276,231087,Ducklings: A Game About Parenting!
20277,7860,Simpsons Trading Card Game
20278,15743,Agentenjagd
20279,610,Knights of the Rainbow
20280,32993,Mustang
20281,6194,Home Alone
20282,62861,Drakar och Demoner: Brädspelet
20283,3636,SongBurst 50's & 60's Edition
20285,13982,Sorry!: Pokémon
20286,4864,Scene It?: The DVD Movie Game
20287,7575,Snowball Fight
20288,30009,Solo Dungeon Bash
20289,14459,Monopoly: New Zealand
20291,11167,Brain Quest
20292,148273,Kto z Kim?
20294,11954,Paladin
20295,6851,The Simpsons Mystery of Life
20296,18097,Monopoly: Moscow
20298,185104,Monopoly: Game of Thrones Collector's Edition
20299,67629,U-Build Connect 4
20301,240223,5 sekund bez cenzury
20302,38197,Relic Raiders: Haunted Ruins
20303,5663,WFF 'N PROOF
20304,22265,Don Peperoni
20306,23243,Pirate's Cove: Search for the Treasure Game
20307,129469,Card of the Dead
20309,32680,Hero: Immortal King – The Infernal Forge
20310,5856,The Wonderful World of Disney Trivia Game
20311,4070,Tri-Virsity
20312,117910,Schotten Rennen
20313,19466,Trivial Pursuit: 1980s
20314,264989,Flushin' Frenzy
20317,2515,Pirate Island
20318,31068,Bulp!
20320,9705,More Dirty Minds
20321,1656,Smokers Wild
20322,28674,Akkon: Machtkampf der Tempelritter
20324,10293,En Busca Del Imperio Cobra
20325,4559,Ginny-O
20326,5644,Anera's Arena
20328,39192,Schwarzer Kater
20329,18657,Test Match
20330,18679,Morgan's Revenge
20331,1464,Duo
20332,7463,"'CA' Tactical Naval Warfare in the Pacific, 1941-45"
20333,2782,Vantage
20335,2783,Thieves in the Wood
20337,17520,The Game of Crown and Anchor
20338,128028,CLASH: Jihad vs. McWorld
20339,21866,"Zobmondo!! Would you rather...? Twisted, sick and wrong. Late night."
20340,27675,Monster Maker
20341,214224,Clue: Star Wars
20342,41017,Tuk-Tuk Taxi
20344,23049,Hedbanz for Kids
20345,8211,Great States!
20346,2156,Arch Rival
20347,1648,Kan-U-Go
20349,164339,3 to 4 Headed Monster
20351,3502,Star of the Guardians
20352,20203,Breakout
20353,165283,Battleship
20354,6713,Monopoly: Batman & Robin
20355,86768,Abetto
20356,16380,Mighty Morphin Power Rangers Game
20357,4627,Ultra-Warrior
20358,14951,Danmark-spillet
20359,210179,Yo Fui a EGB: El Juego Oficial
20360,25188,Vorsicht Lehrer!
20361,38353,Monopol: Sverige
20362,3503,Star Quest
20365,1925,Krystal
20366,76362,Celtic Challenge
20367,2793,The Hamsters
20368,4105,The Wheel of Time Collectible Card Game
20369,6436,Echelons of Fury
20370,29599,Scandaroon
20372,204069,Cranium Dark
20373,26204,Spion & Spion
20376,89423,Garbage
20377,3574,Tank! Armored Combat in the 20th Century
20378,172237,UNO Dare!
20379,4117,Ruffhouse
20380,10807,Fishing for Terrorists
20382,26841,Table-MotoGP: The Moto GP Licensed Board Game
20383,194960,Brain Games
20384,28472,Scooby-Doo! Haunted House 3D Board Game
20385,26861,"You Gotta Be Kidding! The Crazy Game of ""Would You Rather...?"""
20386,13260,Clown
20388,121751,Colossal Cave: The Board Game
20390,4456,1862
20391,198450,First to Find
20392,3610,Word Power
20393,1096,Four Real
20394,132320,Monopoly: Doctor Who 50th Anniversary Collectors Edition
20396,171424,Kakerlakak
20399,69796,The Price Is Right Game: DVD Edition
20400,53557,Colorio
20401,47170,The Tower of Mystery
20403,14539,Drakskatten
20404,12238,Switch 16
20405,5662,Word Mastermind
20406,27296,The Game of Life: Fame Edition
20407,3723,Peanut Butter & Jelly Card Game
20408,154753,Ice Cold Ice Hockey
20409,9603,The Emergency! Game
20410,948,Dao
20411,1255,Vegas
20413,11739,Madeline's House
20414,6981,Monopoly Junior: Toy Story
20415,8621,Bible TriBond
20416,69205,High Five!
20417,4933,The Tick: Hip Deep in Evil!
20419,34933,Monopoly Town
20421,32361,Lis Pustyni
20422,3068,Komme Gleich
20423,11200,Cashflow for Kids
20424,25158,Pingo Balance
20425,2598,Tank Battle
20427,316581,Biyi
20430,3910,Harry Potter: Diagon Alley Board Game
20431,32157,The T-Shirt Game
20433,8530,Stampede!
20434,6798,Concentration
20436,785,Dog Eat Dog
20437,50444,Pop to the Shops
20438,8915,Jenga Xtreme
20439,15635,Busungar
20440,5051,"La Grande Armee: Campaigns of Napoleon, 1805-1815"
20441,89071,Saturday Night Live: The Game
20444,4064,Scrabble Up
20445,8097,Ten Commandments Bible Game
20446,26163,The Christmas Game
20447,21095,Mage Master
20448,16973,Genial daneben: Das Spiel
20450,169987,Maximum Throwdown: Overload
20451,15863,Impact
20452,43890,Jenga Max
20454,17457,He & She
20455,251252,Battle of the Sexes
20456,275802,Carnival Zombie: 2nd Edition
20459,9416,Westminster: The Election Game
20460,2435,Reminiscing: The Game For People Over Thirty
20462,67627,U-Build Mouse Trap
20463,36634,Rice Wars
20464,795,Dragonlance
20465,88957,Avatar: The Board Game
20466,3447,The Game of Maze
20467,6010,Phantom Rallye
20468,18618,Capitaly
20469,3889,Ali Baba
20471,1853,Hägar ruft zum Beutefest
20472,1290,Shifti
20474,23684,Crystal Code
20475,3538,Gnome Tribes
20476,249414,Backyard Builders Treehouse
20481,41518,Horrible Histories: Rotten Romans
20482,18104,Banana Express
20484,14131,Casanova
20485,103327,Água: The Water Cycle
20486,159452,"Wake up, Cthulhu!"
20487,159084,Black Market Warehouse
20488,13132,Monopoly Junior: Dig 'n Dinos
20489,232831,Super Mario Bros. Power Up Card Game
20490,6684,Transformers Adventure Game
20491,1443,Alpha Blitz
20494,8599,Monopoly: Star Wars Episode II
20496,10673,Monopoly: America Special Edition
20497,1603,Cortez
20502,1707,Spices of the World
20507,7958,The 80's Game
20509,3840,RIFTS Collectible Card Game
20510,42259,"Admiral Ackbar ""It's a TRAP!"" GAME"
20511,1514,Yali
20512,46746,Monster 4
20513,11484,Dindons & Dragons
20514,3266,Alien Autopsy
20515,38795,Rhino Rampage
20516,154901,The Fittest
20517,125059,Cowtown
20519,2811,Blind Justice
20520,4373,Operation Felix
20521,80836,The Target
20522,12436,Ogre Bash
20523,41857,Zoo Panic
20525,8963,Robot Wars: The Game
20526,235942,Arena: Gladiator League
20527,927,Lift Off
20528,5203,Annihilator / OneWorld
20529,37849,Star Wars Galactic Heroes Game
20531,3306,Hack Attack
20533,29408,Inwigilacja
20536,9475,Backwords
20537,131735,Castles
20539,117784,Army vs. Aliens
20541,6368,King Arthur
20542,866,"Lie, Cheat & Steal"
20543,16723,Crystal Maze
20544,251208,Game Box: Family Feud – Disney Edition
20546,37698,The Laughing Pig
20548,6375,Made for Trade
20549,305980,A Fistful of Gold
20551,2777,Safari
20552,813,Goosebumps: Terror in the Graveyard Game
20553,2280,Marco Polo
20554,14130,Sharur: Evolutions
20555,23346,10
20556,8393,Monopoly: NHL
20557,6868,Hear Me Out
20558,39320,Potions
20561,3835,Turbo
20562,326408,Una Questione di Voto
20563,39789,Zombie Mosh!
20564,28905,Dostihy a sázky
20565,308532,?????? (Illustori)
20566,9410,Aus die Maus!
20567,155464,"The Walking Dead ""Don't Look Back"" Dice Game"
20569,6605,Track
20570,14146,Blow Football
20571,213787,The Terminator: The Official Board Game
20573,16562,Pie Face
20574,7848,Snakes and Ladders 3D
20575,22839,Trivial Pursuit: DVD
20576,39415,Trivial Pursuit: Digital Choice
20577,4282,Greed
20578,33967,Take the Train
20580,5031,Dare!
20581,8337,Wapi
20582,5028,The Game of Life in Monstropolis
20583,899,Movie Mania
20584,18574,Dark Force
20585,11862,Gay Monopoly
20586,228503,Mad Science Expo
20587,3140,Sixmix
20588,146864,NFL Rush Zone
20589,17687,Bernini Mysterie
20592,1437,Trust Me
20593,195455,BOX
20595,24857,Deal or No Deal Card Game
20596,1090,YoYo
20597,15175,Spinning Wishes
20598,15855,Reisen
20600,104527,The Game of Life Adventure Edition
20601,2099,Online: Internet Card Game
20602,76319,Unusual Suspects
20603,21749,Scene It? Squabble
20605,3640,Spy Ring
20606,132203,What Do You Meme?
20608,2144,Ebola Monkey Hunt
20610,189201,Dark Agent
20611,2128,Warlords
20614,9878,Cheers
20615,8676,The Merry Game of Floundering
20616,19888,Master of Movies
20617,152902,Fish or Cut Bait
20618,19378,Doctor Who: The Interactive Electronic Board Game
20619,33112,War
20620,6397,Egyptians
20621,15020,Draw Out
20623,3430,The Three Stooges Card Game
20624,9514,Happy Days
20627,92960,S'mores Card Game
20628,6659,Harry Potter Casting Stones
20629,125461,Cubu
20630,12837,Hedgehog's Revenge!
20633,144236,Antimatter Matters
20635,5234,Sniggle!
20636,17245,Pepper
20637,113490,Yahtzee Flash
20638,7821,Creepy Freaks
20639,10105,Dirty Words
20640,41189,Animal Upon Animal: The Card Game
20641,34129,The Beer Game
20643,258723,ToeShamBo
20644,2033,Reporter
20645,1225,Quest
20646,25475,Whoopies
20647,5166,Express Monopoly Card Game
20648,19571,The Sudoku Game
20650,30640,Rio
20652,28989,Garçon
20653,3488,C-23
20654,32264,Biznes po polsku
20656,5903,Cats' Mansion
20657,116422,Apples to Apples Dice Game
20659,30306,What the F*ck?
20660,12237,Oil: The Great Adventure
20661,200760,YOOLOO
20663,21941,Marvel Heroes Battle Dice
20664,4345,Beer: The  Card Game
20665,8636,The Grape Escape
20666,1482,Ubi
20667,3188,Bionicle: Quest For The Masks CCG
20668,4889,Dizzy Dizzy Dinosaur
20671,5040,Operation Crusader: The 8th Army's Forgotten Victory
20672,20182,Maxi Yatzy
20673,9725,Monopoly: National Parks Edition
20674,34395,Planet Earth DVD Game
20675,180024,500 Malicious Cards
20676,17819,Sin City
20677,6210,On Assignment with National Geographic
20678,7924,Harvest Time
20679,12308,Towers in Time
20680,1497,Dino Hunt
20681,20589,Trivial Pursuit: DVD – Pop Culture 2
20682,61916,Quelf Card Game
20683,137969,Geek Dice
20685,4696,Outwit
20686,138311,Machine of Death: The Game of Creative Assassination
20687,67628,U-Build Battleship
20688,4578,UNO Wild Tiles
20689,180740,Shopkins Supermarket Scramble Game
20692,60870,Schätze des Dunklen Turmes
20693,31298,Man Laws and Woman Rules
20694,5423,Bible Trivia
20696,21881,Family Guy Trivia Game
20697,1964,Campaign
20698,151887,Clusterf**k!
20699,151468,Downton Abbey: The Board Game
20700,20694,Sillage
20701,49010,Clue: Carnival – The Case of the Missing Prizes
20702,11147,Ea$y Money
20704,6474,L-Game
20706,15845,Fantomen
20707,20580,Name That Tune 80's Edition DVD Game
20708,16530,The Apprentice Game
20709,77596,The Enigma of Leonardo
20711,14133,Druids
20713,70502,Doctor Who: The Time Wars Family Board Game
20716,5412,Tomb of Doom
20718,25968,Banzai
20719,184108,Monopoly: Despicable Me
20720,62,Curse of the Mummy's Tomb
20721,10912,Jumpin' Java
20723,8173,Battleship: Tactical Capital Ship Combat 1925-1945
20724,7457,Monopoly: Canadian Edition
20725,263437,Crypto Cartel
20726,8813,Shocking Roulette
20727,7803,O'NO 99
20728,118340,The Hunger Games: Jabberjay Card Game
20729,179266,Flip the Bird
20730,154482,Dream Heist
20731,329641,King of the Pitch
20732,4770,Star Trek: The Next Generation Collectible Dice Game
20733,143869,Something Different
20734,75991,Sorry! Spin
20735,95695,Wiochmen Wesele
20736,12649,NFL-opoly
20737,226878,Outpost: Siberia
20738,1673,Ultimate Golf
20739,3578,BattleBots: Kickbot Arena
20740,2197,Kensington
20742,27668,Apache
20743,6122,Star Wars: Escape the Death Star Action Figure Game
20744,193592,Gas Out
20745,63901,Oh No... Zombies!
20747,30947,Splice  Pirateology Card Game
20748,182252,Darkness Sabotage
20749,6598,Frogger
20750,55,Sophie's World
20753,12996,Quips
20754,24105,The Da Vinci Code Game
20755,2308,Atlantis: Pathways of the Deep
20758,13208,Thin Ice
20759,213871,Yippie Yippie Yeti
20761,8081,The Cat in the Hat Game
20762,17568,Magic Robot Quiz Game
20763,103405,Monopoly: Cars 2 Edition
20765,180459,Wikipedia: The Game About Everything
20766,125765,Rock Paper Scissors Lizard Spock Dice
20768,31615,Fred
20769,6800,"Win, Lose or Draw"
20771,1989,The Peter Principle Game
20772,12557,APBA Basketball
20773,3841,Echelons of Fire
20774,172729,The Game of Life: Despicable Me
20776,1415,Rat Splatter
20777,110962,Shadow Days
20779,2791,Baby Bird Game
20780,34902,Rock!
20781,10325,"Marry, Date or Dump?"
20782,129939,Ha! Ha! Moustache
20783,146253,Angry Sheep
20784,157581,Makin' Bacon
20785,12763,Block It!
20786,2446,Chopper Strike
20787,12826,Tumblin' Monkeys
20788,7563,Jaws
20789,2557,Castle Risk
20790,175090,Game of Crowns
20791,37382,Monopoly: Wonder of The World
20792,12309,Austin Powers CCG
20794,5468,Snap: The Interlocking Dragon-Making Game
20796,7710,Tip-It
20797,155208,Raiders of the Lost Tomb
20799,101420,Ninety-Nine
20800,12511,Artifact
20801,35294,Indiana Jones DVD Adventure Game
20804,80503,Dexter: The Board Game
20805,5566,The Muppet Show Game
20806,36895,The Office Trivia Game
20807,716,Pizza Party
20808,25623,Mmm ... Brains!
20810,137366,Social Network
20811,1731,Tintin
20812,69544,Ik Hou van Holland Spel
20813,4382,Go For It!
20814,10450,Clue Jr.: Case of The Missing Pet
20815,7250,Q*bert
20817,128672,Ricochet Rock Jockeys
20818,7693,Fußball-Bundesliga: Das große Geschäft
20819,4834,Judge for Yourself
20820,3018,The A-Team
20821,7473,Drag Strip!
20826,9090,My First UNO
20827,9545,The Batman Game
20828,7400,LEGO Creator
20831,20140,Sybarit
20833,31794,Robin Hood
20835,10462,Battle of the Sexes
20836,1725,A Nightmare on Elm Street: The Game
20837,3028,By Jove
20838,31111,Picture Dominoes
20840,6231,Pimps and Hos
20841,64875,Yahtzee Hands Down Card Game
20842,11248,The Vampire Game
20843,165600,What The Face?
20844,102859,FURT
20846,5211,Antiques Roadshow: The Game
20847,2036,Time: The Game
20848,10687,Tipsy Tower
20850,165302,King Down
20851,19083,The Fuzztoons
20852,116821,Skip-Bo Dice Game
20853,20135,Spelunke
20854,21528,SuDoku: The Board Game
20855,39564,ego
20856,16985,Gelb gewinnt!
20857,131956,PURGE: Sins of Science
20858,20419,Monopoly Junior: Disney Princess
20859,27961,Risk: Transformers – Cybertron Battle Edition
20860,2868,Eye
20861,2367,Haunted Wood
20862,38001,Black Stories: Das Spiel
20863,22042,Da Vinci's Challenge Card Game
20864,64611,Monopoly Get Out of Jail Mini Game
20865,231082,Hatchimals CollEGGtibles EGGventure Game
20866,4641,Life on the Farm Board Game
20867,4597,Blood Wars
20868,16112,Bamses honungs-jakt
20869,1706,UFO: Game of Close Encounters
20871,10831,Vapor's Gambit
20872,1660,The Cattlemen
20873,5387,Shakin' Sorry
20874,2253,Touring
20875,195205,Goat Lords
20877,5285,Pro Tennis
20878,30456,Touring England
20879,10355,Fore: The Golf Game
20880,2094,4 First Games
20881,15852,Electro
20882,1684,Intern
20883,2693,Bottle Topps
20885,6388,Star Wars: Return of the Jedi – Battle at Sarlacc's Pit
20886,11737,Curious George Match-a-Balloon Game
20887,131914,King's Bounty
20888,259968,What's That Smell?
20890,3004,UNO Dice
20891,3759,Make Your Own Opoly
20892,164,"Before I Kill You, Mister Spy..."
20893,23249,Game of Games
20894,5420,Assassin: The Final Game
20895,2766,Jeopardy!
20896,20281,Inkan Aarre
20897,187801,Star Wars Trivia Game
20899,8499,Bowl and Score
20900,2303,Blast-Off!
20901,32161,Wypas
20902,17597,Suomi Tietopeli
20903,142615,The Jelly Monster Lab
20904,1629,Air War: Modern Tactical Air Combat
20905,18736,CSI: Miami
20906,10925,Tumbling Tower
20907,629,Q-Turn
20908,3715,Gregory Horror Show
20909,19915,Three Men's Morris
20910,39372,The Crazy Cat Lady Game
20911,1333,Boom-O
20912,8133,30 Second Mysteries
20913,4242,Foxbat & Phantom: Tactical Aerial Combat in the 1970's
20914,3606,The Game of Shakespeare
20917,28857,Rail/Road
20918,34390,Bakugan Battle Brawlers
20919,32340,The Golden Compass
20920,7612,The Simpsons Board Game
20922,64608,Kapitan Bomba
20923,88691,The Game of Life: Adventures Card Game
20924,7314,Mystery Date
20927,113200,Angry Birds: On Thin Ice
20928,32124,My Little Pony Hide & Seek
20929,39662,Cash Cab
20931,29505,Monopoly: Banking
20933,201502,Korporacja
20934,2297,U.S. Patent No. 1
20936,66213,Monopoly Revolution
20937,3393,Public Assistance
20938,54239,Mindflex
20939,9852,Clue Jr.: The Case of the Missing Cake
20940,19272,Go Fish!
20941,127748,Alliances
20943,5018,Fishin' Time
20945,40851,Battleship: The Tactical Combat Game
20946,6880,Nix
20947,9938,Smath
20948,35652,Log Jam
20949,2421,Tell Me: The Grand Quiz Game
20950,12532,Abuse: The Final Insult
20951,1865,Astrotime
20952,43340,Kung Fu
20953,198059,Twist of Fate
20954,1001,Vendetta
20956,5775,Electronic Whac-a-Mole
20957,11765,Capt'n W. Kidd
20960,1958,The Game of Nations
20961,208583,Pie Face Showdown
20962,1174,Minister
20963,13792,Tyrannosaurus Rex
20964,2115,Free Parking
20966,3839,UNO Dominos
20968,130240,Monopoly Millionaire
20970,89928,LEGO Banana Balance
20971,145106,Raverun
20972,1467,Abduction
20973,2841,Tennis
20975,2206,Jurassic Park Game
20976,107971,QI the Board Game
20977,6686,Stun
20978,156576,Dragon Line
20979,2707,Alibi
20981,28100,Deluxe Dirty Minds
20982,2120,Looney Tunes Trading Card Game
20983,8916,Jenga: Truth or Dare
20984,9173,Spite
20985,15427,The Worst-Case Scenario Survival Card Game: Travel Edition
20987,5956,South Africa: The Death of Colonialism
20988,286264,The Office: Downsizing Game
20989,66198,U-Build Monopoly
20990,27471,Cálico Electrónico: El juego de cartas
20993,184159,Elefun & Friends Mouse Trap
20994,9079,Das kaufmännische Talent
20995,225208,7th Guest: The Board Game
20996,5116,Kreskin's ESP
20997,5428,Mad Gab Card Game
20999,9540,Advanced Dungeons & Dragons Trivia Game
21000,19513,Labirynt Czarnoksi??nika
21001,94891,Kabaleo
21003,22209,Muumipeli
21004,24258,Pounce!
21005,46745,Lava Dragon
21006,1546,Worlds of Heroes & Tyrants
21007,20647,Fart!
21009,334,Advance to Boardwalk
21011,183521,Monopoly: Star Wars
21012,2957,Trivial Pursuit: The 1980's
21013,130347,Fibber
21014,1424,Book of Lists Game
21015,54559,Bacchus
21017,4812,Rules of the Game
21019,57215,Googly Eyes
21021,19578,Scene It? Harry Potter
21023,1718,Foreign Exchange
21024,103402,Cranium Brain Breaks
21026,26137,Deal or No Deal: Electronic Game
21027,7410,Monty Python and the Holy Grail CCG
21028,13672,Chutes and Ladders VCR
21029,229902,Meme: The Game
21030,3389,Castle Lords
21031,173899,The Sherlock Holmes Puzzle Case
21032,25789,Eragon
21034,30281,Geheime Welt Idhun
21035,5259,Oh Snap!
21036,1867,Curse of the Idol
21037,184922,Poopyhead
21038,25429,Der Dativ ist dem Genitiv sein Tod
21039,3584,World War 3: 1976-1984
21040,27443,Baccarat
21041,5425,MindTrap II
21043,142303,Railways Express
21044,24249,3D Action Snakes and Ladders
21046,15599,Jumbolino
21048,122524,Monopoly Junior: Party
21049,23333,Littlest Pet Shop Game
21050,127798,Express 01
21052,4251,Globopolis
21053,25081,Wyprawa
21054,27335,24 Countdown Game
21056,14383,Wonders of the World
21058,4781,Electronic Talking Battleship
21062,51008,Mr. Bacon's Big Adventure
21064,1969,Point Of Law
21065,2855,Stare!
21066,53376,7
21067,1264,Der Schattendieb
21071,3645,History of the Second World War
21072,19368,Pacardy
21073,1855,Hedbanz for Adults!
21074,10506,Blue Marble
21075,1972,Game of the Year
21077,844,Mausoleum
21078,4068,Rats!
21081,299556,Exploration: Warzone
21082,1574,Tactics II
21083,170954,Stinky Pig Game
21084,30255,Five Little Monkeys Jumping on the Bed
21085,4852,Armada: The War With Spain 1585-1604
21087,133063,The Lord of the Rings: The Complete Trilogy – Adventure Board Game
21088,4693,White Lady
21090,7327,The Lion King
21091,2816,Crossfire
21092,35524,The Princess Bride: Storming the Castle
21093,2540,Beest
21094,752,Maul of America
21095,3547,Survival of the Witless
21096,156350,Hipster Dice
21097,21702,Big Fish Lil' Fish
21099,13703,The Game of Life: Pirates of the Caribbean
21101,16461,POG The Game
21102,39342,Bet Your Brain
21104,150690,Templar Intrigue
21105,2518,Quicksand
21106,2971,Kojak Detective Game
21107,31117,Sudoku Moyo
21108,11863,Rock Paper Scissors
21109,28010,Camp
21110,13416,Tim Burton's The Nightmare Before Christmas Game
21112,38561,Hungry Hungry Hippos Fun on the Run Game
21113,20824,Saint or Sinner?
21115,23959,Piranha Panic
21116,170274,Never Have I Ever: The Game of Poor Life Decisions
21117,2312,Ringgeister
21118,10043,LEGO Racers Super Speedway Game
21119,20801,Sudoku
21120,14708,Battle of the Sexes: IQ Test
21122,43171,Black Stories Junior: White Stories
21123,53804,Cir*Kis
21125,4567,Ripley's Believe It or Not!
21127,47082,"Win, Lose, or Banana"
21128,1963,Risk 'n' Roll 2000
21129,101335,Scrabble DASH
21130,135801,The Hobbit: An Unexpected Journey – The Board Game
21131,23181,The Da Vinci Code Board Game: The Quest for the Truth
21132,3676,Global Pursuit
21133,207848,The World Council
21134,3007,Noteability
21135,242994,Onimaru
21136,27181,"1,000 Places to See Before You Die"
21138,3758,Triopoly
21139,24782,The Amazing Race: DVD Board Game
21141,19811,Mix-max
21143,31936,Sorry! Express
21144,7927,Trivial Pursuit: Junior
21145,287002,Marram
21147,4925,Survivor: The Australian Outback Card Game
21148,10613,Race to the Roof
21149,33198,Osada
21150,271349,Kingsburg: The Dice Game
21152,3048,Trivial Pursuit: Millennium Edition
21153,171090,Monopoly Junior: Disney Frozen
21154,21123,Monopoly: Disney/Pixar
21156,1428,Image
21158,17008,Award Show
21159,167590,New Earth
21161,1436,Billionaire
21162,11824,Spejle Æg
21166,8958,kuuduk
21167,11753,Nim
21168,136249,Voodoo Mania
21169,63379,The Twilight Saga: New Moon – The Movie Board Game
21172,16232,Flying Hats
21173,1175,Movies and Money
21174,1749,Alien Hotshots
21175,202254,The Bird Told Me to Do It
21176,6532,Monopoly: Australian Edition
21177,19990,SuDoku: Das Brettspiel
21178,15268,Trivial Pursuit: Book Lover's Edition
21179,12642,Army of Darkness Card Game
21181,13306,Die Bar-Bolz-Bande: Das Würfelspiel
21182,5260,Star Wars: Jedi Knights CCG
21184,174925,Mr. Game!
21185,64610,Star Wars R2-D2 is in Trouble
21187,13447,Harry Potter and the Sorcerer's Stone The Game
21188,6614,Finans
21189,4189,Star Wars: Episode I – Battle for Naboo 3-D Action Game
21190,14538,Fei Xing Qi
21191,28018,Trivial Pursuit: Disney Edition
21192,27322,Monopoly: Chocolate
21193,16428,Mr. Bucket
21194,149156,Castles
21195,8104,Monopoly: European Edition
21197,5284,Star Trek: The Next Generation Game of the Galaxies
21198,2929,Monopoly: The .com Edition
21200,12276,Hyborian Gates
21201,7462,Jumpin' Monkeys
21204,160541,Paw Patrol Adventure Game
21205,7399,The Allowance Game
21206,8658,Monopoly: French
21207,19614,The Pumpkin King
21211,5591,Clue Jr.: The Case of the Hidden Toys
21212,14191,¥€$ (YES)
21214,8063,Ghettopoly
21215,265316,Black Mirror: NOSEDIVE
21217,4779,Easy Money
21219,1502,Hotel Tycoon
21220,3484,Armada
21222,281,Ostindiska Kompaniet
21223,36745,Simply Ingenious
21224,8009,Where in the World is Carmen Sandiego?
21225,4126,Dixie: The Second War Between the States
21226,7600,Star Trek: The Next Generation
21227,113436,Genegrafter
21230,1959,Myst
21231,1256,Star Wars Episode I: Customizable Card Game
21232,129368,Amber
21233,3320,The Game of Life: A Jedi's Path
21235,24376,Trivial Pursuit: Totally 80s Edition
21236,2356,Scrabble Sentence Cube Game
21237,5472,Monopoly: Millennium
21238,9392,Nya Finans
21239,118339,The Hunger Games: District 12 Strategy Game
21240,26205,Monopoly: Euro
21241,1826,Whatzit?
21242,36973,The Office DVD Board Game
21243,37000,Partini
21244,17965,The Game of Life: Spongebob Squarepants Edition
21246,17062,Batman Begins: Shadow Assault
21247,70329,Conan: el juego de cartas
21249,29099,Pola Naftowe
21250,6387,Mr. Mouth
21251,6764,The Six Million Dollar Man
21253,8432,Sorry! The Disney Edition
21254,41068,Twilight: The Board Game
21255,143508,World War Z: The Game
21257,30485,Big Brain Academy Boardgame
21258,127533,Angry Birds: Space
21260,23946,Na Sygnale
21261,13373,Choco
21264,36611,Monopoly: The Portable Property Trading Game
21266,116593,UNO Dice Game
21267,155582,ERA
21268,5960,Strike Force One: The Cold War Heats Up – 1975
21269,5232,Gnip Gnop
21271,1724,Bureaucracy
21273,308357,Con Sonar!
21274,240142,Dark Legacy: The Rising
21275,1148,Eagle Kingdoms
21276,4355,Therapy
21278,89550,Battle of the Sexes: The Battle Continues
21279,4694,Friends Trivia Game
21280,2166,Wyvern
21282,8598,Monopoly: Star Trek The Next Generation
21283,193141,The Game of Life Junior
21284,1362,Wit's End
21285,128185,Don't Rock the Boat
21286,15832,Cheat
21289,4376,Kings in the Corner
21290,5750,Harry Potter and the Sorcerer's Stone Trivia Game
21292,13782,Trivial Pursuit: SNL DVD Edition
21293,2431,Bargain Hunter
21294,19377,Rock Paper Scissors Game
21296,5959,Scrimmage: Tactical Professional Football
21298,22770,Mad Libs Card Game
21300,2387,Huggermugger
21302,214899,Watch Ya' Mouth
21303,2275,Airlines
21304,27826,What's Yours Like?
21305,337503,Cardiceo
21306,27389,Smart Ass
21307,31,Dark World
21308,1326,MacGregor
21309,16387,3D Tic Tac Toe
21310,3390,Friends
21311,6785,Big Brother: The Game
21312,134815,The Hobbit: An Unexpected Journey – Adventure Board Game
21314,46744,Race 3000
21315,7709,Hands Down
21316,11370,The Civil War
21317,6597,E.T.: The Extra-Terrestrial
21318,3482,Past Lives
21320,4062,Swap!
21321,144557,Where Art Thou Romeo?
21324,172307,The Game of Life (2013- Editions)
21325,32670,Barista
21326,198961,Yeti in My Spaghetti
21327,1095,Mystery on the Nile
21328,1902,Mad Scientist
21329,185154,Wizard School
21331,19409,Mouse Chaos
21332,9516,Adverteasing
21335,3529,Vampire Hunter
21336,139388,Emperor's New Clothes
21337,1510,Class Struggle
21342,1217,Secret Labyrinth
21343,84730,Doggie Doo
21345,3820,Star Fleet Missions
21346,2242,Creatures & Cultists
21347,786,Maxi Bour$e
21348,7422,Mid-Life Crisis
21349,1073,Der Schatz der Inka
21350,23694,Pirates of the Caribbean DVD Treasure Hunt
21351,8031,Citadel Combat Cards
21352,3549,Superpower
21355,154343,Sorry! with Fire & Ice Power-ups
21356,2044,"Non-Violent, Politically-Correct War"
21357,2482,Zaxxon
21359,24000,Monopoly: Nintendo
21360,3696,Channel Surfing
21361,19560,Zathura: Adventure Is Waiting
21362,231954,Legends of the Hidden Temple
21365,3344,Lone Wolf and Cub Game
21366,27190,Battleships
21367,166658,Bakerspeed
21368,137336,Archer: The Danger Zone! Board Game
21369,46747,Magikus
21370,10815,Craps
21373,5029,Monopoly: Star Wars Episode I
21374,14076,The Ladybug Game
21376,29405,Transformers 3D Battle Card Game
21378,93522,Tetris: The Card Game
21380,1837,Word Yahtzee
21381,99918,W.W.B
21382,154174,The Big Bang Theory: Rock! Paper! Scissors! Lizard! Spock! Dice Game
21384,2485,Game of the States
21386,118955,Zombie! Run for Your Lives!
21387,166081,Bucket of Doom
21389,5253,Jack Straws
21390,15064,Pimp: The Backhanding
21392,4110,X-Men Trading Card Game
21393,15278,Law & Order Game
21395,40347,Monopoly: Here and Now – The World Edition
21396,46748,Robo Champ
21399,27960,Wizardology: The Game
21401,3702,Topple
21402,17250,Monopoly: London
21404,17106,Boxes
21405,152488,Funny or Die
21408,12545,The Game of Life: The Simpsons Edition
21409,137550,Story War
21410,2740,Jumbo Jet
21412,8784,Po-Ke-No
21413,2000,True or False
21415,321928,Penalty Challenge
21416,149051,Surprise Slides Game
21417,36783,Jishaku
21419,7584,Electric Football
21421,8633,Monopoly: Disney
21422,9464,Teenage Mutant Ninja Turtles: Pizza Power Game
21423,212436,Big Time Soccer
21424,12422,All Wound Up
21425,5129,The Simpsons: LOSER Takes All!
21426,698,Gother Than Thou
21427,2484,Explore Europe
21429,18044,BreaKey
21431,6284,Shark Attack!
21432,206274,Single Card Game
21433,3122,Doctor Who Collectible Card Game
21434,6668,Bibleopoly
21437,65262,Connect 4 (Revised Edition)
21438,10502,Poker Dice
21439,230864,WTF: (What the Fish!)
21441,9921,Headache
21443,32236,Grzybobranie
21444,180611,Evil Genius: Deathray
21445,3845,Yahtzee Jr.
21446,1147,Outrage! Steal the Crown Jewels
21449,93688,The Sneaky Snacky Squirrel Game
21452,8486,Bed Bugs
21453,53317,Pictureka! Card Game
21455,12746,Dreidel
21458,4165,Spare Time Bowling
21459,8039,Trivial Pursuit: DVD – Pop Culture Game
21461,3419,Star Trek: The Game
21465,4229,Spellfire
21466,6898,Toss Across
21467,115793,The Big Bang Theory: Fact or Fiction Game
21468,3394,Monopoly: The Simpsons
21469,152955,DogFight WW1
21470,29653,The Very Hungry Caterpillar Game
21473,2130,Young Jedi: Collectible Card Game
21474,28718,Kanji Battle
21475,7822,Buffy the Vampire Slayer: The Board Game
21477,24224,Anasazi
21481,28257,Intelligent Design vs. Evolution
21483,18686,Gazdálkodj Okosan!
21484,5788,Battle of the Sexes Card Game
21486,3285,Star Wars: Jedi Unleashed
21489,41259,Ramses Pyramid
21491,240463,Tournament Fishing: The Deckbuilding Game
21492,6552,Cashflow 101
21493,13805,The Lord of the Rings: The Return of the King
21494,3602,Kriegspiel
21496,10709,Tjuv och polis
21499,18901,Monopoly: Here and Now
21500,27959,Pirateology: The Game
21502,204887,Potions Brew
21504,4907,PAC-MAN Game
21505,2980,The Simpsons Trivia Game
21506,2878,ThinkBlot
21507,24783,24 DVD Board Game
21508,240624,Overturn: Rising Sands
21510,10400,Patience
21511,3623,Survivor
21515,13945,Trivial Pursuit: 90's Time Capsule Edition
21516,6485,Quidditch: The Game
21517,258302,Pug You!
21518,126207,Deer in the Headlights Game
21524,7098,Monopoly: Deluxe Edition
21525,126444,The Hobbit Card Game
21527,26696,Monopoly: Star Wars Limited Collector's Edition
21529,3504,Super Deck!
21531,101737,Angry Birds: Card Game
21534,23499,Deal or No Deal
21535,399,Tom Clancy's Politika
21536,4041,Go to the Head of the Class
21537,2688,Battlestar Galactica
21538,4492,Trivial Pursuit: 20th Anniversary Edition
21540,1932,Anti-Monopoly II
21541,2770,Stay Alive
21543,120426,Redshirts
21544,7467,The Lord of the Rings: The Two Towers Board Game
21546,29613,DICEcapades
21547,189489,Grand Bazaar
21552,2979,Bionicle Adventure Game: Quest For Makuta
21554,4122,Electronic Battleship
21557,4845,Star Wars:  Escape From Death Star Game
21558,144110,Oneupmanship: Mine's Bigger
21559,5546,Marbles
21561,4004,Harry Potter and the Sorcerer's Stone Quidditch Card Game
21562,10712,Bondespelet
21564,89962,Angry Birds: Knock on Wood
21565,31145,Are You Smarter Than a 5th Grader?
21567,7308,Rock 'Em Sock 'Em Robots
21568,4910,Wheel of Fortune
21571,7320,Elefun
21572,24067,Dragonology: The Game
21575,42050,Eurobusiness
21577,152758,Penguin
21580,1422,Wadjet
21582,141019,Thermopyles
21583,32032,Monopoly: Electronic Banking
21591,175512,A Chaotic Life!
21592,24985,Mouse Trap
21593,3074,Uncle Wiggily
21594,10715,CSI: Crime Scene Investigation – The Board Game
21596,38558,Pogs
21599,2502,Global Survival
21601,3052,Sim City: The Card Game
21603,2004,Titanic: The Board Game
21605,764,Mad Gab
21606,113819,Tenzi
21608,7601,Urban Myth
21609,23964,The Game of Life (40th Anniversary Edition)
21610,1094,Assassin
21612,4724,The Lord of the Rings: The Fellowship of the Ring
21615,24959,Lost: The Game
21616,15393,Jacks
21617,1511,Outdoor Survival
21618,1748,A Question of Scruples
21619,2272,Aggravation
21620,2952,Trivial Pursuit: Genus Edition
21622,1604,The Mad Magazine Game
21624,13166,Let's Go Fishin'
21625,1824,Trump: The Game
21628,1298,Monopoly: Star Wars
21629,276022,Alien: USCSS Nostromo
21634,2956,Dirty Minds: The Game of Naughty Clues
21638,6283,The Ungame
21639,5130,Afrikan tähti
21644,10816,Blackjack
21647,5749,Simon
21651,5314,Hangman
21652,7262,Top Trumps
21654,2083,Checkers
21660,15549,Roulette
21666,3510,Battle of the Sexes
21680,16398,War
21683,5432,Chutes and Ladders
21926,173,Formula Dé
21926,2802,War in Europe
21926,2883,The Book of Classic Board Games
21926,3042,Survival / The Barbarian
21926,3694,Great Medieval Battles: Four Battles from the Middle Ages
21926,3935,The Art of Siege
21926,3937,Games of Art
21926,4385,A Gamut of Games
21926,4564,Blue & Gray: Four American Civil War Battles
21926,4848,Blue & Gray II
21926,5096,Sly
21926,5811,The Best of Dragon Magazine Games
21926,7159,The Boardgame Book
21926,8070,The Great War in the East: Four World War 1 Battles
21926,8383,Thirty Years War
21926,8436,MechWar 2
21926,9151,Westwall: Four Battles to Germany
21926,10904,New Rules for Classic Games
21926,10973,Dice Games Properly Explained
21926,11054,Four Battles in North Africa
21926,11428,Supermarina I: Command at Sea Volume II
21926,12541,Card Games Around the World
21926,12947,Napoleon at War: Four Battles
21926,13454,Playing With Pyramids
21926,14590,War of the Rebellion
21926,15238,International Cricket
21926,15471,Kokkelimonke Jubileum
21926,16185,Modern Battles: Four Contemporary Conflicts
21926,16186,Modern Battles II: Four Contemporary Conflicts
21926,17728,"Traveller: The Classic Games, Games 1-6+"
21926,18531,The Complete Book of Wargames
21926,20436,Stonehenge: An Anthology Board Game
21926,20741,Abbott's New Card Games
21926,21411,Island War: Four Pacific Battles
21926,22094,A Book of Sandhurst Wargames
21926,22509,Four Battles of Army Group South
21926,22766,Die Siedler von Catan: Das Kartenspiel – 10th Anniversary Special Edition Tin Box
21926,26635,Spicy Dice
21926,32928,Mü and Lots More
21926,33023,Trivial Pursuit: Greatest Hits
21926,39103,Jungle Speed: Deluxe
21926,39786,Heavy Gear Blitz!  Locked & Loaded
21926,47410,Catan Dice Game Deluxe Edition
21926,60153,War of the Ring Collector's Edition
21926,69843,PRESTAGS Master-Pack
21926,70918,Hanabi & Ikebana
21926,134420,The Hobbit: Escape from Goblin Town
21926,134824,Qwirkle Trio
21926,137827,Killer Bunnies and the Quest for the Magic Carrot: Deluxe Limited Edition
21926,140065,San Guo Sha: Complete Edition
21926,140135,Small World Designer Edition
21926,140709,Alhambra: Family Box
21926,140711,Carcassonne Big Box 4
21926,141007,Carcassonne Big Box 3
21926,141008,Carcassonne Big Box 2
21926,142039,Lost Legacy
21926,142057,Carcassonne Big Box
21926,142131,Dominion Big Box (English)
21926,142132,Dominion Big Box (German)
21926,143147,Saboteur Gold
21926,144464,Werwölfe Deluxe
21926,144845,The Games of Middle Earth
21926,145535,Munchkin Special Holiday Edition
21926,147170,El Grande Decennial Edition
21926,147190,Yggdrasil (Second Edition with Asgard Expansion)
21926,149083,Dominion: Special Edition
21926,150446,World in Flames Deluxe Edition
21926,151377,Thurn und Taxis Big Box
21926,152959,The Settlers of Catan (containing 5/6 player expansion)
21926,153703,Darkest Night: Necromancer Bundle
21926,153912,Mystery of the Abbey with The Pilgrims' Chronicles
21926,153967,Wanted! Dead or Alive
21926,154094,Carcassonne Limited Edition
21926,154432,Risk & Castle Risk
21926,154597,Hive Pocket
21926,154883,"Sì, Oscuro Signore! (Seconda edizione)"
21926,155731,Tokaido Collector's Edition
21926,156455,Viticulture: Complete Collector's Edition
21926,157254,Corps Command: Dawn's Early Light – Red Hammer
21926,157723,We Didn't Playtest This at All with Chaos Pack Expansion
21926,157820,Escape: The Curse of the Temple – Big Box
21926,158408,Coup: Deluxe Edition
21926,159500,We Didn't Playtest This Either with Blue Deck and Dice Are Fun Expansions
21926,159517,Get Bit! Collectors Edition
21926,159908,Wilki i Owce (zawiera dodatek Grube Ryby)
21926,160094,?????????: ??????????? ???????
21926,160441,Set Dice
21926,160669,Town Center (Fourth Edition)
21926,162944,Ultimate Werewolf: Deluxe Edition For Kickstarter
21926,163105,Alhambra: Big Box Special Edition
21926,164127,Carcassonne Big Box 5
21926,165332,Puerto Rico + Expansion I
21926,165469,Council of Verona (Second Edition)
21926,165492,The Majority: Complete Edition
21926,171199,Munchkin Legends Deluxe
21926,171905,Orléans: Deluxe Edition
21926,173259,Fallen: Kickstarter Edition
21926,173270,Ogre / G.E.V.
21926,174852,Pandánte (Second Edition)
21926,175619,Prussia 20
21926,175707,Apex Theropod Deck-Building Game: Exotic Predators Limited Edition
21926,176601,Dead of Winter: Tabletop Edition
21926,180845,ELL deck
21926,181209,Mistfall: Kickstarter Edition
21926,181289,Terra Mystica: Big Box
21926,182453,The Game + The Game on Fire
21926,183049,City Council: Deluxe Edition
21926,183750,Magic: The Gathering – Duel Decks Anthology
21926,185817,Metropolia
21926,186567,Baseball Highlights: 2045 – Super Deluxe Edition
21926,186659,Tiny Epic Galaxies: Deluxe Edition
21926,187926,Islebound: Kickstarter Edition
21926,188818,AEG Black Friday Black Box 2015
21926,190553,Munchkin 1+2
21926,191361,Splendor: AsmOPlay Kit
21926,191710,Catan: Big Box
21926,192467,Cat Tower: Kickstarter Edition
21926,192663,Fleet Commander: Genesis
21926,192814,Lobo: 10° Aniversário
21926,193337,Chez Geek 1+2
21926,193927,Vanuatu (Second Edition)
21926,194778,Quartermaster
21926,200430,Elevenses for One (with Bowling Solitaire)
21926,201856,Last Will
21926,202821,The Fool's Journey
21926,203219,Rivals for Catan: Deluxe
21926,203835,Garbage Day: Limited Edition
21926,205960,In the Name of Odin: Kickstarter Edition
21926,206593,Stronghold: Undead (Second Edition) – Kickstarter Edition
21926,207370,Design Town
21926,209872,"Keltis (with Neue Wege, Neue Ziele)"
21926,211323,Im Wandel der Zeiten: Das Kartenspiel
21926,213984,Notre Dame: 10th Anniversary
21926,214000,In the Year of the Dragon: 10th Anniversary
21926,214903,Doggy Go! (includes expansion)
21926,215545,Jackal: Treasure Island
21926,216123,Star Realms Special Edition
21926,216725,Villages of Valeria: Deluxe Kickstarter Edition
21926,219774,Vikings Gone Wild Ultimate Set
21926,222988,Helionox: Deluxe Edition
21926,225836,España 20: La Guerra Peninsular
21926,232894,Escape: The Curse of the Temple – Big Box Second Edition
21926,232900,Anachrony Leader Box
21926,236781,Cerebria: The Inside World – Origin Box
21926,241853,Museum: Kickstarter Edition
21926,245952,Import / Export Captain Edition
21926,246912,Take 5 & Take A Number
21926,247790,Starlight Stage
21926,249703,Gentes: Deluxified Edition
21926,249889,Shipwrights of the North Sea (Second Edition)
21926,251830,Alhambra: Mega Box
21926,255484,World in Flames Collector's Edition Deluxe
21926,255524,Belfort: Edición Limitada
21926,256122,RONE (Second Edition)
21926,257089,Big Trouble in Little China: The Game – Deluxe Edition
21926,257180,Kingdom Builder: Family Box
21926,259134,Adeptus Titanicus: The Horus Heresy Rules Set
21926,260000,Escape Room: The Game (Escape Rooms II)
21926,260126,New Salem: Second Edition
21926,260927,Mississippi Queen
21926,261720,Finca
21926,261901,Tokyo Highway (4 player)
21926,263178,Who Goes There? Deluxe Edition
21926,266219,Tiny Epic Zombies: Deluxe Edition
21926,266447,Greenland (Third Edition)
21926,268191,Dice Throne:  Season Two –  Battle Chest Champion Edition
21926,269980,Catan: Big Box
21926,277405,Fuji Koro: Deluxe
21926,277448,Coloma: Deluxe Edition
21926,277980,Legends Untold: Weeping Caves Novice Set – Kickstarter Edition
21926,279643,The Island of El Dorado: Legend Edition
21926,280430,Crimes in History: H. H. Holmes' Murder Castle
21926,281073,Cat Lady: Premium Edition
21926,283198,Dwar7s Fall Collector's Edition
21926,285998,Tiny Epic Tactics: Deluxe Edition
21926,286326,Edge of Darkness: Guildmaster Edition
21926,288010,Throw Throw Burrito Kickstarter Edition
21926,288316,Rurik: Dawn of Kiev – Kickstarter Edition
21926,288378,Estoril 1942: Super Box
21926,289223,Aquasphere (with Erweiterung expansion)
21926,289843,Madeira Collector's Edition
21926,291105,Escape Room: The Game 2
21926,294508,Saboteur: The Mother Lode Bonus Pack
21926,295260,It's a Wonderful World: Heritage Edition
21926,295503,The Champion of the Wild (Second Edition)
21926,296948,Escape Room: The Game 2
21926,298278,Catan: 25 Jahre Jubiläums-Edition
21926,299122,Machina Arcana (Second Edition): Premium Edition
21926,299815,Trial by Trolley: Derailed Edition
21926,299971,Island Siege: Second Edition
21926,300129,On Tour (Second Edition)
21926,303961,La Spedizione Perduta
21926,305668,Catan: 25th Anniversary Edition
21926,306656,Coup + Reforma
21926,306799,The Silver River: Deluxe Edition
21926,307621,K2: Big Box
21926,308388,Egizia: Shifting Sands – Kickstarter Edition
21926,308762,Mystic Vale: Essential Edition
21926,309109,Die Säulen der Erde
21926,310203,Tiny Epic Pirates: Kickstarter Deluxe Edition
21926,310779,Margraves of Valeria: Kickstarter Edition
21926,313163,Tiny Epic Mechs: Deluxe Edition
21926,313965,Kingswood: Royal Edition
21926,314019,Solar Storm: Deluxe Edition
21926,314349,Claim Pocket
21926,314530,Iwari: Deluxe Edition
21926,314550,Campeones de Midgard: Big Box
21926,315044,The Sherlock Files: Vol II – Curious Capers
21926,315048,Survive: Escape from Atlantis!
21926,315953,Tiny Epic Dinosaurs: Deluxe Edition
21926,316180,Tiny Epic Western: Deluxe Edition
21926,316182,Tiny Epic Defenders (Second Edition): Deluxe Edition
21926,316183,Tiny Epic Quest: Deluxe Edition
21926,317030,Quest: Avalon Big Box Edition
21926,317418,The North: Provenance
21926,318852,Lift Off! Get me off this Planet! Expanded Deluxe Edition
21926,319031,Project L: Kickstarter Edition
21926,319375,Raccoon Tycoon: Deluxe Edition
21926,319422,Everdell: Collector's Edition
21926,321537,Soviet Dawn: The Russian Civil War 1918-1921 – Deluxe Edition
21926,321720,Twisted Fables: Deluxe Edition
21926,323947,Middara: Unintentional Malum – Act 1 Version 1.1
21926,324941,Happy Little Dinosaurs: Exclusive Edition
21926,326869,The Quacks of Quedlinburg: Big Box
21926,327107,Escape Room: The Game 3
21926,327242,Fossilis: Kickstarter Edition
21926,328326,Fleet: The Dice Game (Second Edition)
21926,328636,Chai (Deluxe Edition)
21926,331259,Sleeping Gods: Kickstarter Edition
21926,331992,Steampunk Rally Fusion: Atomic Edition
21926,334310,Hellboy: The Board Game – Deluxe Edition
21926,336847,Tyrants of the Underdark: Board Game
21926,336849,Kemet: Blood and Sand – Kickstarter Edition
21926,336936,L.A.M.A.: 3 Gry w 1
21926,337796,Enchanters: Deluxe Box
21926,338476,Lorenzo il Magnifico + Famiglie del Rinascimento + La Congiura dei Pazzi
21926,338697,CATAN: 3D Edition
